#include "weather_icon_assets.h"

#ifndef WEATHER_ICON_ALIGN
#define WEATHER_ICON_ALIGN __attribute__((aligned(4)))
#endif

static const WEATHER_ICON_ALIGN uint8_t weather_icon_unknown_map[] = {
    0x00,0x00,0x00,0x00,0x00,0x00,0x00,0x00,0x00,0x00,0x00,0x00,0x00,0x00,0x00,0x00,0x00,0x00,0x00,0x00,0x00,0x00,0x00,0x00,
    0x00,0x00,0x00,0x00,0x00,0x00,0x00,0x00,0x00,0x00,0x00,0x00,0x00,0x00,0x00,0x00,0x00,0x00,0x00,0x00,0x00,0x00,0x00,0x00,
    0x00,0x00,0x00,0x00,0x00,0x00,0x00,0x00,0x00,0x00,0x00,0x00,0x00,0x00,0x00,0x00,0x00,0x00,0x00,0x00,0x00,0x00,0x00,0x00,
    0x00,0x00,0x00,0x00,0x00,0x00,0x00,0x00,0x00,0x00,0x00,0x00,0x00,0x00,0x00,0x00,0x00,0x00,0x00,0x00,0x00,0x00,0x00,0x00,
    0x00,0x00,0x00,0x00,0x00,0x00,0x00,0x00,0x00,0x00,0x00,0x00,0x00,0x00,0x00,0x00,0x00,0x00,0x00,0x00,0x00,0x00,0x00,0x00,
    0x00,0x00,0x00,0x00,0x00,0x00,0x00,0x00,0x00,0x00,0x00,0x00,0x00,0x00,0x00,0x00,0x00,0x00,0x00,0x00,0x00,0x00,0x00,0x00,
    0x00,0x00,0x00,0x00,0x00,0x00,0x00,0x00,0x00,0x00,0x00,0x00,0x00,0x00,0x00,0x00,0x00,0x00,0x00,0x00,0x00,0x00,0x00,0x00,
    0x00,0x00,0x00,0x00,0x00,0x00,0x00,0x00,0x00,0x00,0x00,0x00,0x00,0x00,0x00,0x00,0x00,0x00,0x00,0x00,0x00,0x00,0x00,0x00,
    0x00,0x00,0x00,0x00,0x00,0x00,0x00,0x00,0x00,0x00,0x00,0x00,0x00,0x00,0x00,0x00,0x00,0x00,0x00,0x00,0x00,0x00,0x00,0x00,
    0x00,0x00,0x00,0x00,0x00,0x00,0x00,0x00,0x00,0x00,0x00,0x00,0x00,0x00,0x00,0x00,0x00,0x00,0x00,0x00,0x00,0x00,0x00,0x00,
    0x00,0x00,0x00,0x00,0x00,0x00,0x00,0x00,0x00,0x00,0x00,0x00,0x00,0x00,0x00,0x00,0x00,0x00,0x00,0x00,0x00,0x00,0x00,0x00,
    0x00,0x00,0x00,0x00,0x00,0x00,0x00,0x00,0x00,0x00,0x00,0x00,0x00,0x00,0x00,0x00,0x00,0x00,0x00,0x00,0x00,0x00,0x00,0x00,
    0x00,0x00,0x00,0x00,0x00,0x00,0x00,0x00,0x00,0x00,0x00,0x00,0x00,0x00,0x00,0x00,0x00,0x00,0x00,0x00,0x00,0x00,0x00,0x00,
    0x00,0x00,0x00,0x00,0x00,0x00,0x00,0x00,0x00,0x00,0x00,0x00,0x00,0x00,0x00,0x00,0x00,0x00,0x00,0x00,0x00,0x00,0x00,0x00,
    0x00,0x00,0x00,0x00,0x00,0x00,0x00,0x00,0x00,0x00,0x00,0x00,0x00,0x00,0x00,0x00,0x00,0x00,0x00,0x00,0x00,0x00,0x00,0x00,
    0x00,0x00,0x00,0x00,0x00,0x00,0x00,0x00,0x00,0x00,0x00,0x00,0x00,0x00,0x00,0x00,0x00,0x00,0x00,0x00,0x00,0x00,0x00,0x00,
    0x00,0x00,0x00,0x00,0x00,0x00,0x00,0x00,0x00,0x00,0x00,0x00,0x00,0x00,0x00,0x00,0x00,0x00,0x00,0x00,0x00,0x00,0x00,0x00,
    0x00,0x00,0x00,0x00,0x00,0x00,0x00,0x00,0x00,0x00,0x00,0x00,0x00,0x00,0x00,0x00,0x00,0x00,0x00,0x00,0x00,0x00,0x00,0x00,
    0x00,0x00,0x00,0x00,0x00,0x00,0x00,0x00,0x00,0x00,0x00,0x00,0x00,0x00,0x00,0x00,0x00,0x00,0x00,0x00,0x00,0x00,0x00,0x00,
    0x00,0x00,0x00,0x00,0x00,0x00,0x00,0x00,0x00,0x00,0x00,0x00,0x00,0x00,0x00,0x00,0x00,0x00,0x00,0x00,0x00,0x00,0x00,0x00,
    0x00,0x00,0x00,0x00,0x00,0x00,0x00,0x00,0x00,0x00,0x00,0x00,0x00,0x00,0x00,0x00,0x00,0x00,0x00,0x00,0x00,0x00,0x00,0x00,
    0x00,0x00,0x00,0x00,0x00,0x00,0x00,0x00,0x00,0x00,0x00,0x00,0x00,0x00,0x00,0x00,0x00,0x00,0x00,0x00,0x00,0x00,0x00,0x00,
    0x00,0x00,0x00,0x00,0x00,0x00,0x00,0x00,0x00,0x00,0x00,0x00,0x00,0x00,0x00,0x00,0x00,0x00,0x00,0x00,0x00,0x00,0x00,0x00,
    0x00,0x00,0x00,0x00,0x00,0x00,0x00,0x00,0x00,0x00,0x00,0x00,0x00,0x00,0x00,0x00,0x00,0x00,0x00,0x00,0x00,0x00,0x00,0x00,
    0x00,0x00,0x00,0x00,0x00,0x00,0x00,0x00,0x00,0x00,0x00,0x00,0x00,0x00,0x00,0x00,0x00,0x00,0x00,0x00,0x00,0x00,0x00,0x00,
    0x00,0x00,0x00,0x00,0x00,0x00,0x00,0x00,0x00,0x00,0x00,0x00,0x00,0x00,0x00,0x00,0x00,0x00,0x00,0x00,0x00,0x00,0x00,0x00,
    0x00,0x00,0x00,0x00,0x00,0x00,0x00,0x00,0x00,0x00,0x00,0x00,0x00,0x00,0x00,0x00,0x00,0x00,0x00,0x00,0x00,0x00,0x00,0x00,
    0x00,0x00,0x00,0x00,0x00,0x00,0x00,0x00,0x00,0x00,0x00,0x00,0x00,0x00,0x00,0x00,0x00,0x00,0x00,0x00,0x00,0x00,0x00,0x00,
    0x00,0x00,0x00,0x00,0x00,0x00,0x00,0x00,0x00,0x00,0x00,0x00,0x00,0x00,0x00,0x00,0x00,0x00,0x00,0x00,0x00,0x00,0x00,0x00,
    0x00,0x00,0x00,0x00,0x00,0x00,0x00,0x00,0x00,0x00,0x00,0x00,0x00,0x00,0x00,0x00,0x00,0x00,0x00,0x00,0x00,0x00,0x00,0x00,
    0x00,0x00,0x00,0x00,0x00,0x00,0x00,0x00,0x00,0x00,0x00,0x00,0x00,0x00,0x00,0x00,0x00,0x00,0x00,0x00,0x00,0x00,0x00,0x00,
    0x00,0x00,0x00,0x00,0x00,0x00,0x00,0x00,0x00,0x00,0x00,0x00,0x00,0x00,0x00,0x00,0x00,0x00,0x00,0x00,0x00,0x00,0x00,0x00,
    0x00,0x00,0x00,0x00,0x00,0x00,0x00,0x00,0x00,0x00,0x00,0x00,0x00,0x00,0x00,0x00,0x00,0x00,0x00,0x00,0x00,0x00,0x00,0x00,
    0x00,0x00,0x00,0x00,0x00,0x00,0x00,0x00,0x00,0x00,0x00,0x00,0x00,0x00,0x00,0x00,0x00,0x00,0x00,0x00,0x00,0x00,0x00,0x00,
    0x00,0x00,0x00,0x00,0x00,0x00,0x00,0x00,0x00,0x00,0x00,0x00,0x00,0x00,0x00,0x00,0x00,0x00,0x00,0x00,0x00,0x00,0x00,0x00,
    0x00,0x00,0x00,0x00,0x00,0x00,0x00,0x00,0x00,0x00,0x00,0x00,0x00,0x00,0x00,0x00,0x00,0x00,0x00,0x00,0x00,0x00,0x00,0x00,
    0x00,0x00,0x00,0x00,0x00,0x00,0x00,0x00,0x00,0x00,0x00,0x00,0x00,0x00,0x00,0x00,0x00,0x00,0x00,0x00,0x00,0x00,0x00,0x00,
    0x00,0x00,0x00,0x00,0x00,0x00,0x00,0x00,0x00,0x00,0x00,0x00,0x00,0x00,0x00,0x00,0x00,0x00,0x00,0x00,0x00,0x00,0x00,0x00,
    0x00,0x00,0x00,0x00,0x00,0x00,0x00,0x00,0x00,0x00,0x00,0x00,0x00,0x00,0x00,0x00,0x00,0x00,0x00,0x00,0x00,0x00,0x00,0x00,
    0x00,0x00,0x00,0x00,0x00,0x00,0x00,0x00,0x00,0x00,0x00,0x00,0x00,0x00,0x00,0x00,0x00,0x00,0x00,0x00,0x00,0x00,0x00,0x00,
    0x00,0x00,0x00,0x00,0x00,0x00,0x00,0x00,0x00,0x00,0x00,0x00,0x00,0x00,0x00,0x00,0x00,0x00,0x00,0x00,0x00,0x00,0x00,0x00,
    0x00,0x00,0x00,0x00,0x00,0x00,0x00,0x00,0x00,0x00,0x00,0x00,0x00,0x00,0x00,0x00,0x00,0x00,0x00,0x00,0x00,0x00,0x00,0x00,
    0x00,0x00,0x00,0x00,0x00,0x00,0x00,0x00,0x00,0x00,0x00,0x00,0x00,0x00,0x00,0x00,0x00,0x00,0x00,0x00,0x00,0x00,0x00,0x00,
    0x00,0x00,0x00,0x00,0x00,0x00,0x00,0x00,0x00,0x00,0x00,0x00,0x00,0x00,0x00,0x00,0x00,0x00,0x00,0x00,0x00,0x00,0x00,0x00,
    0x00,0x00,0x00,0x00,0x00,0x00,0x00,0x00,0x00,0x00,0x00,0x00,0x00,0x00,0x00,0x00,0x00,0x00,0x00,0x00,0x00,0x00,0x00,0x00,
    0x00,0x00,0x00,0x00,0x00,0x00,0x00,0x00,0x00,0x00,0x00,0x00,0x00,0x00,0x00,0x00,0x00,0x00,0x00,0x00,0x00,0x00,0x00,0x00,
    0x00,0x00,0x00,0x00,0x00,0x00,0x00,0x00,0x00,0x00,0x00,0x00,0x00,0x00,0x00,0x00,0x00,0x00,0x00,0x00,0x00,0x00,0x00,0x00,
    0x00,0x00,0x00,0x00,0x00,0x00,0x00,0x00,0x00,0x00,0x00,0x00,0x00,0x00,0x00,0x00,0x00,0x00,0x00,0x00,0x00,0x00,0x00,0x00,
    0x00,0x00,0x00,0x00,0x00,0x00,0x00,0x00,0x00,0x00,0x00,0x00,0x00,0x00,0x00,0x00,0x00,0x00,0x00,0x00,0x00,0x00,0x00,0x00,
    0x00,0x00,0x00,0x00,0x00,0x00,0x00,0x00,0x00,0x00,0x00,0x00,0x00,0x00,0x00,0x00,0x00,0x00,0x00,0x00,0x00,0x00,0x00,0x00,
    0x00,0x00,0x00,0x00,0x00,0x00,0x00,0x00,0x00,0x00,0x00,0x00,0x00,0x00,0x00,0x00,0x00,0x00,0x00,0x00,0x00,0x00,0x00,0x00,
    0x00,0x00,0x00,0x00,0x00,0x00,0x00,0x00,0x00,0x00,0x00,0x00,0x00,0x00,0x00,0x00,0x00,0x00,0x00,0x00,0x00,0x00,0x00,0x00,
    0x00,0x00,0x00,0x00,0x00,0x00,0x00,0x00,0x00,0x00,0x00,0x00,0x00,0x00,0x00,0x00,0x00,0x00,0x00,0x00,0x00,0x00,0x00,0x00,
    0x00,0x00,0x00,0x00,0x00,0x00,0x00,0x00,0x00,0x00,0x00,0x00,0x00,0x00,0x00,0x00,0x00,0x00,0x00,0x00,0x00,0x00,0x00,0x00,
    0x00,0x00,0x00,0x00,0x00,0x00,0x00,0x00,0x00,0x00,0x00,0x00,0x00,0x00,0x00,0x00,0x00,0x00,0x00,0x00,0x00,0x00,0x00,0x00,
    0x00,0x00,0x00,0x00,0x00,0x00,0x00,0x00,0x00,0x00,0x00,0x00,0x00,0x00,0x00,0x00,0x00,0x00,0x00,0x00,0x00,0x00,0x00,0x00,
    0x00,0x00,0x00,0x00,0x00,0x00,0x00,0x00,0x00,0x00,0x00,0x00,0x00,0x00,0x00,0x00,0x00,0x00,0x00,0x00,0x00,0x00,0x00,0x00,
    0x00,0x00,0x00,0x00,0x00,0x00,0x00,0x00,0x00,0x00,0x00,0x00,0x00,0x00,0x00,0x00,0x00,0x00,0x00,0x00,0x00,0x00,0x00,0x00,
    0x00,0x00,0x00,0x00,0x00,0x00,0x00,0x00,0x00,0x00,0x00,0x00,0x00,0x00,0x00,0x00,0x00,0x00,0x00,0x00,0x00,0x00,0x00,0x00,
    0x00,0x00,0x00,0x00,0x00,0x00,0x00,0x00,0x00,0x00,0x00,0x00,0x00,0x00,0x00,0x00,0x00,0x00,0x00,0x00,0x00,0x00,0x00,0x00,
    0x00,0x00,0x00,0x00,0x00,0x00,0x00,0x00,0x00,0x00,0x00,0x00,0x00,0x00,0x00,0x00,0x00,0x00,0x00,0x00,0x00,0x00,0x00,0x00,
    0x00,0x00,0x00,0x00,0x00,0x00,0x00,0x00,0x00,0x00,0x00,0x00,0x00,0x00,0x00,0x00,0x00,0x00,0x00,0x00,0x00,0x00,0x00,0x00,
    0x00,0x00,0x00,0x00,0x00,0x00,0x00,0x00,0x00,0x00,0x00,0x00,0x00,0x00,0x00,0x00,0x00,0x00,0x00,0x00,0x00,0x00,0x00,0x00,
    0x00,0x00,0x00,0x00,0x00,0x00,0x00,0x00,0x00,0x00,0x00,0x00,0x00,0x00,0x00,0x00,0x00,0x00,0x00,0x00,0x00,0x00,0x00,0x00,
    0x00,0x00,0x00,0x00,0x00,0x00,0x00,0x00,0x00,0x00,0x00,0x00,0x00,0x00,0x00,0x00,0x00,0x00,0x00,0x00,0x00,0x00,0x00,0x00,
    0x00,0x00,0x00,0x00,0x00,0x00,0x00,0x00,0x00,0x00,0x00,0x00,0x00,0x00,0x00,0x00,0x00,0x00,0x00,0x00,0x00,0x00,0x00,0x00,
    0x00,0x00,0x00,0x00,0x00,0x00,0x00,0x00,0x00,0x00,0x00,0x00,0x00,0x00,0x00,0x00,0x00,0x00,0x00,0x00,0x00,0x00,0x00,0x00,
    0x00,0x00,0x00,0x00,0x00,0x00,0x00,0x00,0x00,0x00,0x00,0x00,0x00,0x00,0x00,0x00,0x00,0x00,0x00,0x00,0x00,0x00,0x00,0x00,
    0x00,0x00,0x00,0x00,0x00,0x00,0x00,0x00,0x00,0x00,0x00,0x00,0x00,0x00,0x00,0x00,0x00,0x00,0x00,0x00,0x00,0x00,0x00,0x00,
    0x00,0x00,0x00,0x00,0x00,0x00,0x00,0x00,0x00,0x00,0x00,0x00,0x00,0x00,0x00,0x00,0x00,0x00,0x00,0x00,0x00,0x00,0x00,0x00,
    0x00,0x00,0x00,0x00,0x00,0x00,0x00,0x00,0x00,0x00,0x00,0x00,0x00,0x00,0x00,0x00,0x00,0x00,0x00,0x00,0x00,0x00,0x00,0x00,
    0x00,0x00,0x00,0x00,0x00,0x00,0x00,0x00,0x00,0x00,0x00,0x00,0x00,0x00,0x00,0x00,0x00,0x00,0x00,0x00,0x00,0x00,0x00,0x00,
    0x00,0x00,0x00,0x00,0x00,0x00,0x00,0x00,0x00,0x00,0x00,0x00,0x00,0x00,0x00,0x00,0x00,0x00,0x00,0x00,0x00,0x00,0x00,0x00,
    0x00,0x00,0x00,0x00,0x00,0x00,0x00,0x00,0x00,0x00,0x00,0x00,0x00,0x00,0x00,0x00,0x00,0x00,0x00,0x00,0x00,0x00,0x00,0x00,
    0x00,0x00,0x00,0x00,0x00,0x00,0x00,0x00,0x00,0x00,0x00,0x00,0x00,0x00,0x00,0x00,0x00,0x00,0x00,0x00,0x00,0x00,0x00,0x00,
    0x00,0x00,0x00,0x00,0x00,0x00,0x00,0x00,0x00,0x00,0x00,0x00,0x00,0x00,0x00,0x00,0x00,0x00,0x00,0x00,0x00,0x00,0x00,0x00,
    0x00,0x00,0x00,0x00,0x00,0x00,0x00,0x00,0x00,0x00,0x00,0x00,0x00,0x00,0x00,0x00,0x00,0x00,0x00,0x00,0x00,0x00,0x00,0x00,
    0x00,0x00,0x00,0x00,0x00,0x00,0x00,0x00,0x00,0x00,0x00,0x00,0x00,0x00,0x00,0x00,0x00,0x00,0xff,0xff,0xff,0xff,0xff,0xff,
    0x00,0x00,0x00,0x00,0x00,0x00,0x00,0x00,0x00,0x00,0x00,0x00,0x00,0x00,0x00,0x00,0x00,0x00,0x00,0x00,0x00,0x00,0x00,0x00,
    0x00,0x00,0x00,0x00,0x00,0x00,0x00,0x00,0x00,0x00,0x00,0x00,0x00,0x00,0x00,0x00,0x00,0x00,0x00,0x00,0x00,0x00,0x00,0x00,
    0x00,0x00,0x00,0x00,0x00,0x00,0x00,0x00,0x00,0x00,0x00,0x00,0x00,0x00,0x00,0x00,0x00,0x00,0x00,0x00,0x00,0x00,0x00,0x00,
    0x00,0x00,0x00,0x00,0x00,0x00,0x00,0x00,0x00,0x00,0x00,0x00,0x00,0x00,0x00,0x00,0x00,0x00,0x00,0x00,0x00,0x00,0x00,0x00,
    0x00,0x00,0x00,0x00,0x00,0x00,0x00,0x00,0x00,0x00,0x00,0x00,0x00,0x00,0x00,0x00,0x00,0x00,0x1f,0x00,0x5f,0xad,0x5f,0xad,
    0x00,0x00,0x00,0x00,0x00,0x00,0x00,0x00,0x55,0xad,0xf7,0x7d,0xff,0xff,0x00,0x00,0x00,0x00,0x00,0x00,0x00,0x00,0x00,0x00,
    0x00,0x00,0x00,0x00,0x00,0x00,0x00,0x00,0x00,0x00,0x00,0x00,0x00,0x00,0x00,0x00,0x00,0x00,0x00,0x00,0x00,0x00,0x00,0x00,
    0x00,0x00,0x00,0x00,0x00,0x00,0x00,0x00,0x00,0x00,0x00,0x00,0x00,0x00,0x00,0x00,0x00,0x00,0x00,0x00,0x00,0x00,0x00,0x00,
    0x00,0x00,0x00,0x00,0x00,0x00,0x00,0x00,0x00,0x00,0x00,0x00,0x00,0x00,0x00,0x00,0x00,0x00,0x00,0x00,0x00,0x00,0x00,0x00,
    0x00,0x00,0x00,0x00,0x00,0x00,0x00,0x00,0x00,0x00,0x00,0x00,0x00,0x00,0x00,0x00,0x00,0x00,0x00,0x00,0x00,0x00,0x00,0x00,
    0x55,0xad,0x00,0x00,0x00,0x00,0x00,0x00,0x55,0xad,0xf9,0x9d,0x79,0x9d,0x58,0xad,0x00,0x00,0x00,0x00,0x00,0x00,0x55,0xad,
    0x00,0x00,0x00,0x00,0x00,0x00,0x00,0x00,0x00,0x00,0x00,0x00,0x00,0x00,0x00,0x00,0x00,0x00,0x00,0x00,0x00,0x00,0x00,0x00,
    0x00,0x00,0x00,0x00,0x00,0x00,0x00,0x00,0x00,0x00,0x00,0x00,0x00,0x00,0x00,0x00,0x00,0x00,0x00,0x00,0x00,0x00,0x00,0x00,
    0x00,0x00,0x00,0x00,0x00,0x00,0x00,0x00,0x00,0x00,0x00,0x00,0x00,0x00,0x00,0x00,0x00,0x00,0x00,0x00,0x00,0x00,0x00,0x00,
    0x00,0x00,0x00,0x00,0x00,0x00,0x00,0x00,0x00,0x00,0x00,0x00,0x00,0x00,0x00,0x00,0x00,0x00,0x00,0x00,0x00,0x00,0x00,0x00,
    0x00,0x00,0x00,0x00,0x00,0x00,0x55,0xad,0x00,0x00,0x55,0x7d,0x57,0x95,0x57,0x9d,0x37,0x95,0x37,0x95,0x17,0x95,0x37,0x95,
    0x37,0x95,0x57,0x9d,0x17,0x95,0x00,0x00,0xff,0xff,0xff,0xff,0x00,0x00,0x00,0x00,0x00,0x00,0x00,0x00,0x00,0x00,0x00,0x00,
    0x00,0x00,0x00,0x00,0x00,0x00,0x00,0x00,0x00,0x00,0x00,0x00,0x00,0x00,0x00,0x00,0x00,0x00,0x00,0x00,0x00,0x00,0x00,0x00,
    0x00,0x00,0x00,0x00,0x00,0x00,0x00,0x00,0x00,0x00,0x00,0x00,0x00,0x00,0x00,0x00,0x00,0x00,0x00,0x00,0x00,0x00,0x00,0x00,
    0x00,0x00,0x00,0x00,0x00,0x00,0x00,0x00,0x00,0x00,0x00,0x00,0x00,0x00,0x00,0x00,0x00,0x00,0x00,0x00,0x00,0x00,0x00,0x00,
    0x00,0x00,0x00,0x00,0x00,0x00,0x00,0x00,0x00,0x00,0x00,0x00,0xff,0xff,0x00,0x00,0x16,0x95,0x57,0x9d,0x78,0x9d,0x78,0x9d,
    0x57,0x9d,0x37,0x95,0x37,0x95,0x37,0x9d,0x78,0x9d,0x78,0x9d,0x37,0x9d,0x37,0x95,0x00,0x00,0x00,0x00,0xef,0x7b,0x00,0x00,
    0x00,0x00,0x00,0x00,0x00,0x00,0x00,0x00,0x00,0x00,0x00,0x00,0x00,0x00,0x00,0x00,0x00,0x00,0x00,0x00,0x00,0x00,0x00,0x00,
    0x00,0x00,0x00,0x00,0x00,0x00,0x00,0x00,0x00,0x00,0x00,0x00,0x00,0x00,0x00,0x00,0x00,0x00,0x00,0x00,0x00,0x00,0x00,0x00,
    0x00,0x00,0x00,0x00,0x00,0x00,0x00,0x00,0x00,0x00,0x00,0x00,0x00,0x00,0x00,0x00,0x00,0x00,0x00,0x00,0x00,0x00,0x00,0x00,
    0x00,0x00,0x00,0x00,0x00,0x00,0x00,0x00,0x00,0x00,0x00,0x00,0x00,0x00,0x00,0x00,0xff,0xff,0xff,0xff,0x00,0x00,0x37,0x95,
    0x58,0x9d,0x57,0x9d,0x16,0x95,0x16,0x95,0x17,0x95,0x16,0x95,0x16,0x95,0x17,0x95,0x17,0x95,0x16,0x95,0x37,0x95,0x78,0xa5,
    0x37,0x95,0xd5,0x8c,0x00,0x00,0xef,0x7b,0x00,0x00,0x00,0x00,0x00,0x00,0x00,0x00,0x00,0x00,0x00,0x00,0x00,0x00,0x00,0x00,
    0x00,0x00,0x00,0x00,0x00,0x00,0x00,0x00,0x00,0x00,0x00,0x00,0x00,0x00,0x00,0x00,0x00,0x00,0x00,0x00,0x00,0x00,0x00,0x00,
    0x00,0x00,0x00,0x00,0x00,0x00,0x00,0x00,0x00,0x00,0x00,0x00,0x00,0x00,0x00,0x00,0x00,0x00,0x00,0x00,0x00,0x00,0x00,0x00,
    0x00,0x00,0x00,0x00,0x00,0x00,0x00,0x00,0x00,0x00,0x00,0x00,0x00,0x00,0x00,0x00,0x00,0x00,0x00,0x00,0x00,0x00,0x00,0x00,
    0xff,0xaf,0xff,0xff,0x16,0x95,0x99,0xa5,0x17,0x95,0x16,0x95,0x17,0x95,0x17,0x95,0x17,0x95,0x17,0x95,0x17,0x95,0x17,0x95,
    0x17,0x95,0x17,0x95,0x16,0x95,0x16,0x95,0x98,0xa5,0x37,0x95,0x17,0x95,0xef,0x7b,0xff,0xff,0x00,0x00,0x00,0x00,0x00,0x00,
    0x00,0x00,0x00,0x00,0x00,0x00,0x00,0x00,0x00,0x00,0x00,0x00,0x00,0x00,0x00,0x00,0x00,0x00,0x00,0x00,0x00,0x00,0x00,0x00,
    0x00,0x00,0x00,0x00,0x00,0x00,0x00,0x00,0x00,0x00,0x00,0x00,0x00,0x00,0x00,0x00,0x00,0x00,0x00,0x00,0x00,0x00,0x00,0x00,
    0x00,0x00,0x00,0x00,0x00,0x00,0x00,0x00,0x00,0x00,0x00,0x00,0x00,0x00,0x00,0x00,0x00,0x00,0x00,0x00,0x00,0x00,0x00,0x00,
    0x00,0x00,0xff,0xff,0xff,0xff,0xf7,0xbd,0x00,0x00,0x16,0x95,0x99,0xa5,0x17,0x95,0x17,0x95,0x17,0x95,0x17,0x95,0x17,0x95,
    0x17,0x95,0x17,0x95,0x17,0x95,0x17,0x95,0x17,0x95,0x17,0x95,0x17,0x95,0x17,0x95,0x16,0x95,0x98,0xa5,0x17,0x95,0x00,0x00,
    0x55,0xad,0x00,0x00,0x00,0x00,0x00,0x00,0x00,0x00,0x00,0x00,0x00,0x00,0x00,0x00,0x00,0x00,0x00,0x00,0x00,0x00,0x00,0x00,
    0x00,0x00,0x00,0x00,0x00,0x00,0x00,0x00,0x00,0x00,0x00,0x00,0x00,0x00,0x00,0x00,0x00,0x00,0x00,0x00,0x00,0x00,0x00,0x00,
    0x00,0x00,0x00,0x00,0x00,0x00,0x00,0x00,0x00,0x00,0x00,0x00,0x00,0x00,0x00,0x00,0x00,0x00,0x00,0x00,0x00,0x00,0x00,0x00,
    0x00,0x00,0x00,0x00,0xff,0xff,0xff,0xff,0xff,0xff,0x00,0x00,0x00,0x00,0x00,0x00,0x16,0x95,0x57,0x9d,0x37,0x95,0x16,0x95,
    0x17,0x95,0x17,0x95,0x17,0x95,0x17,0x95,0x17,0x95,0x17,0x95,0x17,0x95,0x17,0x95,0x17,0x95,0x17,0x95,0x17,0x95,0x17,0x95,
    0x17,0x95,0x16,0x95,0x78,0x9d,0x16,0x95,0x00,0x00,0x55,0xad,0x00,0x00,0x00,0x00,0x00,0x00,0x00,0x00,0x00,0x00,0x00,0x00,
    0x00,0x00,0x00,0x00,0x00,0x00,0x00,0x00,0x00,0x00,0x00,0x00,0x00,0x00,0x00,0x00,0x00,0x00,0x00,0x00,0x00,0x00,0x00,0x00,
    0x00,0x00,0x00,0x00,0x00,0x00,0x00,0x00,0x00,0x00,0x00,0x00,0x00,0x00,0x00,0x00,0x00,0x00,0x00,0x00,0x00,0x00,0x00,0x00,
    0x00,0x00,0x00,0x00,0x00,0x00,0x00,0x00,0x00,0x00,0xff,0xff,0x00,0x00,0x00,0x00,0x00,0x00,0x7d,0xdf,0x3e,0xd7,0x3c,0xdf,
    0x37,0x95,0x78,0x9d,0x16,0x95,0x17,0x95,0x17,0x95,0x17,0x95,0x17,0x95,0x17,0x95,0x17,0x95,0x17,0x95,0x17,0x95,0x17,0x95,
    0x17,0x95,0x17,0x95,0x17,0x95,0x17,0x95,0x17,0x95,0x16,0x95,0x37,0x9d,0x37,0x95,0x56,0x9d,0xff,0x07,0xff,0xff,0x00,0x00,
    0x00,0x00,0x00,0x00,0x00,0x00,0x00,0x00,0x00,0x00,0x00,0x00,0x00,0x00,0x00,0x00,0x00,0x00,0x00,0x00,0x00,0x00,0x00,0x00,
    0x00,0x00,0x00,0x00,0x00,0x00,0x00,0x00,0x00,0x00,0x00,0x00,0x00,0x00,0x00,0x00,0x00,0x00,0x00,0x00,0x00,0x00,0x00,0x00,
    0x00,0x00,0x00,0x00,0x00,0x00,0x00,0x00,0x00,0x00,0x00,0x00,0x00,0x00,0xff,0xff,0xff,0xff,0x00,0x00,0x3e,0xe7,0x7e,0xef,
    0x7e,0xe7,0x5d,0xe7,0x5e,0xe7,0xfc,0xd6,0x37,0x95,0x16,0x95,0x17,0x95,0x17,0x95,0x17,0x95,0x17,0x95,0x17,0x95,0x17,0x95,
    0x17,0x95,0x17,0x95,0x17,0x95,0x17,0x95,0x17,0x95,0x17,0x95,0x17,0x95,0x17,0x95,0x37,0x95,0x37,0x95,0x16,0x95,0x78,0x9d,
    0x16,0x95,0xff,0xff,0xfb,0xbd,0xff,0xff,0x00,0x00,0x00,0x00,0x00,0x00,0x00,0x00,0x00,0x00,0x00,0x00,0x00,0x00,0x00,0x00,
    0x00,0x00,0x00,0x00,0x00,0x00,0x00,0x00,0x00,0x00,0x00,0x00,0x00,0x00,0x00,0x00,0x00,0x00,0x00,0x00,0x00,0x00,0x00,0x00,
    0x00,0x00,0x00,0x00,0x00,0x00,0x00,0x00,0x00,0x00,0x00,0x00,0x00,0x00,0x00,0x00,0x00,0x00,0x00,0x00,0xff,0xff,0x00,0x00,
    0x00,0x00,0x7e,0xe7,0x7e,0xef,0xdf,0xf7,0xbf,0xef,0x5e,0xe7,0x9f,0xef,0x5b,0xc6,0xf6,0x8c,0x37,0x95,0x17,0x95,0x17,0x95,
    0x17,0x95,0x17,0x95,0x17,0x95,0x17,0x95,0x17,0x95,0x17,0x95,0x17,0x95,0x17,0x95,0x17,0x95,0x17,0x95,0x37,0x95,0x16,0x95,
    0xf6,0x8c,0xf6,0x8c,0x37,0x95,0x98,0xa5,0x37,0x9d,0x00,0x00,0x00,0x00,0x00,0x00,0xff,0xff,0x00,0x00,0x00,0x00,0x00,0x00,
    0x00,0x00,0x00,0x00,0x00,0x00,0x00,0x00,0x00,0x00,0x00,0x00,0x00,0x00,0x00,0x00,0x00,0x00,0x00,0x00,0x00,0x00,0x00,0x00,
    0x00,0x00,0x00,0x00,0x00,0x00,0x00,0x00,0x00,0x00,0x00,0x00,0x00,0x00,0x00,0x00,0x00,0x00,0x00,0x00,0x00,0x00,0x00,0x00,
    0x00,0x00,0xff,0xff,0xff,0xff,0x3e,0xe7,0x7e,0xe7,0xdf,0xf7,0x7e,0xe7,0x3d,0xe7,0x3d,0xe7,0x3d,0xe7,0x5e,0xe7,0xb8,0xad,
    0xf6,0x94,0x37,0x95,0x17,0x95,0x17,0x95,0x17,0x95,0x17,0x95,0x17,0x95,0x17,0x95,0x17,0x95,0x17,0x95,0x17,0x95,0x17,0x95,
    0x17,0x95,0x37,0x95,0xf6,0x8c,0x37,0x95,0xf9,0xb5,0x9b,0xce,0x1d,0xdf,0x3d,0xdf,0x3d,0xdf,0x7e,0xe7,0x9f,0xef,0x5e,0xe7,
    0x00,0x00,0xff,0xff,0x00,0x00,0x00,0x00,0x00,0x00,0x00,0x00,0x00,0x00,0x00,0x00,0x00,0x00,0x00,0x00,0x00,0x00,0x00,0x00,
    0x00,0x00,0x00,0x00,0x00,0x00,0x00,0x00,0x00,0x00,0x00,0x00,0x00,0x00,0x00,0x00,0x00,0x00,0x00,0x00,0x00,0x00,0x00,0x00,
    0x00,0x00,0x00,0x00,0x00,0x00,0x00,0x00,0x00,0x00,0xff,0xff,0xff,0xff,0x3e,0xe7,0xff,0xf7,0x3d,0xe7,0x3d,0xe7,0x5e,0xe7,
    0x5e,0xe7,0x5e,0xe7,0x3d,0xdf,0x57,0x9d,0x16,0x95,0x17,0x95,0x17,0x95,0x17,0x95,0x17,0x95,0x17,0x95,0x17,0x95,0x17,0x95,
    0x17,0x95,0x17,0x95,0x17,0x95,0x17,0x95,0x37,0x95,0xf6,0x8c,0xb8,0xad,0xfd,0xde,0x7e,0xef,0x7e,0xe7,0x5e,0xe7,0x5e,0xe7,
    0x5e,0xe7,0xbf,0xef,0xdf,0xf7,0x7e,0xef,0x5e,0xe7,0x00,0x00,0xff,0xff,0xff,0xff,0x00,0x00,0x00,0x00,0x00,0x00,0x00,0x00,
    0x00,0x00,0x00,0x00,0x00,0x00,0x00,0x00,0x00,0x00,0x00,0x00,0x00,0x00,0x00,0x00,0x00,0x00,0x00,0x00,0x00,0x00,0x00,0x00,
    0x00,0x00,0x00,0x00,0x00,0x00,0x00,0x00,0x00,0x00,0x00,0x00,0x00,0x00,0x00,0x00,0xff,0xff,0x00,0x00,0x5d,0xe7,0xdf,0xf7,
    0x3d,0xe7,0x5e,0xe7,0x5e,0xe7,0x5e,0xe7,0x5e,0xe7,0x5e,0xe7,0x3d,0xdf,0x37,0x9d,0x16,0x95,0x17,0x95,0x17,0x95,0x17,0x95,
    0x17,0x95,0x17,0x95,0x17,0x95,0x17,0x95,0x17,0x95,0x17,0x95,0x17,0x95,0x37,0x95,0xf6,0x8c,0xf9,0xb5,0x7e,0xe7,0x5e,0xe7,
    0x3d,0xe7,0x3d,0xe7,0x5e,0xe7,0x5e,0xe7,0x3d,0xe7,0x3d,0xe7,0x3d,0xe7,0x5e,0xe7,0xff,0xf7,0x3e,0xe7,0xff,0xff,0xff,0xff,
    0x00,0x00,0x00,0x00,0x00,0x00,0x00,0x00,0x00,0x00,0x00,0x00,0x00,0x00,0x00,0x00,0x00,0x00,0x00,0x00,0x00,0x00,0x00,0x00,
    0x00,0x00,0x00,0x00,0x00,0x00,0x00,0x00,0x00,0x00,0x00,0x00,0x00,0x00,0x00,0x00,0x00,0x00,0x00,0x00,0x00,0x00,0xff,0xff,
    0xff,0xff,0x3e,0xe7,0x5e,0xe7,0x7e,0xe7,0x3d,0xe7,0x5e,0xe7,0x5e,0xe7,0x5e,0xe7,0x5e,0xe7,0x5e,0xe7,0x3d,0xdf,0x37,0x9d,
    0x16,0x95,0x17,0x95,0x17,0x95,0x17,0x95,0x17,0x95,0x17,0x95,0x17,0x95,0x17,0x95,0x17,0x95,0x17,0x95,0x37,0x95,0xf6,0x8c,
    0xb8,0xad,0x7e,0xe7,0x5e,0xe7,0x3d,0xe7,0x5e,0xe7,0x5e,0xe7,0x5e,0xe7,0x5e,0xe7,0x5e,0xe7,0x5e,0xe7,0x5e,0xe7,0x3d,0xe7,
    0x5e,0xe7,0xff,0xff,0x3d,0xdf,0x00,0x00,0xff,0xff,0x00,0x00,0x00,0x00,0x00,0x00,0x00,0x00,0x00,0x00,0x00,0x00,0x00,0x00,
    0x00,0x00,0x00,0x00,0x00,0x00,0x00,0x00,0x00,0x00,0x00,0x00,0x00,0x00,0x00,0x00,0x00,0x00,0x00,0x00,0x00,0x00,0x00,0x00,
    0x00,0x00,0x00,0x00,0x00,0x00,0xff,0xff,0x00,0x00,0x3d,0xe7,0xdf,0xf7,0x3d,0xe7,0x5e,0xe7,0x5e,0xe7,0x5e,0xe7,0x5e,0xe7,
    0x5e,0xe7,0x5e,0xe7,0x3d,0xdf,0x57,0x9d,0x16,0x95,0x17,0x95,0x17,0x95,0x17,0x95,0x17,0x95,0x17,0x95,0x17,0x95,0x17,0x95,
    0x17,0x95,0x17,0x95,0x17,0x95,0x37,0x95,0xfd,0xde,0x5e,0xe7,0x3d,0xe7,0x5e,0xe7,0x5e,0xe7,0x5e,0xe7,0x5e,0xe7,0x5e,0xe7,
    0x5e,0xe7,0x5e,0xe7,0x5e,0xe7,0x5e,0xe7,0x3d,0xe7,0x5e,0xe7,0x7e,0xef,0x3e,0xe7,0x00,0x00,0xff,0xff,0x00,0x00,0x00,0x00,
    0x00,0x00,0x00,0x00,0x00,0x00,0x00,0x00,0x00,0x00,0x00,0x00,0x00,0x00,0x00,0x00,0x00,0x00,0x00,0x00,0x00,0x00,0x00,0x00,
    0x00,0x00,0x00,0x00,0x00,0x00,0x00,0x00,0x00,0x00,0x00,0x00,0x00,0x00,0xff,0xff,0xf7,0xbd,0x5d,0xe7,0xbf,0xef,0x3d,0xe7,
    0x5e,0xe7,0x5e,0xe7,0x5e,0xe7,0x5e,0xe7,0x5e,0xe7,0x3d,0xe7,0x5e,0xe7,0x98,0xa5,0xf6,0x94,0x37,0x95,0x17,0x95,0x17,0x95,
    0x17,0x95,0x17,0x95,0x17,0x95,0x17,0x95,0x17,0x95,0x37,0x95,0xf6,0x8c,0xf9,0xb5,0x7e,0xef,0x3d,0xe7,0x5e,0xe7,0x5e,0xe7,
    0x5e,0xe7,0x5e,0xe7,0x5e,0xe7,0x5e,0xe7,0x5e,0xe7,0x5e,0xe7,0x5e,0xe7,0x5e,0xe7,0x5e,0xe7,0x3d,0xe7,0xdf,0xf7,0x3d,0xe7,
    0x00,0x00,0xff,0xff,0x00,0x00,0x00,0x00,0x00,0x00,0x00,0x00,0x00,0x00,0x00,0x00,0x00,0x00,0x00,0x00,0x00,0x00,0x00,0x00,
    0x00,0x00,0x00,0x00,0x00,0x00,0x00,0x00,0x00,0x00,0x00,0x00,0x00,0x00,0x00,0x00,0x00,0x00,0x00,0x00,0xff,0xff,0xff,0xff,
    0xff,0xff,0x5e,0xe7,0x7e,0xe7,0x3d,0xe7,0x5e,0xe7,0x5e,0xe7,0x5e,0xe7,0x5e,0xe7,0x5e,0xe7,0x3d,0xe7,0x7e,0xef,0x1a,0xb6,
    0xf6,0x8c,0x37,0x95,0x17,0x95,0x17,0x95,0x17,0x95,0x17,0x95,0x17,0x95,0x17,0x95,0x17,0x95,0x37,0x95,0xf6,0x8c,0x9b,0xce,
    0x7e,0xe7,0x3d,0xe7,0x5e,0xe7,0x5e,0xe7,0x5e,0xe7,0x5e,0xe7,0x5e,0xe7,0x5e,0xe7,0x5e,0xe7,0x5e,0xe7,0x5e,0xe7,0x5e,0xe7,
    0x5e,0xe7,0x3d,0xe7,0x7e,0xe7,0x5d,0xe7,0x3f,0xe7,0x00,0x00,0xff,0xff,0x00,0x00,0x00,0x00,0x00,0x00,0x00,0x00,0x00,0x00,
    0x00,0x00,0x00,0x00,0x00,0x00,0x00,0x00,0x00,0x00,0x00,0x00,0x00,0x00,0x00,0x00,0x00,0x00,0x00,0x00,0x00,0x00,0x00,0x00,
    0x00,0x00,0xff,0xff,0xff,0xff,0x00,0x00,0x78,0xa5,0x5e,0xe7,0x5e,0xe7,0x5e,0xe7,0x5e,0xe7,0x5e,0xe7,0x5e,0xe7,0x5e,0xe7,
    0x5e,0xe7,0x3d,0xe7,0x7e,0xe7,0xdc,0xd6,0x16,0x95,0x37,0x95,0x17,0x95,0x17,0x95,0x17,0x95,0x17,0x95,0x17,0x95,0x17,0x95,
    0x17,0x95,0x17,0x95,0x37,0x95,0x1d,0xdf,0x5e,0xe7,0x5e,0xe7,0x5e,0xe7,0x5e,0xe7,0x5e,0xe7,0x5e,0xe7,0x5e,0xe7,0x5e,0xe7,
    0x5e,0xe7,0x5e,0xe7,0x5e,0xe7,0x5e,0xe7,0x5e,0xe7,0x5e,0xe7,0x3d,0xe7,0x7e,0xef,0x3e,0xe7,0x00,0x00,0xff,0xff,0x00,0x00,
    0x00,0x00,0x00,0x00,0x00,0x00,0x00,0x00,0x00,0x00,0x00,0x00,0x00,0x00,0x00,0x00,0x00,0x00,0x00,0x00,0x00,0x00,0x00,0x00,
    0x00,0x00,0x00,0x00,0x00,0x00,0x00,0x00,0x00,0x00,0x55,0xad,0xff,0xff,0x16,0x95,0xb9,0xa5,0x3d,0xdf,0x5e,0xe7,0x5e,0xe7,
    0x5e,0xe7,0x5e,0xe7,0x5e,0xe7,0x5e,0xe7,0x5e,0xe7,0x5e,0xe7,0x5e,0xe7,0x5e,0xe7,0x78,0xa5,0x16,0x95,0x37,0x95,0x17,0x95,
    0x17,0x95,0x17,0x95,0x17,0x95,0x17,0x95,0x17,0x95,0x16,0x95,0x37,0x9d,0x3d,0xdf,0x5e,0xe7,0x5e,0xe7,0x5e,0xe7,0x5e,0xe7,
    0x5e,0xe7,0x5e,0xe7,0x5e,0xe7,0x5e,0xe7,0x5e,0xe7,0x5e,0xe7,0x5e,0xe7,0x5e,0xe7,0x5e,0xe7,0x5e,0xe7,0x3d,0xe7,0x9f,0xef,
    0x5e,0xe7,0x00,0x00,0xff,0xff,0x00,0x00,0x00,0x00,0x00,0x00,0x00,0x00,0x00,0x00,0x00,0x00,0x00,0x00,0x00,0x00,0x00,0x00,
    0x00,0x00,0x00,0x00,0x00,0x00,0x00,0x00,0x00,0x00,0x00,0x00,0x00,0x00,0x00,0x00,0x55,0xad,0x00,0x00,0x16,0x95,0x99,0xa5,
    0x16,0x95,0xdc,0xd6,0x5e,0xe7,0x3d,0xe7,0x5e,0xe7,0x5e,0xe7,0x5e,0xe7,0x5e,0xe7,0x5e,0xe7,0x5e,0xe7,0x3d,0xe7,0x7e,0xe7,
    0x9b,0xce,0xf6,0x8c,0x37,0x95,0x17,0x95,0x17,0x95,0x17,0x95,0x17,0x95,0x17,0x95,0x17,0x95,0x16,0x95,0x37,0x9d,0x1d,0xdf,
    0x5e,0xe7,0x5e,0xe7,0x5e,0xe7,0x5e,0xe7,0x5e,0xe7,0x5e,0xe7,0x5e,0xe7,0x5e,0xe7,0x5e,0xe7,0x5e,0xe7,0x5e,0xe7,0x5e,0xe7,
    0x5e,0xe7,0x5e,0xe7,0x3d,0xe7,0x9f,0xef,0x3e,0xe7,0x00,0x00,0xff,0xff,0x00,0x00,0x00,0x00,0x00,0x00,0x00,0x00,0x00,0x00,
    0x00,0x00,0x00,0x00,0x00,0x00,0x00,0x00,0x00,0x00,0x00,0x00,0x00,0x00,0x00,0x00,0x00,0x00,0x00,0x00,0x00,0x00,0xff,0xff,
    0x00,0x00,0x37,0x95,0x37,0x95,0x37,0x95,0xf6,0x8c,0x5a,0xbe,0x7e,0xef,0x3d,0xe7,0x5e,0xe7,0x5e,0xe7,0x5e,0xe7,0x5e,0xe7,
    0x5e,0xe7,0x5e,0xe7,0x5e,0xe7,0x3d,0xe7,0x7e,0xe7,0xd9,0xad,0xf6,0x8c,0x37,0x95,0x17,0x95,0x17,0x95,0x17,0x95,0x17,0x95,
    0x17,0x95,0x37,0x95,0x16,0x95,0xbc,0xce,0x7e,0xe7,0x3d,0xe7,0x5e,0xe7,0x5e,0xe7,0x5e,0xe7,0x5e,0xe7,0x5e,0xe7,0x5e,0xe7,
    0x5e,0xe7,0x5e,0xe7,0x5e,0xe7,0x5e,0xe7,0x5e,0xe7,0x3d,0xe7,0x7e,0xe7,0x5e,0xe7,0x3e,0xe7,0x00,0x00,0xff,0xff,0x00,0x00,
    0x00,0x00,0x00,0x00,0x00,0x00,0x00,0x00,0x00,0x00,0x00,0x00,0x00,0x00,0x00,0x00,0x00,0x00,0x00,0x00,0x00,0x00,0x00,0x00,
    0x00,0x00,0x00,0x00,0x00,0x00,0xf7,0xbd,0x00,0x00,0x17,0x95,0x78,0x9d,0x16,0x95,0x16,0x95,0x78,0xa5,0x5e,0xe7,0x5e,0xe7,
    0x5e,0xe7,0x5e,0xe7,0x5e,0xe7,0x5e,0xe7,0x5e,0xe7,0x5e,0xe7,0x5e,0xe7,0x5e,0xe7,0x5e,0xe7,0x3d,0xdf,0x98,0xa5,0xf6,0x8c,
    0x37,0x95,0x17,0x95,0x17,0x95,0x17,0x95,0x17,0x95,0x37,0x95,0xf6,0x8c,0x3a,0xbe,0x7e,0xef,0x3d,0xe7,0x5e,0xe7,0x5e,0xe7,
    0x5e,0xe7,0x5e,0xe7,0x5e,0xe7,0x5e,0xe7,0x5e,0xe7,0x5e,0xe7,0x5e,0xe7,0x5e,0xe7,0x5e,0xe7,0x3d,0xe7,0xbf,0xef,0x3d,0xe7,
    0x00,0x00,0xff,0xff,0x00,0x00,0x00,0x00,0x00,0x00,0x00,0x00,0x00,0x00,0x00,0x00,0x00,0x00,0x00,0x00,0x00,0x00,0x00,0x00,
    0x00,0x00,0x00,0x00,0x00,0x00,0x00,0x00,0x00,0x00,0x00,0x00,0x00,0x00,0xff,0xff,0xf7,0xbd,0x17,0x95,0x58,0x9d,0x16,0x95,
    0x37,0x95,0xf6,0x8c,0x7b,0xc6,0x7e,0xef,0x3d,0xe7,0x5e,0xe7,0x5e,0xe7,0x5e,0xe7,0x5e,0xe7,0x5e,0xe7,0x5e,0xe7,0x5e,0xe7,
    0x3d,0xe7,0x5e,0xe7,0x3d,0xdf,0x98,0xa5,0xf6,0x8c,0x16,0x95,0x17,0x95,0x17,0x95,0x17,0x95,0x17,0x95,0x16,0x95,0x57,0x9d,
    0x3d,0xe7,0x5e,0xe7,0x5e,0xe7,0x5e,0xe7,0x5e,0xe7,0x5e,0xe7,0x5e,0xe7,0x5e,0xe7,0x5e,0xe7,0x5e,0xe7,0x5e,0xe7,0x5e,0xe7,
    0x5e,0xe7,0x5e,0xe7,0xbf,0xf7,0x5e,0xe7,0x00,0x00,0xff,0xff,0x00,0x00,0x00,0x00,0x00,0x00,0x00,0x00,0x00,0x00,0x00,0x00,
    0x00,0x00,0x00,0x00,0x00,0x00,0x00,0x00,0x00,0x00,0x00,0x00,0x00,0x00,0x00,0x00,0x00,0x00,0x00,0x00,0xff,0xff,0x00,0x00,
    0x36,0x95,0x17,0x95,0x37,0x95,0x16,0x95,0x17,0x95,0x17,0x95,0x37,0x95,0x1d,0xdf,0x7e,0xe7,0x3d,0xe7,0x5e,0xe7,0x5e,0xe7,
    0x5e,0xe7,0x5e,0xe7,0x5e,0xe7,0x5e,0xe7,0x5e,0xe7,0x3d,0xe7,0x5e,0xe7,0x5e,0xe7,0x1a,0xb6,0x37,0x9d,0x17,0x95,0x17,0x95,
    0x17,0x95,0x17,0x95,0x37,0x95,0xf6,0x8c,0x19,0xb6,0x7e,0xef,0x3d,0xe7,0x5e,0xe7,0x5e,0xe7,0x5e,0xe7,0x5e,0xe7,0x5e,0xe7,
    0x5e,0xe7,0x5e,0xe7,0x5e,0xe7,0x5e,0xe7,0x3d,0xe7,0xff,0xf7,0x3d,0xdf,0x00,0x00,0xff,0xff,0x00,0x00,0x00,0x00,0x00,0x00,
    0x00,0x00,0x00,0x00,0x00,0x00,0x00,0x00,0x00,0x00,0x00,0x00,0x00,0x00,0x00,0x00,0x00,0x00,0x00,0x00,0x00,0x00,0x00,0x00,
    0x00,0x00,0x00,0x00,0xff,0xff,0x00,0x00,0x57,0x9d,0x16,0x95,0x37,0x95,0x16,0x95,0x17,0x95,0x37,0x95,0x16,0x95,0x98,0xa5,
    0x3d,0xdf,0x7e,0xe7,0x3d,0xe7,0x3d,0xe7,0x5e,0xe7,0x5e,0xe7,0x5e,0xe7,0x5e,0xe7,0x5e,0xe7,0x3d,0xe7,0x3d,0xe7,0x5e,0xe7,
    0x7e,0xef,0xb9,0xad,0x16,0x95,0x37,0x95,0x17,0x95,0x17,0x95,0x17,0x95,0x37,0x95,0x16,0x95,0x7b,0xc6,0x7e,0xef,0x5e,0xe7,
    0x3d,0xe7,0x5e,0xe7,0x5e,0xe7,0x5e,0xe7,0x5e,0xe7,0x5e,0xe7,0x3d,0xe7,0x3d,0xe7,0xff,0xf7,0x7e,0xe7,0x1e,0xe7,0xff,0xff,
    0xff,0xff,0x00,0x00,0x00,0x00,0x00,0x00,0x00,0x00,0x00,0x00,0x00,0x00,0x00,0x00,0x00,0x00,0x00,0x00,0x00,0x00,0x00,0x00,
    0x00,0x00,0x00,0x00,0x00,0x00,0x00,0x00,0x00,0x00,0x00,0x00,0x00,0x00,0xff,0x07,0xf7,0x9c,0x17,0x95,0x57,0x9d,0x17,0x95,
    0x17,0x95,0x17,0x95,0x37,0x95,0x16,0x95,0x57,0x9d,0xbc,0xce,0x5e,0xe7,0x7e,0xe7,0x5e,0xe7,0x3e,0xe7,0x3d,0xe7,0x3d,0xe7,
    0x5e,0xe7,0x5e,0xe7,0x7e,0xe7,0xfd,0xd6,0x98,0xa5,0x16,0x95,0x37,0x95,0x17,0x95,0x17,0x95,0x17,0x95,0x17,0x95,0x17,0x95,
    0x17,0x95,0x16,0x95,0x3a,0xbe,0x5e,0xe7,0x7e,0xef,0x5e,0xe7,0x5e,0xe7,0x3d,0xe7,0x3e,0xe7,0x5e,0xe7,0x7e,0xe7,0x9f,0xef,
    0x5e,0xe7,0x1e,0xe7,0x00,0x00,0xff,0xff,0x00,0x00,0x00,0x00,0x00,0x00,0x00,0x00,0x00,0x00,0x00,0x00,0x00,0x00,0x00,0x00,
    0x00,0x00,0x00,0x00,0x00,0x00,0x00,0x00,0x00,0x00,0x00,0x00,0x00,0x00,0x00,0x00,0x00,0x00,0x00,0x00,0x00,0x00,0xff,0xaf,
    0x00,0x00,0x16,0x95,0x78,0x9d,0x16,0x95,0x17,0x95,0x17,0x95,0x17,0x95,0x37,0x95,0x16,0x95,0x16,0x95,0xb8,0xad,0xbc,0xce,
    0x3d,0xdf,0x5e,0xe7,0x5e,0xe7,0x5e,0xe7,0x3d,0xe7,0xdc,0xd6,0xf9,0xb5,0x17,0x95,0x16,0x95,0x37,0x95,0x17,0x95,0x17,0x95,
    0x17,0x95,0x17,0x95,0x17,0x95,0x17,0x95,0x17,0x95,0x17,0x95,0xf6,0x8c,0x98,0xa5,0x7b,0xc6,0x1d,0xdf,0x5e,0xe7,0x5e,0xe7,
    0x5e,0xe7,0x3d,0xdf,0xdc,0xd6,0xf9,0xb5,0x00,0x00,0x00,0x00,0xff,0xff,0x00,0x00,0x00,0x00,0x00,0x00,0x00,0x00,0x00,0x00,
    0x00,0x00,0x00,0x00,0x00,0x00,0x00,0x00,0x00,0x00,0x00,0x00,0x00,0x00,0x00,0x00,0x00,0x00,0x00,0x00,0x00,0x00,0x00,0x00,
    0x00,0x00,0x00,0x00,0x00,0x00,0x55,0xad,0x00,0x00,0x16,0x95,0x58,0x9d,0x16,0x95,0x17,0x95,0x17,0x95,0x17,0x95,0x17,0x95,
    0x17,0x95,0x37,0x95,0xf6,0x94,0xf6,0x94,0x57,0x9d,0xb8,0xa5,0xb8,0xad,0xb8,0xad,0x57,0x9d,0x16,0x95,0xf6,0x8c,0x17,0x95,
    0x37,0x95,0x17,0x95,0x17,0x95,0x17,0x95,0x17,0x95,0x17,0x95,0x17,0x95,0x17,0x95,0x17,0x95,0x17,0x95,0x37,0x95,0x16,0x95,
    0xf6,0x8c,0x37,0x95,0x98,0xa5,0xb8,0xad,0xb8,0xa5,0x37,0x9d,0x78,0x9d,0xd6,0x8c,0x00,0x00,0x79,0x9e,0x00,0x00,0x00,0x00,
    0x00,0x00,0x00,0x00,0x00,0x00,0x00,0x00,0x00,0x00,0x00,0x00,0x00,0x00,0x00,0x00,0x00,0x00,0x00,0x00,0x00,0x00,0x00,0x00,
    0x00,0x00,0x00,0x00,0x00,0x00,0x00,0x00,0x00,0x00,0x00,0x00,0x00,0x00,0x00,0x00,0x55,0xad,0x00,0x00,0x16,0x95,0x99,0xa5,
    0x16,0x95,0x17,0x95,0x17,0x95,0x17,0x95,0x17,0x95,0x17,0x95,0x37,0x95,0x37,0x95,0x16,0x95,0xf6,0x94,0xf6,0x94,0xf6,0x94,
    0x16,0x95,0x17,0x95,0x37,0x95,0x17,0x95,0x17,0x95,0x17,0x95,0x17,0x95,0x17,0x95,0x17,0x95,0x17,0x95,0x17,0x95,0x17,0x95,
    0x17,0x95,0x17,0x95,0x17,0x95,0x37,0x95,0x37,0x95,0x16,0x95,0x16,0x95,0xf6,0x94,0xf6,0x8c,0x58,0x9d,0x37,0x95,0xd9,0xad,
    0xff,0x7f,0xff,0xff,0x00,0x00,0x00,0x00,0x00,0x00,0x00,0x00,0x00,0x00,0x00,0x00,0x00,0x00,0x00,0x00,0x00,0x00,0x00,0x00,
    0x00,0x00,0x00,0x00,0x00,0x00,0x00,0x00,0x00,0x00,0x00,0x00,0x00,0x00,0x00,0x00,0x00,0x00,0x00,0x00,0x00,0x00,0x00,0x00,
    0xff,0xff,0xff,0x7b,0x57,0x8d,0x37,0x95,0x98,0xa5,0x16,0x95,0x17,0x95,0x17,0x95,0x17,0x95,0x17,0x95,0x17,0x95,0x17,0x95,
    0x17,0x95,0x37,0x95,0x37,0x95,0x37,0x95,0x17,0x95,0x17,0x95,0x17,0x95,0x17,0x95,0x17,0x95,0x17,0x95,0x17,0x95,0x17,0x95,
    0x17,0x95,0x17,0x95,0x17,0x95,0x17,0x95,0x17,0x95,0x17,0x95,0x17,0x95,0x17,0x95,0x17,0x95,0x17,0x95,0x37,0x95,0x16,0x95,
    0x58,0x9d,0x57,0x9d,0x16,0x95,0x00,0x00,0xff,0x7f,0x00,0x00,0x00,0x00,0x00,0x00,0x00,0x00,0x00,0x00,0x00,0x00,0x00,0x00,
    0x00,0x00,0x00,0x00,0x00,0x00,0x00,0x00,0x00,0x00,0x00,0x00,0x00,0x00,0x00,0x00,0x00,0x00,0x00,0x00,0x00,0x00,0x00,0x00,
    0x00,0x00,0x00,0x00,0x00,0x00,0x00,0x00,0x00,0x00,0xef,0x7b,0x00,0x00,0xd5,0x8c,0x37,0x9d,0x78,0x9d,0x58,0x9d,0x37,0x95,
    0x16,0x95,0x16,0x95,0x16,0x95,0x16,0x95,0x16,0x95,0x16,0x95,0x16,0x95,0x16,0x95,0x16,0x95,0x16,0x95,0x16,0x95,0x16,0x95,
    0x16,0x95,0x16,0x95,0x16,0x95,0x16,0x95,0x16,0x95,0x16,0x95,0x16,0x95,0x16,0x95,0x16,0x95,0x16,0x95,0x16,0x95,0x16,0x95,
    0x16,0x95,0x17,0x95,0x57,0x9d,0x98,0xa5,0x57,0x9d,0xf6,0x94,0x00,0x00,0x55,0xad,0x00,0x00,0x00,0x00,0x00,0x00,0x00,0x00,
    0x00,0x00,0x00,0x00,0x00,0x00,0x00,0x00,0x00,0x00,0x00,0x00,0x00,0x00,0x00,0x00,0x00,0x00,0x00,0x00,0x00,0x00,0x00,0x00,
    0x00,0x00,0x00,0x00,0x00,0x00,0x00,0x00,0x00,0x00,0x00,0x00,0x00,0x00,0x00,0x00,0x00,0x00,0x00,0x00,0xef,0x7b,0x00,0x00,
    0x00,0x00,0x37,0x95,0x37,0x95,0x37,0x95,0x58,0x9d,0x58,0x9d,0x58,0x9d,0x58,0x9d,0x58,0x9d,0x58,0x9d,0x58,0x9d,0x58,0x9d,
    0x58,0x9d,0x58,0x9d,0x58,0x9d,0x58,0x9d,0x58,0x9d,0x58,0x9d,0x58,0x9d,0x58,0x9d,0x58,0x9d,0x58,0x9d,0x58,0x9d,0x58,0x9d,
    0x58,0x9d,0x58,0x9d,0x58,0x9d,0x58,0x9d,0x58,0x9d,0x37,0x95,0x37,0x9d,0x57,0x9d,0xd5,0x8c,0x00,0x00,0x55,0xad,0x00,0x00,
    0x00,0x00,0x00,0x00,0x00,0x00,0x00,0x00,0x00,0x00,0x00,0x00,0x00,0x00,0x00,0x00,0x00,0x00,0x00,0x00,0x00,0x00,0x00,0x00,
    0x00,0x00,0x00,0x00,0x00,0x00,0x00,0x00,0x00,0x00,0x00,0x00,0x00,0x00,0x00,0x00,0x00,0x00,0x00,0x00,0x00,0x00,0x00,0x00,
    0x00,0x00,0x00,0x00,0x00,0x00,0xff,0xff,0xff,0xff,0x00,0x00,0x00,0x00,0x78,0x9d,0x57,0x9d,0x17,0x95,0x37,0x95,0x37,0x95,
    0x37,0x95,0x37,0x95,0x37,0x95,0x37,0x95,0x37,0x95,0x17,0x95,0x17,0x95,0x16,0x95,0x16,0x95,0x17,0x95,0xf6,0x94,0x37,0x95,
    0x37,0x95,0x37,0x95,0x37,0x95,0x37,0x95,0x37,0x95,0x37,0x95,0x37,0x95,0x17,0x95,0x78,0x9d,0x78,0x9d,0x55,0xad,0x00,0x00,
    0x00,0x00,0xef,0x7b,0x00,0x00,0x00,0x00,0x00,0x00,0x00,0x00,0x00,0x00,0x00,0x00,0x00,0x00,0x00,0x00,0x00,0x00,0x00,0x00,
    0x00,0x00,0x00,0x00,0x00,0x00,0x00,0x00,0x00,0x00,0x00,0x00,0x00,0x00,0x00,0x00,0x00,0x00,0x00,0x00,0x00,0x00,0x00,0x00,
    0x00,0x00,0x00,0x00,0x00,0x00,0x00,0x00,0x00,0x00,0x00,0x00,0x00,0x00,0x00,0x00,0x00,0x00,0x55,0xad,0xff,0xff,0x00,0x00,
    0x00,0x00,0x00,0x00,0x00,0x00,0x00,0x00,0x00,0x00,0x00,0x00,0x00,0x00,0x00,0x00,0x00,0x00,0x00,0x00,0x00,0x00,0x00,0x00,
    0x1f,0xf8,0x00,0x00,0x00,0x00,0x00,0x00,0x00,0x00,0x00,0x00,0x00,0x00,0x00,0x00,0x00,0x00,0x00,0x00,0x00,0x00,0x00,0x00,
    0x00,0x00,0x00,0x00,0x00,0x00,0x5f,0xad,0xff,0xff,0x00,0x00,0x00,0x00,0x00,0x00,0x00,0x00,0x00,0x00,0x00,0x00,0x00,0x00,
    0x00,0x00,0x00,0x00,0x00,0x00,0x00,0x00,0x00,0x00,0x00,0x00,0x00,0x00,0x00,0x00,0x00,0x00,0x00,0x00,0x00,0x00,0x00,0x00,
    0x00,0x00,0x00,0x00,0x00,0x00,0x00,0x00,0x00,0x00,0x00,0x00,0x00,0x00,0x00,0x00,0x00,0x00,0x00,0x00,0x00,0x00,0x00,0x00,
    0x00,0x00,0x00,0x00,0x00,0x00,0xef,0x7b,0x55,0xad,0x55,0xad,0x55,0xad,0x55,0xad,0x55,0xad,0x55,0xad,0x55,0xad,0x5f,0xad,
    0xff,0xbd,0xd9,0x9c,0x7f,0xac,0x7f,0xac,0x7f,0xac,0x7f,0xac,0x9d,0xa4,0xf7,0x7b,0xf7,0xbd,0x55,0xad,0x55,0xad,0x55,0xad,
    0x55,0xad,0x55,0xad,0x55,0xad,0x55,0xad,0x55,0xad,0xff,0x7b,0x00,0x00,0x00,0x00,0x00,0x00,0x00,0x00,0x00,0x00,0x00,0x00,
    0x00,0x00,0x00,0x00,0x00,0x00,0x00,0x00,0x00,0x00,0x00,0x00,0x00,0x00,0x00,0x00,0x00,0x00,0x00,0x00,0x00,0x00,0x00,0x00,
    0x00,0x00,0x00,0x00,0x00,0x00,0x00,0x00,0x00,0x00,0x00,0x00,0x00,0x00,0x00,0x00,0x00,0x00,0x00,0x00,0x00,0x00,0x00,0x00,
    0x00,0x00,0x00,0x00,0x00,0x00,0x00,0x00,0x00,0x00,0x00,0x00,0x00,0x00,0x00,0x00,0x00,0x00,0x00,0x00,0x00,0x00,0x00,0x00,
    0x00,0x00,0x00,0x00,0x00,0x00,0x5f,0xfd,0x00,0x00,0x5f,0xa4,0xdf,0xbc,0x7f,0xac,0x5f,0xac,0xdf,0xbc,0x5f,0xa4,0xff,0x7b,
    0xff,0xfb,0x00,0x00,0x00,0x00,0x00,0x00,0x00,0x00,0x00,0x00,0x00,0x00,0x00,0x00,0x00,0x00,0x00,0x00,0x00,0x00,0x00,0x00,
    0x00,0x00,0x00,0x00,0x00,0x00,0x00,0x00,0x00,0x00,0x00,0x00,0x00,0x00,0x00,0x00,0x00,0x00,0x00,0x00,0x00,0x00,0x00,0x00,
    0x00,0x00,0x00,0x00,0x00,0x00,0x00,0x00,0x00,0x00,0x00,0x00,0x00,0x00,0x00,0x00,0x00,0x00,0x00,0x00,0x00,0x00,0x00,0x00,
    0x00,0x00,0x00,0x00,0x00,0x00,0x00,0x00,0x00,0x00,0x00,0x00,0x00,0x00,0x00,0x00,0x00,0x00,0x00,0x00,0x00,0x00,0x00,0x00,
    0x00,0x00,0x00,0x00,0x00,0x00,0x00,0x00,0x00,0x00,0x00,0x00,0xff,0xff,0x00,0x00,0x5d,0x9c,0x5f,0xa4,0x7f,0xac,0x5f,0xa4,
    0x5f,0xa4,0x5f,0xa4,0x9f,0xac,0x7f,0xac,0x00,0x00,0x5f,0xad,0x00,0x00,0x00,0x00,0x00,0x00,0x00,0x00,0x00,0x00,0x00,0x00,
    0x00,0x00,0x00,0x00,0x00,0x00,0x00,0x00,0x00,0x00,0x00,0x00,0x00,0x00,0x00,0x00,0x00,0x00,0x00,0x00,0x00,0x00,0x00,0x00,
    0x00,0x00,0x00,0x00,0x00,0x00,0x00,0x00,0x00,0x00,0x00,0x00,0x00,0x00,0x00,0x00,0x00,0x00,0x00,0x00,0x00,0x00,0x00,0x00,
    0x00,0x00,0x00,0x00,0x00,0x00,0x00,0x00,0x00,0x00,0x00,0x00,0x00,0x00,0x00,0x00,0x00,0x00,0x00,0x00,0x00,0x00,0x00,0x00,
    0x00,0x00,0x00,0x00,0x00,0x00,0x00,0x00,0x00,0x00,0x00,0x00,0x00,0x00,0x00,0x00,0x00,0x00,0x00,0x00,0xff,0xff,0x00,0x00,
    0x3e,0xa4,0x5f,0xa4,0x7f,0xac,0x5f,0xa4,0x5f,0xa4,0x5f,0xa4,0x9f,0xb4,0x5f,0xa4,0x00,0x00,0x5f,0xad,0x00,0x00,0x00,0x00,
    0x00,0x00,0x00,0x00,0x00,0x00,0x00,0x00,0x00,0x00,0x00,0x00,0x00,0x00,0x00,0x00,0x00,0x00,0x00,0x00,0x00,0x00,0x00,0x00,
    0x00,0x00,0x00,0x00,0x00,0x00,0x00,0x00,0x00,0x00,0x00,0x00,0x00,0x00,0x00,0x00,0x00,0x00,0x00,0x00,0x00,0x00,0x00,0x00,
    0x00,0x00,0x00,0x00,0x00,0x00,0x00,0x00,0x00,0x00,0x00,0x00,0x00,0x00,0x00,0x00,0x00,0x00,0x00,0x00,0x00,0x00,0x00,0x00,
    0x00,0x00,0x00,0x00,0x00,0x00,0x00,0x00,0x00,0x00,0x00,0x00,0x00,0x00,0x00,0x00,0x00,0x00,0x00,0x00,0x00,0x00,0x00,0x00,
    0x00,0x00,0x00,0x00,0x00,0x00,0x5f,0xad,0x1f,0x00,0x5f,0xa4,0xdf,0xbc,0x5f,0xa4,0x5f,0xa4,0xbf,0xb4,0x5f,0xa4,0x5c,0xa4,
    0xff,0xff,0xff,0xff,0x00,0x00,0x00,0x00,0x00,0x00,0x00,0x00,0x00,0x00,0x00,0x00,0x00,0x00,0x00,0x00,0x00,0x00,0x00,0x00,
    0x00,0x00,0x00,0x00,0x00,0x00,0x00,0x00,0x00,0x00,0x00,0x00,0x00,0x00,0x00,0x00,0x00,0x00,0x00,0x00,0x00,0x00,0x00,0x00,
    0x00,0x00,0x00,0x00,0x00,0x00,0x00,0x00,0x00,0x00,0x00,0x00,0x00,0x00,0x00,0x00,0x00,0x00,0x00,0x00,0x00,0x00,0x00,0x00,
    0x00,0x00,0x00,0x00,0x00,0x00,0x00,0x00,0x00,0x00,0x00,0x00,0x00,0x00,0x00,0x00,0x00,0x00,0x00,0x00,0x00,0x00,0x00,0x00,
    0x00,0x00,0x00,0x00,0x00,0x00,0x00,0x00,0x00,0x00,0x00,0x00,0x00,0x00,0xff,0xff,0x1f,0xf8,0x7e,0xa4,0x7f,0xac,0x9f,0xac,
    0x9f,0xac,0x7f,0xac,0x5f,0xac,0x00,0x00,0xff,0xfb,0x00,0x00,0x00,0x00,0x00,0x00,0x00,0x00,0x00,0x00,0x00,0x00,0x00,0x00,
    0x00,0x00,0x00,0x00,0x00,0x00,0x00,0x00,0x00,0x00,0x00,0x00,0x00,0x00,0x00,0x00,0x00,0x00,0x00,0x00,0x00,0x00,0x00,0x00,
    0x00,0x00,0x00,0x00,0x00,0x00,0x00,0x00,0x00,0x00,0x00,0x00,0x00,0x00,0x00,0x00,0x00,0x00,0x00,0x00,0x00,0x00,0x00,0x00,
    0x00,0x00,0x00,0x00,0x00,0x00,0x00,0x00,0x00,0x00,0x00,0x00,0x00,0x00,0x00,0x00,0x00,0x00,0x00,0x00,0x00,0x00,0x00,0x00,
    0x00,0x00,0x00,0x00,0x00,0x00,0x00,0x00,0x00,0x00,0x00,0x00,0x00,0x00,0x00,0x00,0x00,0x00,0x00,0x00,0x00,0x00,0x00,0x00,
    0x00,0x00,0x00,0x00,0x00,0x00,0x5f,0xa4,0x7f,0xac,0xff,0x7b,0x00,0x00,0xff,0xff,0x00,0x00,0x00,0x00,0x00,0x00,0x00,0x00,
    0x00,0x00,0x00,0x00,0x00,0x00,0x00,0x00,0x00,0x00,0x00,0x00,0x00,0x00,0x00,0x00,0x00,0x00,0x00,0x00,0x00,0x00,0x00,0x00,
    0x00,0x00,0x00,0x00,0x00,0x00,0x00,0x00,0x00,0x00,0x00,0x00,0x00,0x00,0x00,0x00,0x00,0x00,0x00,0x00,0x00,0x00,0x00,0x00,
    0x00,0x00,0x00,0x00,0x00,0x00,0x00,0x00,0x00,0x00,0x00,0x00,0x00,0x00,0x00,0x00,0x00,0x00,0x00,0x00,0x00,0x00,0x00,0x00,
    0x00,0x00,0x00,0x00,0x00,0x00,0x00,0x00,0x00,0x00,0x00,0x00,0x00,0x00,0x00,0x00,0x00,0x00,0x00,0x00,0x00,0x00,0x00,0x00,
    0x00,0x00,0x00,0x00,0x00,0x00,0x00,0x00,0x00,0x00,0xff,0xff,0x5f,0xad,0x00,0x00,0x00,0x00,0xff,0xff,0xff,0x7b,0x00,0x00,
    0x00,0x00,0x00,0x00,0x00,0x00,0x00,0x00,0x00,0x00,0x00,0x00,0x00,0x00,0x00,0x00,0x00,0x00,0x00,0x00,0x00,0x00,0x00,0x00,
    0x00,0x00,0x00,0x00,0x00,0x00,0x00,0x00,0x00,0x00,0x00,0x00,0x00,0x00,0x00,0x00,0x00,0x00,0x00,0x00,0x00,0x00,0x00,0x00,
    0x00,0x00,0x00,0x00,0x00,0x00,0x00,0x00,0x00,0x00,0x00,0x00,0x00,0x00,0x00,0x00,0x00,0x00,0x00,0x00,0x00,0x00,0x00,0x00,
    0x00,0x00,0x00,0x00,0x00,0x00,0x00,0x00,0x00,0x00,0x00,0x00,0x00,0x00,0x00,0x00,0x00,0x00,0x00,0x00,0x00,0x00,0x00,0x00,
    0x00,0x00,0x00,0x00,0x00,0x00,0x00,0x00,0x00,0x00,0x00,0x00,0x00,0x00,0x00,0x00,0x00,0x00,0x1f,0xf8,0x00,0x00,0xfa,0x7b,
    0x9f,0xa4,0x00,0x00,0x1f,0xf8,0x00,0x00,0x00,0x00,0x00,0x00,0x00,0x00,0x00,0x00,0x00,0x00,0x00,0x00,0x00,0x00,0x00,0x00,
    0x00,0x00,0x00,0x00,0x00,0x00,0x00,0x00,0x00,0x00,0x00,0x00,0x00,0x00,0x00,0x00,0x00,0x00,0x00,0x00,0x00,0x00,0x00,0x00,
    0x00,0x00,0x00,0x00,0x00,0x00,0x00,0x00,0x00,0x00,0x00,0x00,0x00,0x00,0x00,0x00,0x00,0x00,0x00,0x00,0x00,0x00,0x00,0x00,
    0x00,0x00,0x00,0x00,0x00,0x00,0x00,0x00,0x00,0x00,0x00,0x00,0x00,0x00,0x00,0x00,0x00,0x00,0x00,0x00,0x00,0x00,0x00,0x00,
    0x00,0x00,0x00,0x00,0x00,0x00,0x00,0x00,0x00,0x00,0x00,0x00,0x00,0x00,0x00,0x00,0x00,0x00,0x00,0x00,0x00,0x00,0x00,0x00,
    0xff,0xfb,0x00,0x00,0x7f,0xa4,0x7f,0xac,0x9f,0xac,0x5f,0xa4,0x00,0x00,0xff,0xfb,0x00,0x00,0x00,0x00,0x00,0x00,0x00,0x00,
    0x00,0x00,0x00,0x00,0x00,0x00,0x00,0x00,0x00,0x00,0x00,0x00,0x00,0x00,0x00,0x00,0x00,0x00,0x00,0x00,0x00,0x00,0x00,0x00,
    0x00,0x00,0x00,0x00,0x00,0x00,0x00,0x00,0x00,0x00,0x00,0x00,0x00,0x00,0x00,0x00,0x00,0x00,0x00,0x00,0x00,0x00,0x00,0x00,
    0x00,0x00,0x00,0x00,0x00,0x00,0x00,0x00,0x00,0x00,0x00,0x00,0x00,0x00,0x00,0x00,0x00,0x00,0x00,0x00,0x00,0x00,0x00,0x00,
    0x00,0x00,0x00,0x00,0x00,0x00,0x00,0x00,0x00,0x00,0x00,0x00,0x00,0x00,0x00,0x00,0x00,0x00,0x00,0x00,0x00,0x00,0x00,0x00,
    0x00,0x00,0x00,0x00,0x00,0x00,0xff,0xff,0xff,0xff,0x7f,0xac,0x5f,0xa4,0xbf,0xb4,0x7f,0xac,0x7f,0xac,0x5f,0xac,0x00,0x00,
    0xff,0x7b,0x00,0x00,0x00,0x00,0x00,0x00,0x00,0x00,0x00,0x00,0x00,0x00,0x00,0x00,0x00,0x00,0x00,0x00,0x00,0x00,0x00,0x00,
    0x00,0x00,0x00,0x00,0x00,0x00,0x00,0x00,0x00,0x00,0x00,0x00,0x00,0x00,0x00,0x00,0x00,0x00,0x00,0x00,0x00,0x00,0x00,0x00,
    0x00,0x00,0x00,0x00,0x00,0x00,0x00,0x00,0x00,0x00,0x00,0x00,0x00,0x00,0x00,0x00,0x00,0x00,0x00,0x00,0x00,0x00,0x00,0x00,
    0x00,0x00,0x00,0x00,0x00,0x00,0x00,0x00,0x00,0x00,0x00,0x00,0x00,0x00,0x00,0x00,0x00,0x00,0x00,0x00,0x00,0x00,0x00,0x00,
    0x00,0x00,0x00,0x00,0x00,0x00,0x00,0x00,0x00,0x00,0x00,0x00,0x00,0x00,0xff,0xff,0x00,0x00,0xfd,0xa3,0x5f,0xa4,0x7f,0xac,
    0x5f,0xa4,0xbf,0xb4,0x7f,0xa4,0x00,0x00,0x5f,0xad,0x00,0x00,0x00,0x00,0x00,0x00,0x00,0x00,0x00,0x00,0x00,0x00,0x00,0x00,
    0x00,0x00,0x00,0x00,0x00,0x00,0x00,0x00,0x00,0x00,0x00,0x00,0x00,0x00,0x00,0x00,0x00,0x00,0x00,0x00,0x00,0x00,0x00,0x00,
    0x00,0x00,0x00,0x00,0x00,0x00,0x00,0x00,0x00,0x00,0x00,0x00,0x00,0x00,0x00,0x00,0x00,0x00,0x00,0x00,0x00,0x00,0x00,0x00,
    0x00,0x00,0x00,0x00,0x00,0x00,0x00,0x00,0x00,0x00,0x00,0x00,0x00,0x00,0x00,0x00,0x00,0x00,0x00,0x00,0x00,0x00,0x00,0x00,
    0x00,0x00,0x00,0x00,0x00,0x00,0x00,0x00,0x00,0x00,0x00,0x00,0x00,0x00,0x00,0x00,0x00,0x00,0x00,0x00,0x00,0x00,0x00,0x00,
    0xff,0xfb,0x00,0x00,0x5f,0xac,0x9f,0xac,0x9f,0xac,0x5f,0xa4,0xff,0xff,0xff,0xfb,0x00,0x00,0x00,0x00,0x00,0x00,0x00,0x00,
    0x00,0x00,0x00,0x00,0x00,0x00,0x00,0x00,0x00,0x00,0x00,0x00,0x00,0x00,0x00,0x00,0x00,0x00,0x00,0x00,0x00,0x00,0x00,0x00,
    0x00,0x00,0x00,0x00,0x00,0x00,0x00,0x00,0x00,0x00,0x00,0x00,0x00,0x00,0x00,0x00,0x00,0x00,0x00,0x00,0x00,0x00,0x00,0x00,
    0x00,0x00,0x00,0x00,0x00,0x00,0x00,0x00,0x00,0x00,0x00,0x00,0x00,0x00,0x00,0x00,0x00,0x00,0x00,0x00,0x00,0x00,0x00,0x00,
    0x00,0x00,0x00,0x00,0x00,0x00,0x00,0x00,0x00,0x00,0x00,0x00,0x00,0x00,0x00,0x00,0x00,0x00,0x00,0x00,0x00,0x00,0x00,0x00,
    0x00,0x00,0x00,0x00,0x00,0x00,0x00,0x00,0x00,0x00,0xff,0xff,0x00,0x00,0x5f,0xac,0x9f,0xac,0x00,0x00,0x00,0x00,0x00,0x00,
    0x00,0x00,0x00,0x00,0x00,0x00,0x00,0x00,0x00,0x00,0x00,0x00,0x00,0x00,0x00,0x00,0x00,0x00,0x00,0x00,0x00,0x00,0x00,0x00,
    0x00,0x00,0x00,0x00,0x00,0x00,0x00,0x00,0x00,0x00,0x00,0x00,0x00,0x00,0x00,0x00,0x00,0x00,0x00,0x00,0x00,0x00,0x00,0x00,
    0x00,0x00,0x00,0x00,0x00,0x00,0x00,0x00,0x00,0x00,0x00,0x00,0x00,0x00,0x00,0x00,0x00,0x00,0x00,0x00,0x00,0x00,0x00,0x00,
    0x00,0x00,0x00,0x00,0x00,0x00,0x00,0x00,0x00,0x00,0x00,0x00,0x00,0x00,0x00,0x00,0x00,0x00,0x00,0x00,0x00,0x00,0x00,0x00,
    0x00,0x00,0x00,0x00,0x00,0x00,0x00,0x00,0x00,0x00,0x00,0x00,0x00,0x00,0x00,0x00,0x00,0x00,0x00,0x00,0x00,0x00,0x00,0x00,
    0x00,0x00,0x00,0x00,0x00,0x00,0x00,0x00,0x00,0x00,0x00,0x00,0x00,0x00,0x00,0x00,0x00,0x00,0x00,0x00,0x00,0x00,0x00,0x00,
    0x00,0x00,0x00,0x00,0x00,0x00,0x00,0x00,0x00,0x00,0x00,0x00,0x00,0x00,0x00,0x00,0x00,0x00,0x00,0x00,0x00,0x00,0x00,0x00,
    0x00,0x00,0x00,0x00,0x00,0x00,0x00,0x00,0x00,0x00,0x00,0x00,0x00,0x00,0x00,0x00,0x00,0x00,0x00,0x00,0x00,0x00,0x00,0x00,
    0x00,0x00,0x00,0x00,0x00,0x00,0x00,0x00,0x00,0x00,0x00,0x00,0x00,0x00,0x00,0x00,0x00,0x00,0x00,0x00,0x00,0x00,0x00,0x00,
    0x00,0x00,0x00,0x00,0x00,0x00,0x00,0x00,0x00,0x00,0x00,0x00,0x00,0x00,0x00,0x00,0x00,0x00,0x00,0x00,0x00,0x00,0x00,0x00,
    0x00,0x00,0x00,0x00,0x00,0x00,0x00,0x00,0x00,0x00,0x00,0x00,0x00,0x00,0x00,0x00,0x00,0x00,0x00,0x00,0x00,0x00,0x00,0x00,
    0x00,0x00,0x00,0x00,0x00,0x00,0x00,0x00,0x00,0x00,0x00,0x00,0x00,0x00,0x00,0x00,0x00,0x00,0x00,0x00,0x00,0x00,0x00,0x00,
    0x00,0x00,0x00,0x00,0x00,0x00,0x00,0x00,0x00,0x00,0x00,0x00,0x00,0x00,0x00,0x00,0x00,0x00,0x00,0x00,0x00,0x00,0x00,0x00,
    0x00,0x00,0x00,0x00,0x00,0x00,0x00,0x00,0x00,0x00,0x00,0x00,0x00,0x00,0x00,0x00,0x00,0x00,0x00,0x00,0x00,0x00,0x00,0x00,
    0x00,0x00,0x00,0x00,0x00,0x00,0x00,0x00,0x00,0x00,0x00,0x00,0x00,0x00,0x00,0x00,0x00,0x00,0x00,0x00,0x00,0x00,0x00,0x00,
    0x00,0x00,0x00,0x00,0x00,0x00,0x00,0x00,0x00,0x00,0x00,0x00,0x00,0x00,0x00,0x00,0x00,0x00,0x00,0x00,0x00,0x00,0x00,0x00,
    0x00,0x00,0x00,0x00,0x00,0x00,0x00,0x00,0x00,0x00,0x00,0x00,0x00,0x00,0x00,0x00,0x00,0x00,0x00,0x00,0x00,0x00,0x00,0x00,
    0x00,0x00,0x00,0x00,0x00,0x00,0x00,0x00,0x00,0x00,0x00,0x00,0x00,0x00,0x00,0x00,0x00,0x00,0x00,0x00,0x00,0x00,0x00,0x00,
    0x00,0x00,0x00,0x00,0x00,0x00,0x00,0x00,0x00,0x00,0x00,0x00,0x00,0x00,0x00,0x00,0x00,0x00,0x00,0x00,0x00,0x00,0x00,0x00,
    0x00,0x00,0x00,0x00,0x00,0x00,0x00,0x00,0x00,0x00,0x00,0x00,0x00,0x00,0x00,0x00,0x00,0x00,0x00,0x00,0x00,0x00,0x00,0x00,
    0x00,0x00,0x00,0x00,0x00,0x00,0x00,0x00,0x00,0x00,0x00,0x00,0x00,0x00,0x00,0x00,0x00,0x00,0x00,0x00,0x00,0x00,0x00,0x00,
    0x00,0x00,0x00,0x00,0x00,0x00,0x00,0x00,0x00,0x00,0x00,0x00,0x00,0x00,0x00,0x00,0x00,0x00,0x00,0x00,0x00,0x00,0x00,0x00,
    0x00,0x00,0x00,0x00,0x00,0x00,0x00,0x00,0x00,0x00,0x00,0x00,0x00,0x00,0x00,0x00,0x00,0x00,0x00,0x00,0x00,0x00,0x00,0x00,
    0x00,0x00,0x00,0x00,0x00,0x00,0x00,0x00,0x00,0x00,0x00,0x00,0x00,0x00,0x00,0x00,0x00,0x00,0x00,0x00,0x00,0x00,0x00,0x00,
    0x00,0x00,0x00,0x00,0x00,0x00,0x00,0x00,0x00,0x00,0x00,0x00,0x00,0x00,0x00,0x00,0x00,0x00,0x00,0x00,0x00,0x00,0x00,0x00,
    0x00,0x00,0x00,0x00,0x00,0x00,0x00,0x00,0x00,0x00,0x00,0x00,0x00,0x00,0x00,0x00,0x00,0x00,0x00,0x00,0x00,0x00,0x00,0x00,
    0x00,0x00,0x00,0x00,0x00,0x00,0x00,0x00,0x00,0x00,0x00,0x00,0x00,0x00,0x00,0x00,0x00,0x00,0x00,0x00,0x00,0x00,0x00,0x00,
    0x00,0x00,0x00,0x00,0x00,0x00,0x00,0x00,0x00,0x00,0x00,0x00,0x00,0x00,0x00,0x00,0x00,0x00,0x00,0x00,0x00,0x00,0x00,0x00,
    0x00,0x00,0x00,0x00,0x00,0x00,0x00,0x00,0x00,0x00,0x00,0x00,0x00,0x00,0x00,0x00,0x00,0x00,0x00,0x00,0x00,0x00,0x00,0x00,
    0x00,0x00,0x00,0x00,0x00,0x00,0x00,0x00,0x00,0x00,0x00,0x00,0x00,0x00,0x00,0x00,0x00,0x00,0x00,0x00,0x00,0x00,0x00,0x00,
    0x00,0x00,0x00,0x00,0x00,0x00,0x00,0x00,0x00,0x00,0x00,0x00,0x00,0x00,0x00,0x00,0x00,0x00,0x00,0x00,0x00,0x00,0x00,0x00,
    0x00,0x00,0x00,0x00,0x00,0x00,0x00,0x00,0x00,0x00,0x00,0x00,0x00,0x00,0x00,0x00,0x00,0x00,0x00,0x00,0x00,0x00,0x00,0x00,
    0x00,0x00,0x00,0x00,0x00,0x00,0x00,0x00,0x00,0x00,0x00,0x00,0x00,0x00,0x00,0x00,0x00,0x00,0x00,0x00,0x00,0x00,0x00,0x00,
    0x00,0x00,0x00,0x00,0x00,0x00,0x00,0x00,0x00,0x00,0x00,0x00,0x00,0x00,0x00,0x00,0x00,0x00,0x00,0x00,0x00,0x00,0x00,0x00,
    0x00,0x00,0x00,0x00,0x00,0x00,0x00,0x00,0x00,0x00,0x00,0x00,0x00,0x00,0x00,0x00,0x00,0x00,0x00,0x00,0x00,0x00,0x00,0x00,
    0x00,0x00,0x00,0x00,0x00,0x00,0x00,0x00,0x00,0x00,0x00,0x00,0x00,0x00,0x00,0x00,0x00,0x00,0x00,0x00,0x00,0x00,0x00,0x00,
    0x00,0x00,0x00,0x00,0x00,0x00,0x00,0x00,0x00,0x00,0x00,0x00,0x00,0x00,0x00,0x00,0x00,0x00,0x00,0x00,0x00,0x00,0x00,0x00,
    0x00,0x00,0x00,0x00,0x00,0x00,0x00,0x00,0x00,0x00,0x00,0x00,0x00,0x00,0x00,0x00,0x00,0x00,0x00,0x00,0x00,0x00,0x00,0x00,
    0x00,0x00,0x00,0x00,0x00,0x00,0x00,0x00,0x00,0x00,0x00,0x00,0x00,0x00,0x00,0x00,0x00,0x00,0x00,0x00,0x00,0x00,0x00,0x00,
    0x00,0x00,0x00,0x00,0x00,0x00,0x00,0x00,0x00,0x00,0x00,0x00,0x00,0x00,0x00,0x00,0x00,0x00,0x00,0x00,0x00,0x00,0x00,0x00,
    0x00,0x00,0x00,0x00,0x00,0x00,0x00,0x00,0x00,0x00,0x00,0x00,0x00,0x00,0x00,0x00,0x00,0x00,0x00,0x00,0x00,0x00,0x00,0x00,
    0x00,0x00,0x00,0x00,0x01,0x01,0x01,0x01,0x00,0x00,0x00,0x00,0x00,0x00,0x00,0x00,0x00,0x00,0x00,0x00,0x00,0x00,0x00,0x00,
    0x00,0x00,0x00,0x00,0x00,0x00,0x00,0x00,0x00,0x00,0x00,0x00,0x00,0x00,0x00,0x00,0x00,0x00,0x00,0x00,0x00,0x00,0x00,0x00,
    0x00,0x00,0x00,0x00,0x00,0x00,0x00,0x00,0x00,0x00,0x00,0x00,0x00,0x00,0x00,0x00,0x00,0x01,0x03,0x03,0x00,0x00,0x00,0x00,
    0x03,0x04,0x01,0x00,0x00,0x00,0x00,0x00,0x00,0x00,0x00,0x00,0x00,0x00,0x00,0x00,0x00,0x00,0x00,0x00,0x00,0x00,0x00,0x00,
    0x00,0x00,0x00,0x00,0x00,0x00,0x00,0x00,0x00,0x00,0x00,0x00,0x00,0x00,0x00,0x00,0x00,0x00,0x00,0x00,0x00,0x00,0x00,0x00,
    0x00,0x00,0x00,0x00,0x00,0x00,0x00,0x00,0x03,0x00,0x00,0x00,0x03,0x10,0x10,0x09,0x00,0x00,0x00,0x03,0x00,0x00,0x00,0x00,
    0x00,0x00,0x00,0x00,0x00,0x00,0x00,0x00,0x00,0x00,0x00,0x00,0x00,0x00,0x00,0x00,0x00,0x00,0x00,0x00,0x00,0x00,0x00,0x00,
    0x00,0x00,0x00,0x00,0x00,0x00,0x00,0x00,0x00,0x00,0x00,0x00,0x00,0x00,0x00,0x00,0x00,0x00,0x00,0x00,0x00,0x00,0x00,0x03,
    0x00,0x06,0x5e,0x9e,0xd5,0xee,0xee,0xe1,0xad,0x70,0x16,0x00,0x01,0x01,0x00,0x00,0x00,0x00,0x00,0x00,0x00,0x00,0x00,0x00,
    0x00,0x00,0x00,0x00,0x00,0x00,0x00,0x00,0x00,0x00,0x00,0x00,0x00,0x00,0x00,0x00,0x00,0x00,0x00,0x00,0x00,0x00,0x00,0x00,
    0x00,0x00,0x00,0x00,0x00,0x00,0x00,0x00,0x00,0x00,0x00,0x00,0x00,0x01,0x02,0x00,0x57,0xd4,0xff,0xff,0xff,0xff,0xff,0xff,
    0xff,0xff,0xe9,0x7d,0x00,0x00,0x02,0x00,0x00,0x00,0x00,0x00,0x00,0x00,0x00,0x00,0x00,0x00,0x00,0x00,0x00,0x00,0x00,0x00,
    0x00,0x00,0x00,0x00,0x00,0x00,0x00,0x00,0x00,0x00,0x00,0x00,0x00,0x00,0x00,0x00,0x00,0x00,0x00,0x00,0x00,0x00,0x00,0x00,
    0x00,0x00,0x00,0x00,0x01,0x01,0x00,0x8f,0xff,0xff,0xfb,0xfb,0xfd,0xfe,0xfe,0xfd,0xfc,0xfb,0xff,0xff,0xb8,0x12,0x00,0x02,
    0x00,0x00,0x00,0x00,0x00,0x00,0x00,0x00,0x00,0x00,0x00,0x00,0x00,0x00,0x00,0x00,0x00,0x00,0x00,0x00,0x00,0x00,0x00,0x00,
    0x00,0x00,0x00,0x00,0x00,0x00,0x00,0x00,0x00,0x00,0x00,0x00,0x00,0x00,0x00,0x00,0x00,0x00,0x00,0x00,0x03,0x01,0x9a,0xff,
    0xfc,0xfd,0xff,0xff,0xff,0xff,0xff,0xff,0xff,0xff,0xfe,0xfa,0xff,0xca,0x13,0x02,0x01,0x00,0x00,0x00,0x00,0x00,0x00,0x00,
    0x00,0x00,0x00,0x00,0x00,0x00,0x00,0x00,0x00,0x00,0x00,0x00,0x00,0x00,0x00,0x00,0x00,0x00,0x00,0x00,0x00,0x00,0x00,0x00,
    0x00,0x00,0x00,0x00,0x00,0x00,0x00,0x00,0x00,0x01,0x01,0x04,0x00,0x7f,0xff,0xf9,0xff,0xff,0xff,0xff,0xff,0xff,0xff,0xff,
    0xff,0xff,0xff,0xff,0xfa,0xff,0xbb,0x00,0x03,0x00,0x00,0x00,0x00,0x00,0x00,0x00,0x00,0x00,0x00,0x00,0x00,0x00,0x00,0x00,
    0x00,0x00,0x00,0x00,0x00,0x00,0x00,0x00,0x00,0x00,0x00,0x00,0x00,0x00,0x00,0x00,0x00,0x00,0x00,0x00,0x00,0x00,0x01,0x04,
    0x02,0x00,0x00,0x00,0x32,0xfa,0xfb,0xfe,0xff,0xff,0xff,0xff,0xff,0xff,0xff,0xff,0xff,0xff,0xff,0xff,0xff,0xfa,0xff,0x6b,
    0x00,0x03,0x00,0x00,0x00,0x00,0x00,0x00,0x00,0x00,0x00,0x00,0x00,0x00,0x00,0x00,0x00,0x00,0x00,0x00,0x00,0x00,0x00,0x00,
    0x00,0x00,0x00,0x00,0x00,0x00,0x00,0x00,0x00,0x00,0x00,0x00,0x00,0x03,0x00,0x00,0x00,0x0f,0x13,0x14,0xc2,0xff,0xfc,0xff,
    0xff,0xff,0xff,0xff,0xff,0xff,0xff,0xff,0xff,0xff,0xff,0xff,0xff,0xfe,0xfd,0xee,0x15,0x01,0x01,0x00,0x00,0x00,0x00,0x00,
    0x00,0x00,0x00,0x00,0x00,0x00,0x00,0x00,0x00,0x00,0x00,0x00,0x00,0x00,0x00,0x00,0x00,0x00,0x00,0x00,0x00,0x00,0x00,0x00,
    0x00,0x00,0x00,0x01,0x01,0x00,0x16,0x74,0xbc,0xeb,0xee,0xf0,0xff,0xfe,0xff,0xff,0xff,0xff,0xff,0xff,0xff,0xff,0xff,0xff,
    0xff,0xff,0xff,0xff,0xff,0xff,0xfc,0xff,0x60,0x02,0x08,0x02,0x00,0x00,0x00,0x00,0x00,0x00,0x00,0x00,0x00,0x00,0x00,0x00,
    0x00,0x00,0x00,0x00,0x00,0x00,0x00,0x00,0x00,0x00,0x00,0x00,0x00,0x00,0x00,0x00,0x00,0x00,0x01,0x00,0x00,0x7c,0xe9,0xff,
    0xff,0xff,0xff,0xff,0xfe,0xff,0xff,0xff,0xff,0xff,0xff,0xff,0xff,0xff,0xff,0xff,0xff,0xff,0xff,0xff,0xff,0xff,0xfc,0xfe,
    0xb5,0x00,0x00,0x00,0x03,0x00,0x00,0x00,0x00,0x00,0x00,0x00,0x00,0x00,0x00,0x00,0x00,0x00,0x00,0x00,0x00,0x00,0x00,0x00,
    0x00,0x00,0x00,0x00,0x00,0x00,0x00,0x00,0x00,0x01,0x01,0x13,0xb8,0xff,0xff,0xfb,0xfc,0xfe,0xfe,0xfe,0xff,0xff,0xff,0xff,
    0xff,0xff,0xff,0xff,0xff,0xff,0xff,0xff,0xff,0xff,0xff,0xff,0xff,0xff,0xff,0xff,0xf9,0xbc,0x74,0x22,0x00,0x02,0x00,0x00,
    0x00,0x00,0x00,0x00,0x00,0x00,0x00,0x00,0x00,0x00,0x00,0x00,0x00,0x00,0x00,0x00,0x00,0x00,0x00,0x00,0x00,0x00,0x00,0x00,
    0x00,0x03,0x02,0xbb,0xff,0xf9,0xfe,0xff,0xff,0xff,0xff,0xff,0xff,0xff,0xff,0xff,0xff,0xff,0xff,0xff,0xff,0xff,0xff,0xff,
    0xff,0xff,0xff,0xff,0xff,0xff,0xff,0xff,0xff,0xff,0xff,0xf0,0x6d,0x00,0x02,0x01,0x00,0x00,0x00,0x00,0x00,0x00,0x00,0x00,
    0x00,0x00,0x00,0x00,0x00,0x00,0x00,0x00,0x00,0x00,0x00,0x00,0x00,0x00,0x00,0x00,0x03,0x00,0x7a,0xff,0xf9,0xff,0xff,0xff,
    0xff,0xff,0xff,0xff,0xff,0xff,0xff,0xff,0xff,0xff,0xff,0xff,0xff,0xff,0xff,0xff,0xff,0xff,0xff,0xff,0xff,0xff,0xff,0xff,
    0xff,0xfc,0xfb,0xff,0xff,0x9a,0x01,0x03,0x00,0x00,0x00,0x00,0x00,0x00,0x00,0x00,0x00,0x00,0x00,0x00,0x00,0x00,0x00,0x00,
    0x00,0x00,0x00,0x00,0x00,0x00,0x00,0x01,0x01,0x15,0xed,0xfd,0xfe,0xff,0xff,0xff,0xff,0xff,0xff,0xff,0xff,0xff,0xff,0xff,
    0xff,0xff,0xff,0xff,0xff,0xff,0xff,0xff,0xff,0xff,0xff,0xff,0xff,0xff,0xff,0xff,0xff,0xff,0xff,0xfe,0xf9,0xff,0x7f,0x00,
    0x03,0x00,0x00,0x00,0x00,0x00,0x00,0x00,0x00,0x00,0x00,0x00,0x00,0x00,0x00,0x00,0x00,0x00,0x00,0x00,0x00,0x00,0x00,0x04,
    0x00,0x76,0xff,0xfb,0xff,0xff,0xff,0xff,0xff,0xff,0xff,0xff,0xff,0xff,0xff,0xff,0xff,0xff,0xff,0xff,0xff,0xff,0xff,0xff,
    0xff,0xff,0xff,0xff,0xff,0xff,0xff,0xff,0xff,0xff,0xff,0xff,0xfe,0xfb,0xfa,0x34,0x00,0x02,0x00,0x00,0x00,0x00,0x00,0x00,
    0x00,0x00,0x00,0x00,0x00,0x00,0x00,0x00,0x00,0x00,0x00,0x00,0x00,0x00,0x00,0x02,0x04,0xc0,0xfe,0xfc,0xff,0xff,0xff,0xff,
    0xff,0xff,0xff,0xff,0xff,0xff,0xff,0xff,0xff,0xff,0xff,0xff,0xff,0xff,0xff,0xff,0xff,0xff,0xff,0xff,0xff,0xff,0xff,0xff,
    0xff,0xff,0xff,0xff,0xff,0xfb,0xff,0xa4,0x00,0x03,0x00,0x00,0x00,0x00,0x00,0x00,0x00,0x00,0x00,0x00,0x00,0x00,0x00,0x00,
    0x00,0x00,0x00,0x00,0x00,0x00,0x01,0x01,0x01,0xea,0xff,0xfe,0xff,0xff,0xff,0xff,0xff,0xff,0xff,0xff,0xff,0xff,0xff,0xff,
    0xff,0xff,0xff,0xff,0xff,0xff,0xff,0xff,0xff,0xff,0xff,0xff,0xff,0xff,0xff,0xff,0xff,0xff,0xff,0xff,0xff,0xfe,0xff,0xe4,
    0x0a,0x00,0x01,0x00,0x00,0x00,0x00,0x00,0x00,0x00,0x00,0x00,0x00,0x00,0x00,0x00,0x00,0x00,0x00,0x00,0x00,0x01,0x01,0x00,
    0x81,0xfb,0xfe,0xff,0xff,0xff,0xff,0xff,0xff,0xff,0xff,0xff,0xff,0xff,0xff,0xff,0xff,0xff,0xff,0xff,0xff,0xff,0xff,0xff,
    0xff,0xff,0xff,0xff,0xff,0xff,0xff,0xff,0xff,0xff,0xff,0xff,0xff,0xff,0xfe,0xfc,0x35,0x00,0x03,0x00,0x00,0x00,0x00,0x00,
    0x00,0x00,0x00,0x00,0x00,0x00,0x00,0x00,0x00,0x00,0x00,0x00,0x00,0x03,0x01,0x9a,0xff,0xfd,0xff,0xff,0xff,0xff,0xff,0xff,
    0xff,0xff,0xff,0xff,0xff,0xff,0xff,0xff,0xff,0xff,0xff,0xff,0xff,0xff,0xff,0xff,0xff,0xff,0xff,0xff,0xff,0xff,0xff,0xff,
    0xff,0xff,0xff,0xff,0xff,0xff,0xfd,0xff,0x44,0x00,0x03,0x00,0x00,0x00,0x00,0x00,0x00,0x00,0x00,0x00,0x00,0x00,0x00,0x00,
    0x00,0x00,0x00,0x00,0x03,0x00,0x7f,0xff,0xf9,0xff,0xff,0xff,0xff,0xff,0xff,0xff,0xff,0xff,0xff,0xff,0xff,0xff,0xff,0xff,
    0xff,0xff,0xff,0xff,0xff,0xff,0xff,0xff,0xff,0xff,0xff,0xff,0xff,0xff,0xff,0xff,0xff,0xff,0xff,0xff,0xff,0xff,0xfd,0xfe,
    0x3e,0x00,0x03,0x00,0x00,0x00,0x00,0x00,0x00,0x00,0x00,0x00,0x00,0x00,0x00,0x00,0x00,0x00,0x00,0x02,0x00,0x29,0xfa,0xfc,
    0xfe,0xff,0xff,0xff,0xff,0xff,0xff,0xff,0xff,0xff,0xff,0xff,0xff,0xff,0xff,0xff,0xff,0xff,0xff,0xff,0xff,0xff,0xff,0xff,
    0xff,0xff,0xff,0xff,0xff,0xff,0xff,0xff,0xff,0xff,0xff,0xff,0xff,0xfe,0xff,0xee,0x13,0x00,0x01,0x00,0x00,0x00,0x00,0x00,
    0x00,0x00,0x00,0x00,0x00,0x00,0x00,0x00,0x00,0x00,0x00,0x04,0x00,0x8d,0xff,0xfb,0xff,0xff,0xff,0xff,0xff,0xff,0xff,0xff,
    0xff,0xff,0xff,0xff,0xff,0xff,0xff,0xff,0xff,0xff,0xff,0xff,0xff,0xff,0xff,0xff,0xff,0xff,0xff,0xff,0xff,0xff,0xff,0xff,
    0xff,0xff,0xff,0xff,0xff,0xfc,0xfe,0xb8,0x00,0x03,0x00,0x00,0x00,0x00,0x00,0x00,0x00,0x00,0x00,0x00,0x00,0x00,0x00,0x00,
    0x00,0x00,0x00,0x01,0x04,0xcd,0xfe,0xfd,0xff,0xff,0xff,0xff,0xff,0xff,0xff,0xff,0xff,0xff,0xff,0xff,0xff,0xff,0xff,0xff,
    0xff,0xff,0xff,0xff,0xff,0xff,0xff,0xff,0xff,0xff,0xff,0xff,0xff,0xff,0xff,0xff,0xff,0xff,0xff,0xff,0xff,0xfa,0xff,0x51,
    0x00,0x03,0x00,0x00,0x00,0x00,0x00,0x00,0x00,0x00,0x00,0x00,0x00,0x00,0x00,0x00,0x00,0x00,0x01,0x00,0x11,0xee,0xff,0xfe,
    0xff,0xff,0xff,0xff,0xff,0xff,0xff,0xff,0xff,0xff,0xff,0xff,0xff,0xff,0xff,0xff,0xff,0xff,0xff,0xff,0xff,0xff,0xff,0xff,
    0xff,0xff,0xff,0xff,0xff,0xff,0xff,0xff,0xff,0xff,0xff,0xff,0xf9,0xff,0xaa,0x00,0x03,0x00,0x00,0x00,0x00,0x00,0x00,0x00,
    0x00,0x00,0x00,0x00,0x00,0x00,0x00,0x00,0x00,0x00,0x01,0x00,0x12,0xf0,0xff,0xfe,0xff,0xff,0xff,0xff,0xff,0xff,0xff,0xff,
    0xff,0xff,0xff,0xff,0xff,0xff,0xff,0xff,0xff,0xff,0xff,0xff,0xff,0xff,0xff,0xff,0xff,0xff,0xff,0xff,0xff,0xff,0xff,0xff,
    0xff,0xff,0xff,0xfc,0xff,0xca,0x12,0x02,0x01,0x00,0x00,0x00,0x00,0x00,0x00,0x00,0x00,0x00,0x00,0x00,0x00,0x00,0x00,0x00,
    0x00,0x00,0x00,0x01,0x08,0xd9,0xff,0xfd,0xff,0xff,0xff,0xff,0xff,0xff,0xff,0xff,0xff,0xff,0xff,0xff,0xff,0xff,0xff,0xff,
    0xff,0xff,0xff,0xff,0xff,0xff,0xff,0xff,0xff,0xff,0xff,0xff,0xff,0xff,0xff,0xff,0xff,0xff,0xfd,0xff,0xaa,0x11,0x00,0x02,
    0x00,0x00,0x00,0x00,0x00,0x00,0x00,0x00,0x00,0x00,0x00,0x00,0x00,0x00,0x00,0x00,0x00,0x00,0x00,0x03,0x00,0xa1,0xfe,0xfb,
    0xff,0xff,0xff,0xff,0xff,0xff,0xff,0xff,0xff,0xff,0xff,0xff,0xff,0xff,0xff,0xff,0xff,0xff,0xff,0xff,0xff,0xff,0xff,0xff,
    0xff,0xff,0xff,0xff,0xff,0xff,0xff,0xff,0xff,0xfd,0xfd,0xdd,0x00,0x00,0x02,0x00,0x00,0x00,0x00,0x00,0x00,0x00,0x00,0x00,
    0x00,0x00,0x00,0x00,0x00,0x00,0x00,0x00,0x00,0x00,0x00,0x03,0x00,0x42,0xff,0xfb,0xff,0xff,0xff,0xff,0xff,0xff,0xff,0xff,
    0xff,0xff,0xff,0xff,0xff,0xff,0xff,0xff,0xff,0xff,0xff,0xff,0xff,0xff,0xff,0xff,0xff,0xff,0xff,0xff,0xff,0xff,0xff,0xff,
    0xff,0xfa,0xff,0x7f,0x00,0x05,0x00,0x00,0x00,0x00,0x00,0x00,0x00,0x00,0x00,0x00,0x00,0x00,0x00,0x00,0x00,0x00,0x00,0x00,
    0x00,0x00,0x00,0x00,0x03,0x00,0xaa,0xff,0xf9,0xff,0xff,0xff,0xff,0xff,0xff,0xff,0xff,0xff,0xff,0xff,0xff,0xff,0xff,0xff,
    0xff,0xff,0xff,0xff,0xff,0xff,0xff,0xff,0xff,0xff,0xff,0xff,0xff,0xff,0xff,0xff,0xfb,0xff,0xde,0x0f,0x02,0x01,0x00,0x00,
    0x00,0x00,0x00,0x00,0x00,0x00,0x00,0x00,0x00,0x00,0x00,0x00,0x00,0x00,0x00,0x00,0x00,0x00,0x00,0x00,0x01,0x02,0x12,0xca,
    0xff,0xfa,0xfc,0xfe,0xff,0xff,0xff,0xff,0xff,0xff,0xff,0xff,0xff,0xff,0xff,0xff,0xff,0xff,0xff,0xff,0xff,0xff,0xff,0xff,
    0xff,0xff,0xff,0xff,0xff,0xfe,0xfd,0xfa,0xff,0xee,0x34,0x00,0x02,0x00,0x00,0x00,0x00,0x00,0x00,0x00,0x00,0x00,0x00,0x00,
    0x00,0x00,0x00,0x00,0x00,0x00,0x00,0x00,0x00,0x00,0x00,0x00,0x00,0x02,0x00,0x12,0xb8,0xff,0xff,0xff,0xfd,0xfd,0xfd,0xfd,
    0xfd,0xfd,0xfd,0xfd,0xfd,0xfd,0xfd,0xfd,0xfd,0xfd,0xfd,0xfd,0xfd,0xfd,0xfd,0xfd,0xfd,0xfd,0xfd,0xfd,0xfd,0xff,0xff,0xff,
    0xd9,0x35,0x00,0x03,0x00,0x00,0x00,0x00,0x00,0x00,0x00,0x00,0x00,0x00,0x00,0x00,0x00,0x00,0x00,0x00,0x00,0x00,0x00,0x00,
    0x00,0x00,0x00,0x00,0x00,0x00,0x02,0x00,0x00,0x62,0xc6,0xf4,0xff,0xff,0xff,0xff,0xff,0xff,0xff,0xff,0xff,0xff,0xff,0xff,
    0xff,0xff,0xff,0xff,0xff,0xff,0xff,0xff,0xff,0xff,0xff,0xff,0xff,0xfb,0xd5,0x80,0x0f,0x00,0x03,0x00,0x00,0x00,0x00,0x00,
    0x00,0x00,0x00,0x00,0x00,0x00,0x00,0x00,0x00,0x00,0x00,0x00,0x00,0x00,0x00,0x00,0x00,0x00,0x00,0x00,0x00,0x00,0x00,0x01,
    0x01,0x00,0x00,0x1d,0x41,0x41,0x41,0x41,0x41,0x41,0x41,0x41,0x41,0x42,0x45,0x3f,0x3d,0x44,0x43,0x41,0x41,0x41,0x41,0x41,
    0x41,0x41,0x41,0x41,0x41,0x29,0x03,0x00,0x00,0x02,0x00,0x00,0x00,0x00,0x00,0x00,0x00,0x00,0x00,0x00,0x00,0x00,0x00,0x00,
    0x00,0x00,0x00,0x00,0x00,0x00,0x00,0x00,0x00,0x00,0x00,0x00,0x00,0x00,0x00,0x00,0x00,0x03,0x01,0x00,0x00,0x00,0x00,0x00,
    0x00,0x00,0x00,0x00,0x00,0x00,0x00,0x00,0x03,0x00,0x00,0x00,0x00,0x00,0x00,0x00,0x00,0x00,0x00,0x00,0x00,0x00,0x00,0x03,
    0x01,0x00,0x00,0x00,0x00,0x00,0x00,0x00,0x00,0x00,0x00,0x00,0x00,0x00,0x00,0x00,0x00,0x00,0x00,0x00,0x00,0x00,0x00,0x00,
    0x00,0x00,0x00,0x00,0x00,0x00,0x00,0x00,0x00,0x00,0x00,0x02,0x03,0x03,0x03,0x03,0x03,0x03,0x03,0x03,0x04,0x05,0x7f,0xe6,
    0xf0,0xa0,0x17,0x04,0x04,0x03,0x03,0x03,0x03,0x03,0x03,0x03,0x03,0x02,0x01,0x00,0x00,0x00,0x00,0x00,0x00,0x00,0x00,0x00,
    0x00,0x00,0x00,0x00,0x00,0x00,0x00,0x00,0x00,0x00,0x00,0x00,0x00,0x00,0x00,0x00,0x00,0x00,0x00,0x00,0x00,0x00,0x00,0x00,
    0x00,0x00,0x00,0x00,0x00,0x00,0x00,0x00,0x00,0x00,0x00,0x03,0x00,0x7b,0xff,0xff,0xff,0xff,0xb9,0x02,0x02,0x00,0x00,0x00,
    0x00,0x00,0x00,0x00,0x00,0x00,0x00,0x00,0x00,0x00,0x00,0x00,0x00,0x00,0x00,0x00,0x00,0x00,0x00,0x00,0x00,0x00,0x00,0x00,
    0x00,0x00,0x00,0x00,0x00,0x00,0x00,0x00,0x00,0x00,0x00,0x00,0x00,0x00,0x00,0x00,0x00,0x00,0x00,0x00,0x00,0x00,0x00,0x00,
    0x00,0x00,0x01,0x00,0x0d,0xe8,0xfc,0xfc,0xfe,0xfa,0xff,0x36,0x00,0x03,0x00,0x00,0x00,0x00,0x00,0x00,0x00,0x00,0x00,0x00,
    0x00,0x00,0x00,0x00,0x00,0x00,0x00,0x00,0x00,0x00,0x00,0x00,0x00,0x00,0x00,0x00,0x00,0x00,0x00,0x00,0x00,0x00,0x00,0x00,
    0x00,0x00,0x00,0x00,0x00,0x00,0x00,0x00,0x00,0x00,0x00,0x00,0x00,0x00,0x00,0x00,0x00,0x00,0x01,0x00,0x11,0xf1,0xfc,0xfe,
    0xff,0xfb,0xff,0x42,0x00,0x03,0x00,0x00,0x00,0x00,0x00,0x00,0x00,0x00,0x00,0x00,0x00,0x00,0x00,0x00,0x00,0x00,0x00,0x00,
    0x00,0x00,0x00,0x00,0x00,0x00,0x00,0x00,0x00,0x00,0x00,0x00,0x00,0x00,0x00,0x00,0x00,0x00,0x00,0x00,0x00,0x00,0x00,0x00,
    0x00,0x00,0x00,0x00,0x00,0x00,0x00,0x00,0x00,0x00,0x00,0x03,0x01,0xa1,0xff,0xfb,0xfa,0xff,0xda,0x0b,0x01,0x01,0x00,0x00,
    0x00,0x00,0x00,0x00,0x00,0x00,0x00,0x00,0x00,0x00,0x00,0x00,0x00,0x00,0x00,0x00,0x00,0x00,0x00,0x00,0x00,0x00,0x00,0x00,
    0x00,0x00,0x00,0x00,0x00,0x00,0x00,0x00,0x00,0x00,0x00,0x00,0x00,0x00,0x00,0x00,0x00,0x00,0x00,0x00,0x00,0x00,0x00,0x00,
    0x00,0x00,0x00,0x01,0x01,0x14,0xb6,0xff,0xff,0xd3,0x35,0x00,0x02,0x00,0x00,0x00,0x00,0x00,0x00,0x00,0x00,0x00,0x00,0x00,
    0x00,0x00,0x00,0x00,0x00,0x00,0x00,0x00,0x00,0x00,0x00,0x00,0x00,0x00,0x00,0x00,0x00,0x00,0x00,0x00,0x00,0x00,0x00,0x00,
    0x00,0x00,0x00,0x00,0x00,0x00,0x00,0x00,0x00,0x00,0x00,0x00,0x00,0x00,0x00,0x00,0x00,0x00,0x00,0x00,0x00,0x00,0x00,0x37,
    0x42,0x04,0x00,0x01,0x00,0x00,0x00,0x00,0x00,0x00,0x00,0x00,0x00,0x00,0x00,0x00,0x00,0x00,0x00,0x00,0x00,0x00,0x00,0x00,
    0x00,0x00,0x00,0x00,0x00,0x00,0x00,0x00,0x00,0x00,0x00,0x00,0x00,0x00,0x00,0x00,0x00,0x00,0x00,0x00,0x00,0x00,0x00,0x00,
    0x00,0x00,0x00,0x00,0x00,0x00,0x00,0x00,0x00,0x00,0x00,0x00,0x00,0x01,0x03,0x00,0x00,0x01,0x02,0x00,0x00,0x00,0x00,0x00,
    0x00,0x00,0x00,0x00,0x00,0x00,0x00,0x00,0x00,0x00,0x00,0x00,0x00,0x00,0x00,0x00,0x00,0x00,0x00,0x00,0x00,0x00,0x00,0x00,
    0x00,0x00,0x00,0x00,0x00,0x00,0x00,0x00,0x00,0x00,0x00,0x00,0x00,0x00,0x00,0x00,0x00,0x00,0x00,0x00,0x00,0x00,0x00,0x00,
    0x00,0x00,0x00,0x00,0x00,0x01,0x00,0x06,0x0e,0x00,0x01,0x00,0x00,0x00,0x00,0x00,0x00,0x00,0x00,0x00,0x00,0x00,0x00,0x00,
    0x00,0x00,0x00,0x00,0x00,0x00,0x00,0x00,0x00,0x00,0x00,0x00,0x00,0x00,0x00,0x00,0x00,0x00,0x00,0x00,0x00,0x00,0x00,0x00,
    0x00,0x00,0x00,0x00,0x00,0x00,0x00,0x00,0x00,0x00,0x00,0x00,0x00,0x00,0x00,0x00,0x00,0x00,0x00,0x00,0x02,0x00,0x34,0xd4,
    0xe6,0x61,0x00,0x02,0x00,0x00,0x00,0x00,0x00,0x00,0x00,0x00,0x00,0x00,0x00,0x00,0x00,0x00,0x00,0x00,0x00,0x00,0x00,0x00,
    0x00,0x00,0x00,0x00,0x00,0x00,0x00,0x00,0x00,0x00,0x00,0x00,0x00,0x00,0x00,0x00,0x00,0x00,0x00,0x00,0x00,0x00,0x00,0x00,
    0x00,0x00,0x00,0x00,0x00,0x00,0x00,0x00,0x00,0x00,0x00,0x01,0x01,0x09,0xda,0xff,0xff,0xfd,0x2a,0x00,0x02,0x00,0x00,0x00,
    0x00,0x00,0x00,0x00,0x00,0x00,0x00,0x00,0x00,0x00,0x00,0x00,0x00,0x00,0x00,0x00,0x00,0x00,0x00,0x00,0x00,0x00,0x00,0x00,
    0x00,0x00,0x00,0x00,0x00,0x00,0x00,0x00,0x00,0x00,0x00,0x00,0x00,0x00,0x00,0x00,0x00,0x00,0x00,0x00,0x00,0x00,0x00,0x00,
    0x00,0x00,0x00,0x01,0x00,0x0e,0xf0,0xff,0xfa,0xff,0x3a,0x00,0x03,0x00,0x00,0x00,0x00,0x00,0x00,0x00,0x00,0x00,0x00,0x00,
    0x00,0x00,0x00,0x00,0x00,0x00,0x00,0x00,0x00,0x00,0x00,0x00,0x00,0x00,0x00,0x00,0x00,0x00,0x00,0x00,0x00,0x00,0x00,0x00,
    0x00,0x00,0x00,0x00,0x00,0x00,0x00,0x00,0x00,0x00,0x00,0x00,0x00,0x00,0x00,0x00,0x00,0x00,0x00,0x00,0x02,0x00,0x5e,0xf6,
    0xff,0x93,0x01,0x02,0x00,0x00,0x00,0x00,0x00,0x00,0x00,0x00,0x00,0x00,0x00,0x00,0x00,0x00,0x00,0x00,0x00,0x00,0x00,0x00,
    0x00,0x00,0x00,0x00,0x00,0x00,0x00,0x00,0x00,0x00,0x00,0x00,0x00,0x00,0x00,0x00,0x00,0x00,0x00,0x00,0x00,0x00,0x00,0x00,
    0x00,0x00,0x00,0x00,0x00,0x00,0x00,0x00,0x00,0x00,0x00,0x00,0x00,0x01,0x00,0x2c,0x3c,0x00,0x00,0x00,0x00,0x00,0x00,0x00,
    0x00,0x00,0x00,0x00,0x00,0x00,0x00,0x00,0x00,0x00,0x00,0x00,0x00,0x00,0x00,0x00,0x00,0x00,0x00,0x00,0x00,0x00,0x00,0x00,
};

const lv_image_dsc_t weather_icon_unknown = {
    .header = {
        .magic = LV_IMAGE_HEADER_MAGIC,
        .cf = LV_COLOR_FORMAT_RGB565A8,
        .flags = 0,
        .w = 64,
        .h = 64,
        .stride = 128,
        .reserved_2 = 0,
    },
    .data_size = sizeof(weather_icon_unknown_map),
    .data = weather_icon_unknown_map,
    .reserved = NULL,
};

static const WEATHER_ICON_ALIGN uint8_t weather_icon_clear_map[] = {
    0x00,0x00,0x00,0x00,0x00,0x00,0x00,0x00,0x00,0x00,0x00,0x00,0x00,0x00,0x00,0x00,0x00,0x00,0x00,0x00,0x00,0x00,0x00,0x00,
    0x00,0x00,0x00,0x00,0x00,0x00,0x00,0x00,0x00,0x00,0x00,0x00,0x00,0x00,0x00,0x00,0x00,0x00,0x00,0x00,0x00,0x00,0x00,0x00,
    0x00,0x00,0x00,0x00,0x00,0x00,0x00,0x00,0x00,0x00,0x00,0x00,0x00,0x00,0x00,0x00,0x00,0x00,0x00,0x00,0x00,0x00,0x00,0x00,
    0x00,0x00,0x00,0x00,0x00,0x00,0x00,0x00,0x00,0x00,0x00,0x00,0x00,0x00,0x00,0x00,0x00,0x00,0x00,0x00,0x00,0x00,0x00,0x00,
    0x00,0x00,0x00,0x00,0x00,0x00,0x00,0x00,0x00,0x00,0x00,0x00,0x00,0x00,0x00,0x00,0x00,0x00,0x00,0x00,0x00,0x00,0x00,0x00,
    0x00,0x00,0x00,0x00,0x00,0x00,0x00,0x00,0x00,0x00,0x00,0x00,0x00,0x00,0x00,0x00,0x00,0x00,0x00,0x00,0x00,0x00,0x00,0x00,
    0x00,0x00,0x00,0x00,0x00,0x00,0x00,0x00,0x00,0x00,0x00,0x00,0x00,0x00,0x00,0x00,0x00,0x00,0x00,0x00,0x00,0x00,0x00,0x00,
    0x00,0x00,0x00,0x00,0x00,0x00,0x00,0x00,0x00,0x00,0x00,0x00,0x00,0x00,0x00,0x00,0x00,0x00,0x00,0x00,0x00,0x00,0x00,0x00,
    0x00,0x00,0x00,0x00,0x00,0x00,0x00,0x00,0x00,0x00,0x00,0x00,0x00,0x00,0x00,0x00,0x00,0x00,0x00,0x00,0x00,0x00,0x00,0x00,
    0x00,0x00,0x00,0x00,0x00,0x00,0x00,0x00,0x00,0x00,0x00,0x00,0x00,0x00,0x00,0x00,0x00,0x00,0x00,0x00,0x00,0x00,0x00,0x00,
    0x00,0x00,0x00,0x00,0x00,0x00,0x00,0x00,0x00,0x00,0x00,0x00,0x00,0x00,0x00,0x00,0x00,0x00,0x00,0x00,0x00,0x00,0x00,0x00,
    0x00,0x00,0x00,0x00,0x00,0x00,0x00,0x00,0x00,0x00,0x00,0x00,0x00,0x00,0x00,0x00,0x00,0x00,0x00,0x00,0x00,0x00,0x00,0x00,
    0x00,0x00,0x00,0x00,0x00,0x00,0x00,0x00,0x00,0x00,0x00,0x00,0x00,0x00,0x00,0x00,0x00,0x00,0x00,0x00,0x00,0x00,0x00,0x00,
    0x00,0x00,0x00,0x00,0x00,0x00,0x00,0x00,0x00,0x00,0x00,0x00,0x00,0x00,0x00,0x00,0x00,0x00,0x00,0x00,0x00,0x00,0x00,0x00,
    0x00,0x00,0x00,0x00,0x00,0x00,0x00,0x00,0x00,0x00,0x00,0x00,0x00,0x00,0x00,0x00,0x00,0x00,0x00,0x00,0x00,0x00,0x00,0x00,
    0x00,0x00,0x00,0x00,0x00,0x00,0x00,0x00,0x00,0x00,0x00,0x00,0x00,0x00,0x00,0x00,0x00,0x00,0x00,0x00,0x00,0x00,0x00,0x00,
    0x00,0x00,0x00,0x00,0x00,0x00,0x00,0x00,0x00,0x00,0x00,0x00,0x00,0x00,0x00,0x00,0x00,0x00,0x00,0x00,0x00,0x00,0x00,0x00,
    0x00,0x00,0x00,0x00,0x00,0x00,0x00,0x00,0x00,0x00,0x00,0x00,0x00,0x00,0x00,0x00,0x00,0x00,0x00,0x00,0x00,0x00,0x00,0x00,
    0x00,0x00,0x00,0x00,0x00,0x00,0x00,0x00,0x00,0x00,0x00,0x00,0x00,0x00,0x00,0x00,0x00,0x00,0x00,0x00,0x00,0x00,0x00,0x00,
    0x00,0x00,0x00,0x00,0x00,0x00,0x00,0x00,0x00,0x00,0x00,0x00,0x00,0x00,0x00,0x00,0x00,0x00,0x00,0x00,0x00,0x00,0x00,0x00,
    0x00,0x00,0x00,0x00,0x00,0x00,0x00,0x00,0x00,0x00,0x00,0x00,0x00,0x00,0x00,0x00,0x00,0x00,0x00,0x00,0x00,0x00,0x00,0x00,
    0x00,0x00,0x00,0x00,0x00,0x00,0x00,0x00,0x00,0x00,0x00,0x00,0x00,0x00,0x00,0x00,0x00,0x00,0x00,0x00,0x00,0x00,0x00,0x00,
    0x00,0x00,0x00,0x00,0x00,0x00,0x00,0x00,0x00,0x00,0x00,0x00,0x00,0x00,0x00,0x00,0x00,0x00,0x00,0x00,0x00,0x00,0x00,0x00,
    0x00,0x00,0x00,0x00,0x00,0x00,0x00,0x00,0x00,0x00,0x00,0x00,0x00,0x00,0x00,0x00,0x00,0x00,0x00,0x00,0x00,0x00,0x00,0x00,
    0x00,0x00,0x00,0x00,0x00,0x00,0x00,0x00,0x00,0x00,0x00,0x00,0x00,0x00,0x00,0x00,0x00,0x00,0x00,0x00,0x00,0x00,0x00,0x00,
    0x00,0x00,0x00,0x00,0x00,0x00,0x00,0x00,0x00,0x00,0x00,0x00,0x00,0x00,0x00,0x00,0x00,0x00,0x00,0x00,0x00,0x00,0x00,0x00,
    0x00,0x00,0x00,0x00,0x00,0x00,0x00,0x00,0x00,0x00,0x00,0x00,0x00,0x00,0x00,0x00,0x00,0x00,0x00,0x00,0x00,0x00,0x00,0x00,
    0x00,0x00,0x00,0x00,0x00,0x00,0x00,0x00,0x00,0x00,0x00,0x00,0x00,0x00,0x00,0x00,0x00,0x00,0x00,0x00,0x00,0x00,0x00,0x00,
    0x00,0x00,0x00,0x00,0x00,0x00,0x00,0x00,0x00,0x00,0x00,0x00,0x00,0x00,0x00,0x00,0x00,0x00,0x00,0x00,0x00,0x00,0x00,0x00,
    0x00,0x00,0x00,0x00,0x00,0xf8,0xe0,0xff,0xe0,0xff,0x00,0xf8,0x00,0x00,0x00,0x00,0x00,0x00,0x00,0x00,0x00,0x00,0x00,0x00,
    0x00,0x00,0x00,0x00,0x00,0x00,0x00,0x00,0x00,0x00,0x00,0x00,0x00,0x00,0x00,0x00,0x00,0x00,0x00,0x00,0x00,0x00,0x00,0x00,
    0x00,0x00,0x00,0x00,0x00,0x00,0x00,0x00,0x00,0x00,0x00,0x00,0x00,0x00,0x00,0x00,0x00,0x00,0x00,0x00,0x00,0x00,0x00,0x00,
    0x00,0x00,0x00,0x00,0x00,0x00,0x00,0x00,0x00,0x00,0x00,0x00,0x00,0x00,0x00,0x00,0x00,0x00,0x00,0x00,0x00,0x00,0x00,0x00,
    0x00,0x00,0x00,0x00,0x00,0x00,0x00,0x00,0x00,0x00,0x00,0x00,0x00,0x00,0x00,0x00,0x00,0x00,0x00,0x00,0x00,0x00,0x00,0x00,
    0x00,0x00,0x00,0x00,0x00,0x00,0x00,0x00,0x00,0x00,0x00,0x00,0x00,0x00,0x00,0x00,0x00,0x00,0x00,0x00,0x00,0x00,0x00,0x00,
    0x00,0x00,0x00,0x00,0x00,0x00,0x00,0x00,0x00,0x00,0x00,0x00,0x00,0x00,0x00,0x00,0x00,0x00,0x00,0x00,0x00,0x00,0x00,0x00,
    0x00,0x00,0x00,0x00,0x00,0x00,0x00,0x00,0x00,0x00,0x00,0x00,0x00,0x00,0x00,0x00,0x00,0x00,0x00,0x00,0x00,0x00,0x00,0x00,
    0x00,0x00,0x00,0x00,0x00,0x00,0x00,0x00,0x00,0x00,0x00,0x00,0x00,0x00,0x00,0x00,0x00,0x00,0x00,0x00,0x00,0x00,0x00,0x00,
    0x00,0x00,0x00,0x00,0x00,0x00,0x00,0x00,0x00,0x00,0x00,0x00,0x00,0x00,0x00,0x00,0x00,0x00,0x00,0x00,0x00,0x00,0x00,0x00,
    0x00,0x00,0x00,0x00,0x00,0x00,0x00,0x00,0x00,0x00,0x00,0x00,0x00,0x00,0x00,0x00,0x00,0x00,0x00,0x00,0xe0,0xfc,0x21,0xfd,
    0x21,0xfd,0xe0,0xfc,0x00,0x00,0x00,0x00,0x00,0x00,0x00,0x00,0x00,0x00,0x00,0x00,0x00,0x00,0x00,0x00,0x00,0x00,0x00,0x00,
    0x00,0x00,0x00,0x00,0x00,0x00,0x00,0x00,0x00,0x00,0x00,0x00,0x00,0x00,0x00,0x00,0x00,0x00,0x00,0x00,0x00,0x00,0x00,0x00,
    0x00,0x00,0x00,0x00,0x00,0x00,0x00,0x00,0x00,0x00,0x00,0x00,0x00,0x00,0x00,0x00,0x00,0x00,0x00,0x00,0x00,0x00,0x00,0x00,
    0x00,0x00,0x00,0x00,0x00,0x00,0x00,0x00,0x00,0x00,0x00,0x00,0x00,0x00,0x00,0x00,0x00,0x00,0x00,0x00,0x00,0x00,0x00,0x00,
    0x00,0x00,0x00,0x00,0x00,0x00,0x00,0x00,0x00,0x00,0x00,0x00,0x00,0x00,0x00,0x00,0x00,0x00,0x00,0x00,0x00,0x00,0x00,0x00,
    0xe0,0xfd,0x00,0x00,0xe1,0xf4,0x21,0xfd,0x21,0xfd,0xe1,0xf4,0x00,0x00,0xe0,0xfd,0x00,0x00,0x00,0x00,0x00,0x00,0x00,0x00,
    0x00,0x00,0x00,0x00,0x00,0x00,0x00,0x00,0x00,0x00,0x00,0x00,0x00,0x00,0x00,0x00,0x00,0x00,0x00,0x00,0x00,0x00,0x00,0x00,
    0x00,0x00,0x00,0x00,0x00,0x00,0x00,0x00,0x00,0x00,0x00,0x00,0x00,0x00,0x00,0x00,0x00,0x00,0x00,0x00,0x00,0x00,0x00,0x00,
    0x00,0x00,0x00,0x00,0x00,0x00,0x00,0x00,0x00,0x00,0x00,0x00,0x00,0x00,0x00,0x00,0x00,0x00,0x00,0x00,0x00,0x00,0x00,0x00,
    0x00,0x00,0x00,0x00,0x00,0x00,0x00,0x00,0x00,0x00,0x00,0x00,0x00,0x00,0x00,0x00,0x00,0x00,0x00,0x00,0x00,0x00,0x00,0x00,
    0x00,0x00,0x00,0x00,0x00,0x00,0x00,0x00,0xe0,0xfd,0x00,0x00,0xe1,0xf4,0x41,0xfd,0x41,0xfd,0xe1,0xf4,0x00,0x00,0xe0,0xfd,
    0x00,0x00,0x00,0x00,0x00,0x00,0x00,0x00,0x00,0x00,0x00,0x00,0x00,0x00,0x00,0x00,0x00,0x00,0x00,0x00,0x00,0x00,0x00,0x00,
    0x00,0x00,0x00,0x00,0x00,0x00,0x00,0x00,0x00,0x00,0x00,0x00,0x00,0x00,0x00,0x00,0x00,0x00,0x00,0x00,0x00,0x00,0x00,0x00,
    0x00,0x00,0x00,0x00,0x00,0x00,0x00,0x00,0x00,0x00,0x00,0x00,0x00,0x00,0x00,0x00,0x00,0x00,0x00,0x00,0x00,0x00,0x00,0x00,
    0x00,0x00,0x00,0x00,0x00,0x00,0x00,0x00,0x00,0x00,0x00,0x00,0x00,0x00,0x00,0x00,0x00,0x00,0x00,0x00,0x00,0x00,0x00,0x00,
    0x00,0x00,0x00,0x00,0x00,0x00,0x00,0x00,0x00,0x00,0x00,0x00,0x00,0x00,0x00,0x00,0xe0,0xfd,0x00,0x00,0xe1,0xf4,0x21,0xfd,
    0x21,0xfd,0xe1,0xf4,0x00,0x00,0xe0,0xfd,0x00,0x00,0x00,0x00,0x00,0x00,0x00,0x00,0x00,0x00,0x00,0x00,0x00,0x00,0x00,0x00,
    0x00,0x00,0x00,0x00,0x00,0x00,0x00,0x00,0x00,0x00,0x00,0x00,0x00,0x00,0x00,0x00,0x00,0x00,0x00,0x00,0x00,0x00,0x00,0x00,
    0x00,0x00,0x00,0x00,0x00,0x00,0x00,0x00,0x00,0x00,0x00,0x00,0x00,0x00,0x00,0x00,0x00,0x00,0x00,0x00,0x00,0x00,0x00,0x00,
    0x00,0x00,0x00,0x00,0x00,0x00,0x00,0x00,0x00,0x00,0x00,0x00,0x00,0x00,0x00,0x00,0x00,0x00,0x00,0x00,0x00,0x00,0x00,0x00,
    0x00,0x00,0x00,0x00,0x00,0x00,0x00,0x00,0x00,0x00,0x00,0x00,0x00,0x00,0x00,0x00,0x00,0x00,0x00,0x00,0x00,0x00,0x00,0x00,
    0xe0,0xfd,0x00,0x00,0xe1,0xf4,0x21,0xfd,0x21,0xfd,0xe1,0xf4,0x00,0x00,0xe0,0xfd,0x00,0x00,0x00,0x00,0x00,0x00,0x00,0x00,
    0x00,0x00,0x00,0x00,0x00,0x00,0x00,0x00,0x00,0x00,0x00,0x00,0x00,0x00,0x00,0x00,0x00,0x00,0x00,0x00,0x00,0x00,0x00,0x00,
    0x00,0x00,0x00,0x00,0x00,0x00,0x00,0x00,0x00,0x00,0x00,0x00,0x00,0x00,0x00,0x00,0x00,0x00,0x00,0x00,0x00,0x00,0x00,0x00,
    0x00,0x00,0x00,0x00,0x00,0x00,0x00,0x00,0x00,0x00,0x00,0x00,0x00,0x00,0x00,0x00,0x00,0x00,0x00,0x00,0x00,0x00,0x00,0x00,
    0x00,0x00,0x00,0x00,0x00,0x00,0xe0,0xfb,0xe0,0xfb,0x00,0x00,0x00,0x00,0x00,0x00,0x00,0x00,0x00,0x00,0x00,0x00,0x00,0x00,
    0x00,0x00,0x00,0x00,0x00,0x00,0x00,0x00,0xe0,0xfd,0x00,0x00,0xe1,0xf4,0x21,0xfd,0x21,0xfd,0xe1,0xf4,0x00,0x00,0xe0,0xfd,
    0x00,0x00,0x00,0x00,0x00,0x00,0x00,0x00,0x00,0x00,0x00,0x00,0x00,0x00,0x00,0x00,0x00,0x00,0x00,0x00,0x00,0x00,0xe0,0xfb,
    0xe0,0xfb,0x00,0x00,0x00,0x00,0x00,0x00,0x00,0x00,0x00,0x00,0x00,0x00,0x00,0x00,0x00,0x00,0x00,0x00,0x00,0x00,0x00,0x00,
    0x00,0x00,0x00,0x00,0x00,0x00,0x00,0x00,0x00,0x00,0x00,0x00,0x00,0x00,0x00,0x00,0x00,0x00,0x00,0x00,0x00,0x00,0x00,0x00,
    0x00,0x00,0x00,0x00,0x00,0x00,0x00,0x00,0x00,0x00,0x00,0x00,0xe0,0xfb,0x00,0x00,0x00,0x00,0x00,0xf8,0x00,0xf8,0x00,0x00,
    0x00,0x00,0x00,0x00,0x00,0x00,0x00,0x00,0x00,0x00,0x00,0x00,0x00,0x00,0x00,0x00,0xe0,0xfd,0x00,0x00,0xe1,0xf4,0x61,0xfd,
    0x61,0xfd,0xe1,0xf4,0x00,0x00,0xe0,0xfd,0x00,0x00,0x00,0x00,0x00,0x00,0x00,0x00,0x00,0x00,0x00,0x00,0x00,0x00,0x00,0x00,
    0x00,0x00,0x00,0x00,0xe0,0xfb,0x00,0x00,0x00,0x00,0x00,0xf8,0x00,0xf8,0x00,0x00,0x00,0x00,0x00,0x00,0x00,0x00,0x00,0x00,
    0x00,0x00,0x00,0x00,0x00,0x00,0x00,0x00,0x00,0x00,0x00,0x00,0x00,0x00,0x00,0x00,0x00,0x00,0x00,0x00,0x00,0x00,0x00,0x00,
    0x00,0x00,0x00,0x00,0x00,0x00,0x00,0x00,0x00,0x00,0x00,0x00,0x00,0x00,0x00,0x00,0x00,0x00,0xe0,0xfb,0x00,0x00,0xe1,0xf4,
    0x01,0xf5,0x00,0x00,0xe0,0xff,0xe0,0xff,0x00,0x00,0x00,0x00,0x00,0x00,0x00,0x00,0x00,0x00,0x00,0x00,0x00,0x00,0x00,0x00,
    0xe0,0xff,0x00,0x00,0xc1,0xf4,0x41,0xfd,0x41,0xfd,0xc1,0xf4,0x00,0x00,0xe0,0xff,0x00,0x00,0x00,0x00,0x00,0x00,0x00,0x00,
    0x00,0x00,0x00,0x00,0x00,0x00,0x00,0x00,0x00,0x00,0xe0,0xfd,0x00,0x00,0xe1,0xf4,0x01,0xf5,0x00,0x00,0x00,0x00,0xe0,0xff,
    0x00,0x00,0x00,0x00,0x00,0x00,0x00,0x00,0x00,0x00,0x00,0x00,0x00,0x00,0x00,0x00,0x00,0x00,0x00,0x00,0x00,0x00,0x00,0x00,
    0x00,0x00,0x00,0x00,0x00,0x00,0x00,0x00,0x00,0x00,0x00,0x00,0x00,0x00,0x00,0x00,0x00,0x00,0x00,0x00,0x00,0x00,0x00,0x00,
    0xe0,0xfb,0xe0,0xfb,0xe1,0xf4,0x01,0xfd,0x61,0xfd,0x01,0xf5,0x00,0x00,0x40,0xfd,0xe0,0xff,0x00,0x00,0x00,0x00,0x00,0x00,
    0x00,0x00,0x00,0x00,0x00,0x00,0x00,0x00,0x00,0x00,0x00,0x00,0x00,0x00,0x00,0x00,0x00,0x00,0x00,0x00,0x00,0x00,0x00,0x00,
    0x00,0x00,0x00,0x00,0x00,0x00,0x00,0x00,0x00,0x00,0x00,0x00,0x00,0x00,0x00,0x00,0xe0,0xfd,0x00,0x00,0xe1,0xf4,0x21,0xfd,
    0x41,0xfd,0xe1,0xf4,0x02,0xe5,0xe0,0xfb,0x00,0xf8,0x00,0x00,0x00,0x00,0x00,0x00,0x00,0x00,0x00,0x00,0x00,0x00,0x00,0x00,
    0x00,0x00,0x00,0x00,0x00,0x00,0x00,0x00,0x00,0x00,0x00,0x00,0x00,0x00,0x00,0x00,0x00,0x00,0x00,0x00,0x00,0x00,0x00,0x00,
    0x00,0x00,0x00,0x00,0x00,0x00,0x00,0x00,0xe0,0xff,0x40,0xfd,0xe1,0xf4,0x61,0xfd,0xe1,0xf4,0x41,0xfd,0xe1,0xf4,0x00,0x00,
    0x00,0x00,0x00,0xf8,0x00,0x00,0x00,0x00,0x00,0x00,0x00,0x00,0x00,0x00,0x00,0x00,0x00,0x00,0x00,0x00,0xe0,0xff,0xe0,0xfd,
    0xe0,0xfd,0x40,0xfd,0x00,0x00,0x00,0x00,0x00,0x00,0x00,0x00,0x00,0x00,0x00,0x00,0x00,0x00,0x00,0x00,0x00,0x00,0xe0,0xff,
    0x00,0x00,0xe1,0xf4,0x21,0xfd,0xe1,0xf4,0x21,0xfd,0xe1,0xf4,0xc1,0xf4,0xe0,0xff,0xe0,0xff,0x00,0x00,0x00,0x00,0x00,0x00,
    0x00,0x00,0x00,0x00,0x00,0x00,0x00,0x00,0x00,0x00,0x00,0x00,0x00,0x00,0x00,0x00,0x00,0x00,0x00,0x00,0x00,0x00,0x00,0x00,
    0x00,0x00,0x00,0x00,0x00,0x00,0x00,0x00,0x00,0x00,0x00,0x00,0x00,0x00,0x00,0x00,0x00,0xf8,0xe0,0xfb,0x00,0x00,0xe1,0xf4,
    0x41,0xfd,0xe1,0xf4,0x41,0xfd,0x01,0xfd,0xa2,0xfc,0xe0,0xfb,0x00,0xf8,0x00,0x00,0x00,0x00,0x00,0x00,0x00,0x00,0xe0,0xff,
    0xe7,0xfd,0x40,0xad,0x00,0x00,0x00,0x00,0x00,0x00,0x00,0x00,0xe0,0xfb,0xe7,0xfd,0x40,0xfd,0x00,0xf8,0x00,0x00,0x00,0x00,
    0x00,0x00,0x00,0x00,0xe0,0xfb,0xe0,0xfb,0xe1,0xf4,0x21,0xfd,0xe1,0xf4,0x21,0xfd,0x01,0xfd,0xc2,0xec,0x00,0x00,0xe0,0xff,
    0x00,0x00,0x00,0x00,0x00,0x00,0x00,0x00,0x00,0x00,0x00,0x00,0x00,0x00,0x00,0x00,0x00,0x00,0x00,0x00,0x00,0x00,0x00,0x00,
    0x00,0x00,0x00,0x00,0x00,0x00,0x00,0x00,0x00,0x00,0x00,0x00,0x00,0x00,0x00,0x00,0x00,0x00,0x00,0x00,0x00,0x00,0x00,0x00,
    0x00,0x00,0xe0,0xff,0xe0,0xff,0x00,0x00,0xe1,0xf4,0x41,0xfd,0xe1,0xf4,0x61,0xfd,0xe1,0xf4,0x00,0x00,0x40,0xfd,0x00,0x00,
    0x00,0x00,0xe0,0xff,0xe0,0xff,0x00,0x00,0x00,0x00,0x00,0x00,0x23,0xfe,0x65,0xfe,0xa3,0xf5,0xc4,0xed,0x00,0x00,0x00,0x00,
    0x00,0x00,0x00,0x00,0x40,0xfd,0x00,0x00,0x00,0x00,0xe0,0xff,0xe0,0xff,0xc1,0xf4,0x01,0xf5,0x01,0xfd,0x21,0xfd,0x01,0xfd,
    0xa1,0xf4,0x00,0x00,0xe0,0xfb,0x00,0x00,0x00,0x00,0x00,0x00,0x00,0x00,0x00,0x00,0x00,0x00,0x00,0x00,0x00,0x00,0x00,0x00,
    0x00,0x00,0x00,0x00,0x00,0x00,0x00,0x00,0x00,0x00,0x00,0x00,0x00,0x00,0x00,0x00,0x00,0x00,0x00,0x00,0x00,0x00,0x00,0x00,
    0x00,0x00,0x00,0x00,0x00,0x00,0x00,0x00,0x00,0x00,0x00,0x00,0xe0,0xff,0x40,0xfd,0x00,0x00,0xe1,0xf4,0x61,0xfd,0xe1,0xf4,
    0x00,0x00,0xe0,0xff,0x00,0x00,0x00,0x00,0xe0,0xff,0x00,0x00,0x00,0x00,0x24,0xfe,0x04,0xfe,0x04,0xfe,0xe4,0xfd,0x04,0xfe,
    0xe4,0xfd,0xe4,0xfd,0x04,0xfe,0x04,0xfe,0x24,0xfe,0xa0,0xfa,0x00,0x00,0xe0,0xff,0xe0,0xff,0x00,0x00,0xe0,0xfb,0x00,0x00,
    0x01,0xf5,0x01,0xfd,0x01,0xf5,0xa1,0xf4,0x00,0x00,0xe0,0xff,0x00,0x00,0x00,0x00,0x00,0x00,0x00,0x00,0x00,0x00,0x00,0x00,
    0x00,0x00,0x00,0x00,0x00,0x00,0x00,0x00,0x00,0x00,0x00,0x00,0x00,0x00,0x00,0x00,0x00,0x00,0x00,0x00,0x00,0x00,0x00,0x00,
    0x00,0x00,0x00,0x00,0x00,0x00,0x00,0x00,0x00,0x00,0x00,0x00,0x00,0x00,0x00,0x00,0x00,0x00,0x00,0x00,0x00,0x00,0xe0,0xff,
    0x00,0xf8,0xe0,0xfb,0xc1,0xf4,0x00,0x00,0xe0,0xff,0x00,0x00,0xe0,0xff,0xe0,0xff,0x00,0x00,0xe4,0xfd,0x24,0xfe,0x04,0xfe,
    0x64,0xfe,0x44,0xfe,0x24,0xfe,0x04,0xfe,0x04,0xfe,0x04,0xfe,0x44,0xfe,0x64,0xfe,0x24,0xfe,0x24,0xfe,0x04,0xfe,0x00,0x00,
    0x00,0x00,0x40,0xfd,0x00,0x00,0xe0,0xfb,0x00,0x00,0xc1,0xec,0x81,0xec,0x00,0x00,0xe0,0xff,0x00,0x00,0x00,0x00,0x00,0x00,
    0x00,0x00,0x00,0x00,0x00,0x00,0x00,0x00,0x00,0x00,0x00,0x00,0x00,0x00,0x00,0x00,0x00,0x00,0x00,0x00,0x00,0x00,0x00,0x00,
    0x00,0x00,0x00,0x00,0x00,0x00,0x00,0x00,0x00,0x00,0x00,0x00,0x00,0x00,0x00,0x00,0x00,0x00,0x00,0x00,0x00,0x00,0x00,0x00,
    0x00,0x00,0x00,0x00,0x00,0x00,0x00,0x00,0x00,0x00,0x00,0x00,0x00,0x00,0xe0,0xfb,0x00,0x00,0xe0,0xff,0x00,0x00,0x00,0x00,
    0x04,0xfe,0x24,0xfe,0x44,0xfe,0xe4,0xfd,0xe4,0xfd,0xe4,0xfd,0xe4,0xfd,0xe4,0xfd,0xe4,0xfd,0xe4,0xfd,0xe4,0xfd,0xe4,0xfd,
    0xe4,0xfd,0x24,0xfe,0x44,0xfe,0x24,0xfe,0xa3,0xfd,0x00,0x00,0x40,0xfd,0x00,0x00,0xe0,0xfb,0x00,0x00,0x00,0x00,0xe0,0xff,
    0x00,0x00,0x00,0x00,0x00,0x00,0x00,0x00,0x00,0x00,0x00,0x00,0x00,0x00,0x00,0x00,0x00,0x00,0x00,0x00,0x00,0x00,0x00,0x00,
    0x00,0x00,0x00,0x00,0x00,0x00,0x00,0x00,0x00,0x00,0x00,0x00,0x00,0x00,0x00,0x00,0x00,0x00,0x00,0x00,0x00,0x00,0x00,0x00,
    0x00,0x00,0x00,0x00,0x00,0x00,0x00,0x00,0x00,0x00,0x00,0x00,0x00,0x00,0x00,0x00,0x00,0x00,0x00,0xf8,0x40,0xfd,0x00,0x00,
    0xe0,0xff,0xe0,0xff,0x03,0xfe,0x24,0xfe,0x64,0xfe,0xe4,0xfd,0xe4,0xfd,0xe4,0xfd,0xe4,0xfd,0xe4,0xfd,0xe4,0xfd,0xe4,0xfd,
    0xe4,0xfd,0xe4,0xfd,0xe4,0xfd,0xe4,0xfd,0xe4,0xfd,0xe4,0xfd,0xe4,0xfd,0x64,0xfe,0x24,0xfe,0xc4,0xfd,0x00,0x00,0xe0,0xff,
    0x00,0x00,0xe0,0xfb,0xe0,0xff,0x00,0x00,0x00,0x00,0x00,0x00,0x00,0x00,0x00,0x00,0x00,0x00,0x00,0x00,0x00,0x00,0x00,0x00,
    0x00,0x00,0x00,0x00,0x00,0x00,0x00,0x00,0x00,0x00,0x00,0x00,0x00,0x00,0x00,0x00,0x00,0x00,0x00,0x00,0x00,0x00,0x00,0x00,
    0x00,0x00,0x00,0x00,0x00,0x00,0x00,0x00,0x00,0x00,0x00,0x00,0x00,0x00,0x00,0x00,0x00,0x00,0x00,0x00,0x00,0x00,0x00,0x00,
    0x00,0x00,0x00,0x00,0x00,0x00,0x00,0x00,0xe7,0xfd,0x00,0x00,0xe4,0xfd,0x85,0xfe,0xe4,0xfd,0xe4,0xfd,0xe4,0xfd,0xe4,0xfd,
    0xe4,0xfd,0xe4,0xfd,0xe4,0xfd,0xe4,0xfd,0xe4,0xfd,0xe4,0xfd,0xe4,0xfd,0xe4,0xfd,0xe4,0xfd,0xe4,0xfd,0xe4,0xfd,0xe4,0xfd,
    0x64,0xfe,0x04,0xfe,0xc3,0xf5,0xe0,0xfb,0xe0,0xff,0x00,0x00,0x00,0x00,0x00,0x00,0x00,0x00,0x00,0x00,0x00,0x00,0x00,0x00,
    0x00,0x00,0x00,0x00,0x00,0x00,0x00,0x00,0x00,0x00,0x00,0x00,0x00,0x00,0x00,0x00,0x00,0x00,0x00,0x00,0x00,0x00,0x00,0x00,
    0x00,0x00,0x00,0x00,0x00,0x00,0x00,0x00,0x00,0x00,0x00,0x00,0x00,0x00,0x00,0x00,0x00,0x00,0x00,0x00,0x00,0x00,0x00,0x00,
    0x00,0x00,0x00,0x00,0x00,0x00,0x00,0x00,0x00,0x00,0x00,0x00,0x00,0x00,0x4a,0xfd,0x00,0x00,0xe4,0xfd,0x64,0xfe,0xe4,0xfd,
    0xe4,0xfd,0xe4,0xfd,0xe4,0xfd,0xe4,0xfd,0xe4,0xfd,0xe4,0xfd,0xe4,0xfd,0xe4,0xfd,0xe4,0xfd,0xe4,0xfd,0xe4,0xfd,0xe4,0xfd,
    0xe4,0xfd,0xe4,0xfd,0xe4,0xfd,0xe4,0xfd,0xe4,0xfd,0x44,0xfe,0xe4,0xfd,0x00,0x00,0x40,0xfd,0x00,0x00,0x00,0x00,0x00,0x00,
    0x00,0x00,0x00,0x00,0x00,0x00,0x00,0x00,0x00,0x00,0x00,0x00,0x00,0x00,0x00,0x00,0x00,0x00,0x00,0x00,0x00,0x00,0x00,0x00,
    0x00,0x00,0x00,0x00,0x00,0x00,0x00,0x00,0x00,0x00,0x00,0x00,0x00,0x00,0x00,0x00,0x00,0x00,0x00,0x00,0x00,0x00,0x00,0x00,
    0x00,0x00,0x00,0x00,0x00,0x00,0x00,0x00,0x00,0x00,0x00,0x00,0x00,0x00,0x00,0x00,0x00,0x00,0x00,0x00,0xe0,0xff,0x00,0x00,
    0xe4,0xfd,0x24,0xfe,0x04,0xfe,0xe4,0xfd,0xe4,0xfd,0xe4,0xfd,0xe4,0xfd,0xe4,0xfd,0xe4,0xfd,0xe4,0xfd,0xe4,0xfd,0xe4,0xfd,
    0xe4,0xfd,0xe4,0xfd,0xe4,0xfd,0xe4,0xfd,0xe4,0xfd,0xe4,0xfd,0xe4,0xfd,0xe4,0xfd,0xe4,0xfd,0xe4,0xfd,0x64,0xfe,0xe4,0xfd,
    0x00,0x00,0x40,0xfd,0x00,0x00,0x00,0x00,0x00,0x00,0x00,0x00,0x00,0x00,0x00,0x00,0x00,0x00,0x00,0x00,0x00,0x00,0x00,0x00,
    0x00,0x00,0x00,0x00,0x00,0x00,0x00,0x00,0x00,0x00,0x00,0x00,0x00,0x00,0x00,0x00,0x00,0x00,0x00,0x00,0x00,0x00,0x00,0x00,
    0x00,0x00,0x00,0x00,0x00,0x00,0x00,0x00,0x00,0x00,0x00,0x00,0x00,0x00,0x00,0x00,0x00,0x00,0x00,0x00,0x00,0x00,0x00,0x00,
    0x00,0x00,0x00,0x00,0xe0,0xff,0xe0,0x7b,0xe4,0xfd,0x44,0xfe,0xe4,0xfd,0xe4,0xfd,0xe4,0xfd,0xe4,0xfd,0xe4,0xfd,0xe4,0xfd,
    0xe4,0xfd,0xe4,0xfd,0xe4,0xfd,0xe4,0xfd,0xe4,0xfd,0xe4,0xfd,0xe4,0xfd,0xe4,0xfd,0xe4,0xfd,0xe4,0xfd,0xe4,0xfd,0xe4,0xfd,
    0xe4,0xfd,0xe4,0xfd,0x04,0xfe,0x04,0xfe,0xa4,0xf5,0xe0,0xff,0xe0,0xff,0x00,0x00,0x00,0x00,0x00,0x00,0x00,0x00,0x00,0x00,
    0x00,0x00,0x00,0x00,0x00,0x00,0x00,0x00,0x00,0x00,0x00,0x00,0x00,0x00,0x00,0x00,0x00,0x00,0x00,0x00,0x00,0x00,0x00,0x00,
    0x00,0x00,0x00,0x00,0x00,0x00,0x00,0x00,0x00,0x00,0x00,0x00,0x00,0x00,0x00,0x00,0x00,0x00,0x00,0x00,0x00,0x00,0x00,0x00,
    0x00,0x00,0x00,0x00,0x00,0x00,0x00,0x00,0x00,0x00,0xe0,0xff,0x00,0x00,0xc4,0xfd,0x04,0xfe,0xe4,0xfd,0xe4,0xfd,0xe4,0xfd,
    0xe4,0xfd,0xe4,0xfd,0xe4,0xfd,0xe4,0xfd,0xe4,0xfd,0xe4,0xfd,0xe4,0xfd,0xe4,0xfd,0xe4,0xfd,0xe4,0xfd,0xe4,0xfd,0xe4,0xfd,
    0xe4,0xfd,0xe4,0xfd,0xe4,0xfd,0xe4,0xfd,0xe4,0xfd,0xe4,0xfd,0xe4,0xfd,0x64,0xfe,0xe4,0xfd,0x00,0x00,0xe7,0xfd,0x00,0x00,
    0x00,0x00,0x00,0x00,0x00,0x00,0x00,0x00,0x00,0x00,0x00,0x00,0x00,0x00,0x00,0x00,0x00,0x00,0x00,0x00,0x00,0x00,0x00,0x00,
    0x00,0x00,0x00,0x00,0x00,0x00,0x00,0x00,0x00,0x00,0x00,0x00,0x00,0x00,0x00,0x00,0x00,0x00,0x00,0x00,0x00,0x00,0x00,0x00,
    0xe0,0xfd,0xe0,0xfd,0xe0,0xfd,0xe0,0xfd,0xe0,0xfd,0xe0,0xfd,0xe0,0xff,0x00,0x00,0x00,0x00,0xe7,0xfd,0x00,0x00,0xe4,0xfd,
    0x64,0xfe,0xe4,0xfd,0xe4,0xfd,0xe4,0xfd,0xe4,0xfd,0xe4,0xfd,0xe4,0xfd,0xe4,0xfd,0xe4,0xfd,0xe4,0xfd,0xe4,0xfd,0xe4,0xfd,
    0xe4,0xfd,0xe4,0xfd,0xe4,0xfd,0xe4,0xfd,0xe4,0xfd,0xe4,0xfd,0xe4,0xfd,0xe4,0xfd,0xe4,0xfd,0xe4,0xfd,0xe4,0xfd,0x44,0xfe,
    0xe4,0xfd,0xe0,0xfb,0xe0,0xff,0x00,0x00,0x00,0x00,0x00,0x00,0x40,0xfd,0x40,0xfd,0x40,0xfd,0x40,0xfd,0x40,0xfd,0x40,0xfd,
    0x00,0xf8,0x00,0x00,0x00,0x00,0x00,0x00,0x00,0x00,0x00,0x00,0x00,0x00,0x00,0x00,0x00,0x00,0x00,0x00,0x00,0x00,0x00,0x00,
    0x00,0x00,0x00,0x00,0x00,0x00,0x00,0x00,0x00,0x00,0x00,0x00,0x00,0x00,0x00,0x00,0x00,0x00,0x00,0x00,0x00,0x00,0x00,0x00,
    0x00,0x00,0xe0,0xff,0x00,0x00,0xe4,0xfd,0x44,0xfe,0xe4,0xfd,0xe4,0xfd,0xe4,0xfd,0xe4,0xfd,0xe4,0xfd,0xe4,0xfd,0xe4,0xfd,
    0xe4,0xfd,0xe4,0xfd,0xe4,0xfd,0xe4,0xfd,0xe4,0xfd,0xe4,0xfd,0xe4,0xfd,0xe4,0xfd,0xe4,0xfd,0xe4,0xfd,0xe4,0xfd,0xe4,0xfd,
    0xe4,0xfd,0xe4,0xfd,0xe4,0xfd,0x04,0xfe,0xe4,0xfd,0xa4,0xed,0x00,0x00,0xe0,0xff,0x00,0x00,0x00,0x00,0x00,0x00,0x00,0x00,
    0x00,0x00,0x00,0x00,0x00,0x00,0x00,0x00,0x00,0x00,0x00,0x00,0x00,0x00,0x00,0x00,0x00,0x00,0x00,0x00,0x00,0x00,0x00,0x00,
    0x00,0x00,0x00,0x00,0x00,0x00,0x00,0x00,0x00,0x00,0xe0,0xff,0x00,0x00,0x63,0xe4,0xe1,0xf4,0x01,0xfd,0xe1,0xf4,0xe1,0xf4,
    0xe1,0xf4,0x21,0xfd,0x01,0xf5,0x00,0x00,0xe0,0xff,0x00,0x00,0x82,0xed,0xe4,0xfd,0x24,0xfe,0xe4,0xfd,0xe4,0xfd,0xe4,0xfd,
    0xe4,0xfd,0xe4,0xfd,0xe4,0xfd,0xe4,0xfd,0xe4,0xfd,0xe4,0xfd,0xe4,0xfd,0xe4,0xfd,0xe4,0xfd,0xe4,0xfd,0xe4,0xfd,0xe4,0xfd,
    0xe4,0xfd,0xe4,0xfd,0xe4,0xfd,0xe4,0xfd,0xe4,0xfd,0xe4,0xfd,0xe4,0xfd,0xe4,0xfd,0x24,0xfe,0x04,0xfe,0x00,0x00,0x40,0xfd,
    0x00,0x00,0xe0,0xfd,0xe1,0xf4,0x01,0xfd,0xe1,0xf4,0x01,0xf5,0xe1,0xf4,0x21,0xfd,0x21,0xf5,0x00,0x00,0xe0,0xff,0x00,0x00,
    0x00,0x00,0x00,0x00,0x00,0x00,0x00,0x00,0x00,0x00,0x00,0x00,0x00,0x00,0x00,0x00,0x00,0x00,0xe0,0xff,0x00,0x00,0xc1,0xf4,
    0xe1,0xf4,0x41,0xfd,0x21,0xfd,0x21,0xfd,0x21,0xfd,0x61,0xfd,0xe1,0xf4,0x00,0x00,0xe0,0xfd,0x00,0x00,0xc3,0xf5,0x04,0xfe,
    0x04,0xfe,0xe4,0xfd,0xe4,0xfd,0xe4,0xfd,0xe4,0xfd,0xe4,0xfd,0xe4,0xfd,0xe4,0xfd,0xe4,0xfd,0xe4,0xfd,0xe4,0xfd,0xe4,0xfd,
    0xe4,0xfd,0xe4,0xfd,0xe4,0xfd,0xe4,0xfd,0xe4,0xfd,0xe4,0xfd,0xe4,0xfd,0xe4,0xfd,0xe4,0xfd,0xe4,0xfd,0xe4,0xfd,0xe4,0xfd,
    0x44,0xfe,0x04,0xfe,0x00,0x00,0xe0,0xfd,0x00,0x00,0x61,0xf4,0xe1,0xf4,0x21,0xfd,0x01,0xfd,0x01,0xfd,0x01,0xfd,0x41,0xfd,
    0xe1,0xf4,0x00,0x00,0x40,0xfd,0x00,0x00,0x00,0x00,0x00,0x00,0x00,0x00,0x00,0x00,0x00,0x00,0x00,0x00,0x00,0x00,0x00,0x00,
    0x00,0x00,0xe0,0xff,0x00,0x00,0xc1,0xf4,0xe1,0xf4,0x41,0xfd,0x21,0xfd,0x21,0xfd,0x21,0xfd,0x61,0xfd,0xe1,0xf4,0x00,0x00,
    0xe0,0xfd,0x00,0x00,0xa3,0xf5,0xe4,0xfd,0x04,0xfe,0xe4,0xfd,0xe4,0xfd,0xe4,0xfd,0xe4,0xfd,0xe4,0xfd,0xe4,0xfd,0xe4,0xfd,
    0xe4,0xfd,0xe4,0xfd,0xe4,0xfd,0xe4,0xfd,0xe4,0xfd,0xe4,0xfd,0xe4,0xfd,0xe4,0xfd,0xe4,0xfd,0xe4,0xfd,0xe4,0xfd,0xe4,0xfd,
    0xe4,0xfd,0xe4,0xfd,0xe4,0xfd,0xe4,0xfd,0x44,0xfe,0x04,0xfe,0x00,0x00,0xe0,0xfd,0x00,0x00,0x61,0xf4,0xe1,0xf4,0x41,0xfd,
    0x21,0xfd,0x21,0xfd,0x21,0xfd,0x61,0xfd,0x01,0xf5,0x00,0x00,0x40,0xfd,0x00,0x00,0x00,0x00,0x00,0x00,0x00,0x00,0x00,0x00,
    0x00,0x00,0x00,0x00,0x00,0x00,0x00,0x00,0x00,0x00,0xe0,0xff,0x00,0x00,0x63,0xe4,0xe1,0xf4,0x01,0xfd,0xe1,0xf4,0xe1,0xf4,
    0xe1,0xf4,0x21,0xfd,0x01,0xf5,0x00,0x00,0xe0,0xff,0x00,0x00,0x63,0xed,0xe4,0xfd,0x04,0xfe,0xe4,0xfd,0xe4,0xfd,0xe4,0xfd,
    0xe4,0xfd,0xe4,0xfd,0xe4,0xfd,0xe4,0xfd,0xe4,0xfd,0xe4,0xfd,0xe4,0xfd,0xe4,0xfd,0xe4,0xfd,0xe4,0xfd,0xe4,0xfd,0xe4,0xfd,
    0xe4,0xfd,0xe4,0xfd,0xe4,0xfd,0xe4,0xfd,0xe4,0xfd,0xe4,0xfd,0xe4,0xfd,0xe4,0xfd,0x24,0xfe,0xe4,0xfd,0x00,0x00,0xe0,0xfd,
    0x00,0x00,0x42,0xec,0xe1,0xf4,0x01,0xfd,0xe1,0xf4,0xe1,0xf4,0xe1,0xf4,0x21,0xfd,0xe1,0xfc,0x00,0x00,0xe0,0xfb,0x00,0x00,
    0x00,0x00,0x00,0x00,0x00,0x00,0x00,0x00,0x00,0x00,0x00,0x00,0x00,0x00,0x00,0x00,0x00,0x00,0x00,0x00,0x00,0x00,0x00,0x00,
    0x00,0x00,0x00,0x00,0x00,0x00,0x00,0x00,0x00,0x00,0x00,0x00,0x00,0x00,0x00,0x00,0x00,0x00,0xe0,0xff,0xe0,0xff,0xe4,0xfd,
    0x44,0xfe,0xe4,0xfd,0xe4,0xfd,0xe4,0xfd,0xe4,0xfd,0xe4,0xfd,0xe4,0xfd,0xe4,0xfd,0xe4,0xfd,0xe4,0xfd,0xe4,0xfd,0xe4,0xfd,
    0xe4,0xfd,0xe4,0xfd,0xe4,0xfd,0xe4,0xfd,0xe4,0xfd,0xe4,0xfd,0xe4,0xfd,0xe4,0xfd,0xe4,0xfd,0xe4,0xfd,0xe4,0xfd,0x04,0xfe,
    0xe4,0xfd,0xa4,0xf5,0x00,0x00,0xe0,0xff,0x00,0x00,0x00,0x00,0x00,0x00,0x00,0x00,0x00,0x00,0x00,0x00,0x00,0x00,0x00,0x00,
    0x00,0x00,0x00,0x00,0x00,0x00,0x00,0x00,0x00,0x00,0x00,0x00,0x00,0x00,0x00,0x00,0x00,0x00,0x00,0x00,0x00,0x00,0x00,0x00,
    0x00,0x00,0x00,0x00,0x00,0x00,0x00,0x00,0xe0,0xfd,0xe0,0xfd,0xe0,0xfd,0xe0,0xfd,0xe0,0xfd,0xe0,0xfd,0xe0,0xff,0x00,0x00,
    0x00,0x00,0xe7,0xfd,0x00,0x00,0xe4,0xfd,0x64,0xfe,0xe4,0xfd,0xe4,0xfd,0xe4,0xfd,0xe4,0xfd,0xe4,0xfd,0xe4,0xfd,0xe4,0xfd,
    0xe4,0xfd,0xe4,0xfd,0xe4,0xfd,0xe4,0xfd,0xe4,0xfd,0xe4,0xfd,0xe4,0xfd,0xe4,0xfd,0xe4,0xfd,0xe4,0xfd,0xe4,0xfd,0xe4,0xfd,
    0xe4,0xfd,0xe4,0xfd,0xe4,0xfd,0x24,0xfe,0xe4,0xfd,0xe0,0xbb,0xe0,0xff,0x00,0x00,0x00,0x00,0x00,0x00,0xe0,0xfb,0xe0,0xff,
    0xe0,0xfb,0xe0,0xfb,0xe0,0xfb,0xe0,0xff,0x00,0xf8,0x00,0x00,0x00,0x00,0x00,0x00,0x00,0x00,0x00,0x00,0x00,0x00,0x00,0x00,
    0x00,0x00,0x00,0x00,0x00,0x00,0x00,0x00,0x00,0x00,0x00,0x00,0x00,0x00,0x00,0x00,0x00,0x00,0x00,0x00,0x00,0x00,0x00,0x00,
    0x00,0x00,0x00,0x00,0x00,0x00,0x00,0x00,0x00,0x00,0x40,0xfd,0x00,0x00,0xe4,0xfd,0x24,0xfe,0xe4,0xfd,0xe4,0xfd,0xe4,0xfd,
    0xe4,0xfd,0xe4,0xfd,0xe4,0xfd,0xe4,0xfd,0xe4,0xfd,0xe4,0xfd,0xe4,0xfd,0xe4,0xfd,0xe4,0xfd,0xe4,0xfd,0xe4,0xfd,0xe4,0xfd,
    0xe4,0xfd,0xe4,0xfd,0xe4,0xfd,0xe4,0xfd,0xe4,0xfd,0xe4,0xfd,0xe4,0xfd,0x64,0xfe,0xe4,0xfd,0x00,0x00,0xe7,0xfd,0x00,0x00,
    0x00,0x00,0x00,0x00,0x00,0x00,0x00,0x00,0x00,0x00,0x00,0x00,0x00,0x00,0x00,0x00,0x00,0x00,0x00,0x00,0x00,0x00,0x00,0x00,
    0x00,0x00,0x00,0x00,0x00,0x00,0x00,0x00,0x00,0x00,0x00,0x00,0x00,0x00,0x00,0x00,0x00,0x00,0x00,0x00,0x00,0x00,0x00,0x00,
    0x00,0x00,0x00,0x00,0x00,0x00,0x00,0x00,0x00,0x00,0x00,0x00,0x00,0x00,0x00,0x00,0x00,0x00,0x00,0x00,0xe0,0xff,0x45,0xfd,
    0xe4,0xfd,0x24,0xfe,0xe4,0xfd,0xe4,0xfd,0xe4,0xfd,0xe4,0xfd,0xe4,0xfd,0xe4,0xfd,0xe4,0xfd,0xe4,0xfd,0xe4,0xfd,0xe4,0xfd,
    0xe4,0xfd,0xe4,0xfd,0xe4,0xfd,0xe4,0xfd,0xe4,0xfd,0xe4,0xfd,0xe4,0xfd,0xe4,0xfd,0xe4,0xfd,0xe4,0xfd,0x04,0xfe,0x04,0xfe,
    0xc4,0xfd,0x00,0x00,0xe0,0xfb,0x00,0x00,0x00,0x00,0x00,0x00,0x00,0x00,0x00,0x00,0x00,0x00,0x00,0x00,0x00,0x00,0x00,0x00,
    0x00,0x00,0x00,0x00,0x00,0x00,0x00,0x00,0x00,0x00,0x00,0x00,0x00,0x00,0x00,0x00,0x00,0x00,0x00,0x00,0x00,0x00,0x00,0x00,
    0x00,0x00,0x00,0x00,0x00,0x00,0x00,0x00,0x00,0x00,0x00,0x00,0x00,0x00,0x00,0x00,0x00,0x00,0x00,0x00,0x00,0x00,0x00,0x00,
    0x00,0x00,0x00,0x00,0x40,0xfd,0x00,0x00,0xe4,0xfd,0x44,0xfe,0xe4,0xfd,0xe4,0xfd,0xe4,0xfd,0xe4,0xfd,0xe4,0xfd,0xe4,0xfd,
    0xe4,0xfd,0xe4,0xfd,0xe4,0xfd,0xe4,0xfd,0xe4,0xfd,0xe4,0xfd,0xe4,0xfd,0xe4,0xfd,0xe4,0xfd,0xe4,0xfd,0xe4,0xfd,0xe4,0xfd,
    0xe4,0xfd,0xe4,0xfd,0x64,0xfe,0xe4,0xfd,0x00,0x00,0x40,0xfd,0x00,0x00,0x00,0x00,0x00,0x00,0x00,0x00,0x00,0x00,0x00,0x00,
    0x00,0x00,0x00,0x00,0x00,0x00,0x00,0x00,0x00,0x00,0x00,0x00,0x00,0x00,0x00,0x00,0x00,0x00,0x00,0x00,0x00,0x00,0x00,0x00,
    0x00,0x00,0x00,0x00,0x00,0x00,0x00,0x00,0x00,0x00,0x00,0x00,0x00,0x00,0x00,0x00,0x00,0x00,0x00,0x00,0x00,0x00,0x00,0x00,
    0x00,0x00,0x00,0x00,0x00,0x00,0x00,0x00,0x00,0x00,0x00,0x00,0x00,0x00,0x40,0xfd,0x00,0x00,0xe4,0xfd,0x64,0xfe,0xe4,0xfd,
    0xe4,0xfd,0xe4,0xfd,0xe4,0xfd,0xe4,0xfd,0xe4,0xfd,0xe4,0xfd,0xe4,0xfd,0xe4,0xfd,0xe4,0xfd,0xe4,0xfd,0xe4,0xfd,0xe4,0xfd,
    0xe4,0xfd,0xe4,0xfd,0xe4,0xfd,0xe4,0xfd,0xe4,0xfd,0x24,0xfe,0x04,0xfe,0x24,0xee,0xe0,0xff,0xe0,0xff,0x00,0x00,0x00,0x00,
    0x00,0x00,0x00,0x00,0x00,0x00,0x00,0x00,0x00,0x00,0x00,0x00,0x00,0x00,0x00,0x00,0x00,0x00,0x00,0x00,0x00,0x00,0x00,0x00,
    0x00,0x00,0x00,0x00,0x00,0x00,0x00,0x00,0x00,0x00,0x00,0x00,0x00,0x00,0x00,0x00,0x00,0x00,0x00,0x00,0x00,0x00,0x00,0x00,
    0x00,0x00,0x00,0x00,0x00,0x00,0x00,0x00,0x00,0x00,0x00,0x00,0x00,0x00,0x00,0x00,0x00,0x00,0x00,0x00,0x00,0x00,0xe0,0xff,
    0x40,0xfd,0xc3,0xf5,0x04,0xfe,0x64,0xfe,0xe4,0xfd,0xe4,0xfd,0xe4,0xfd,0xe4,0xfd,0xe4,0xfd,0xe4,0xfd,0xe4,0xfd,0xe4,0xfd,
    0xe4,0xfd,0xe4,0xfd,0xe4,0xfd,0xe4,0xfd,0xe4,0xfd,0xe4,0xfd,0xe4,0xfd,0xe4,0xfd,0x24,0xfe,0x24,0xfe,0xc4,0xfd,0x00,0x00,
    0xe0,0xff,0x00,0x00,0x00,0x00,0x00,0x00,0x00,0x00,0x00,0x00,0x00,0x00,0x00,0x00,0x00,0x00,0x00,0x00,0x00,0x00,0x00,0x00,
    0x00,0x00,0x00,0x00,0x00,0x00,0x00,0x00,0x00,0x00,0x00,0x00,0x00,0x00,0x00,0x00,0x00,0x00,0x00,0x00,0x00,0x00,0x00,0x00,
    0x00,0x00,0x00,0x00,0x00,0x00,0x00,0x00,0x00,0x00,0x00,0x00,0x00,0x00,0x00,0x00,0x00,0x00,0x00,0x00,0x00,0x00,0x00,0x00,
    0x00,0x00,0x00,0x00,0xe0,0xff,0x00,0x00,0xe0,0xff,0x00,0x00,0xc4,0xfd,0x24,0xfe,0x44,0xfe,0xe4,0xfd,0xe4,0xfd,0xe4,0xfd,
    0xe4,0xfd,0xe4,0xfd,0xe4,0xfd,0xe4,0xfd,0xe4,0xfd,0xe4,0xfd,0xe4,0xfd,0xe4,0xfd,0xe4,0xfd,0xe4,0xfd,0xe4,0xfd,0x24,0xfe,
    0x44,0xfe,0xe4,0xfd,0x00,0x00,0xe0,0xff,0x00,0x00,0xe0,0xff,0x00,0xf8,0x00,0x00,0x00,0x00,0x00,0x00,0x00,0x00,0x00,0x00,
    0x00,0x00,0x00,0x00,0x00,0x00,0x00,0x00,0x00,0x00,0x00,0x00,0x00,0x00,0x00,0x00,0x00,0x00,0x00,0x00,0x00,0x00,0x00,0x00,
    0x00,0x00,0x00,0x00,0x00,0x00,0x00,0x00,0x00,0x00,0x00,0x00,0x00,0x00,0x00,0x00,0x00,0x00,0x00,0x00,0x00,0x00,0x00,0x00,
    0x00,0x00,0x00,0x00,0x00,0x00,0x00,0x00,0x00,0x00,0xe0,0xff,0x00,0x00,0xe0,0xfb,0x00,0x00,0xe0,0xff,0x00,0x00,0x63,0xf5,
    0x04,0xfe,0x64,0xfe,0x04,0xfe,0xe4,0xfd,0xe4,0xfd,0xe4,0xfd,0xe4,0xfd,0xe4,0xfd,0xe4,0xfd,0xe4,0xfd,0xe4,0xfd,0xe4,0xfd,
    0xe4,0xfd,0xe4,0xfd,0x64,0xfe,0x24,0xfe,0xc4,0xf5,0x00,0x00,0xe0,0xfd,0x00,0x00,0xe0,0xff,0x00,0x00,0x00,0x00,0x00,0x00,
    0x00,0x00,0x00,0x00,0x00,0x00,0x00,0x00,0x00,0x00,0x00,0x00,0x00,0x00,0x00,0x00,0x00,0x00,0x00,0x00,0x00,0x00,0x00,0x00,
    0x00,0x00,0x00,0x00,0x00,0x00,0x00,0x00,0x00,0x00,0x00,0x00,0x00,0x00,0x00,0x00,0x00,0x00,0x00,0x00,0x00,0x00,0x00,0x00,
    0x00,0x00,0x00,0x00,0x00,0x00,0x00,0x00,0x00,0x00,0x00,0x00,0x00,0x00,0x00,0x00,0xe0,0xfb,0x00,0x00,0x21,0xf4,0x00,0x00,
    0xe0,0xfb,0x00,0x00,0xe0,0xff,0x00,0x00,0x00,0x00,0x04,0xfe,0x24,0xfe,0x64,0xfe,0x44,0xfe,0x04,0xfe,0xe4,0xfd,0xe4,0xfd,
    0xe4,0xfd,0xe4,0xfd,0x04,0xfe,0x44,0xfe,0x64,0xfe,0x24,0xfe,0x24,0xfe,0x44,0xed,0x00,0x00,0xe0,0xff,0x00,0x00,0xe0,0xfb,
    0x00,0x00,0xa0,0xec,0xe0,0x7b,0x00,0xf8,0xe0,0xff,0x00,0x00,0x00,0x00,0x00,0x00,0x00,0x00,0x00,0x00,0x00,0x00,0x00,0x00,
    0x00,0x00,0x00,0x00,0x00,0x00,0x00,0x00,0x00,0x00,0x00,0x00,0x00,0x00,0x00,0x00,0x00,0x00,0x00,0x00,0x00,0x00,0x00,0x00,
    0x00,0x00,0x00,0x00,0x00,0x00,0x00,0x00,0x00,0x00,0x00,0x00,0x00,0x00,0x00,0x00,0x00,0x00,0x00,0x00,0x00,0x00,0xe0,0xfd,
    0x00,0x00,0xe1,0xf4,0x41,0xfd,0xe1,0xec,0x00,0x00,0xe0,0xfb,0x00,0x00,0xe0,0xff,0xe0,0xff,0x00,0x00,0xe4,0xf5,0x24,0xfe,
    0x04,0xfe,0x04,0xfe,0x04,0xfe,0x44,0xfe,0x44,0xfe,0x24,0xfe,0x04,0xfe,0x04,0xfe,0x24,0xfe,0xe4,0xfd,0x00,0x00,0x00,0x00,
    0xe0,0xff,0x00,0x00,0xe0,0xff,0x00,0x00,0x02,0xed,0x01,0xfd,0xe1,0xf4,0x00,0x00,0x40,0xfd,0xe0,0xff,0x00,0x00,0x00,0x00,
    0x00,0x00,0x00,0x00,0x00,0x00,0x00,0x00,0x00,0x00,0x00,0x00,0x00,0x00,0x00,0x00,0x00,0x00,0x00,0x00,0x00,0x00,0x00,0x00,
    0x00,0x00,0x00,0x00,0x00,0x00,0x00,0x00,0x00,0x00,0x00,0x00,0x00,0x00,0x00,0x00,0x00,0x00,0x00,0x00,0x00,0x00,0x00,0x00,
    0x00,0x00,0x00,0x00,0xe0,0xfd,0x00,0x00,0xe1,0xf4,0x21,0xfd,0x01,0xfd,0x01,0xfd,0xe1,0xf4,0x00,0xf8,0xe0,0xff,0x00,0x00,
    0x00,0x00,0x40,0xfd,0x00,0x00,0x00,0x00,0x00,0x00,0xc4,0xfd,0x04,0xfe,0x44,0xfe,0x04,0xfe,0xe4,0xfd,0x64,0xfe,0x00,0x00,
    0x00,0x00,0x00,0x00,0x40,0xfd,0xe0,0xff,0x00,0x00,0xe0,0xff,0xe0,0xff,0xc1,0xfc,0xe1,0xf4,0x21,0xfd,0x41,0xfd,0xe1,0xf4,
    0x00,0x00,0x40,0xfd,0xe0,0xff,0x00,0x00,0x00,0x00,0x00,0x00,0x00,0x00,0x00,0x00,0x00,0x00,0x00,0x00,0x00,0x00,0x00,0x00,
    0x00,0x00,0x00,0x00,0x00,0x00,0x00,0x00,0x00,0x00,0x00,0x00,0x00,0x00,0x00,0x00,0x00,0x00,0x00,0x00,0x00,0x00,0x00,0x00,
    0x00,0x00,0x00,0x00,0x00,0x00,0x00,0x00,0x00,0x00,0xe0,0xfb,0x00,0x00,0xe1,0xf4,0x21,0xfd,0xe1,0xf4,0x21,0xfd,0x01,0xfd,
    0xe1,0xf4,0xe0,0xff,0xe0,0xff,0x00,0x00,0x00,0x00,0x00,0x00,0xe0,0xff,0xe7,0xfd,0xe0,0xff,0x00,0x00,0x00,0x00,0x00,0x00,
    0x00,0x00,0x00,0x00,0x00,0x00,0xe0,0xff,0xe7,0xfd,0xe0,0xfb,0x00,0x00,0x00,0x00,0x00,0x00,0x00,0xf8,0xe0,0xfb,0x02,0xe5,
    0xe1,0xf4,0x41,0xfd,0xe1,0xf4,0x41,0xfd,0xe1,0xf4,0x00,0x00,0x00,0x00,0xe0,0xff,0x00,0x00,0x00,0x00,0x00,0x00,0x00,0x00,
    0x00,0x00,0x00,0x00,0x00,0x00,0x00,0x00,0x00,0x00,0x00,0x00,0x00,0x00,0x00,0x00,0x00,0x00,0x00,0x00,0x00,0x00,0x00,0x00,
    0x00,0x00,0x00,0x00,0x00,0x00,0x00,0x00,0x00,0x00,0x00,0x00,0x00,0x00,0x00,0x00,0xe0,0xfb,0xe0,0xfb,0xe1,0xf4,0x21,0xfd,
    0xe1,0xf4,0x21,0xfd,0x01,0xfd,0x61,0xec,0x00,0x00,0xe0,0xff,0x00,0x00,0x00,0x00,0x00,0x00,0x00,0x00,0x00,0x00,0x00,0x00,
    0x00,0x00,0xe0,0xff,0x40,0xfd,0xe0,0xfd,0xe0,0xfd,0xe0,0xfd,0xe0,0xff,0x00,0x00,0x00,0x00,0x00,0x00,0x00,0x00,0x00,0x00,
    0x00,0x00,0x00,0x00,0xe0,0xff,0x00,0x00,0x00,0x00,0xe1,0xf4,0x41,0xfd,0xe1,0xf4,0x41,0xfd,0xe1,0xf4,0x02,0xe5,0xe0,0xfb,
    0x00,0xf8,0x00,0x00,0x00,0x00,0x00,0x00,0x00,0x00,0x00,0x00,0x00,0x00,0x00,0x00,0x00,0x00,0x00,0x00,0x00,0x00,0x00,0x00,
    0x00,0x00,0x00,0x00,0x00,0x00,0x00,0x00,0x00,0x00,0x00,0x00,0x00,0x00,0x00,0x00,0x00,0x00,0x00,0x00,0x00,0x00,0x00,0x00,
    0xe0,0xff,0x40,0xfd,0xe1,0xf4,0x41,0xfd,0x21,0xfd,0x01,0xfd,0xa1,0xf4,0x00,0x00,0xe0,0xff,0x00,0x00,0x00,0x00,0x00,0x00,
    0x00,0x00,0x00,0x00,0x00,0x00,0x00,0x00,0x00,0x00,0x00,0x00,0x00,0x00,0x00,0x00,0x00,0x00,0x00,0x00,0x00,0x00,0x00,0x00,
    0x00,0x00,0x00,0x00,0x00,0x00,0x00,0x00,0x00,0x00,0x00,0x00,0x00,0x00,0xe0,0xff,0x40,0xfd,0x00,0x00,0xe1,0xf4,0x41,0xfd,
    0x21,0xfd,0xe1,0xf4,0xc1,0xfc,0xe0,0xff,0xe0,0xff,0x00,0x00,0x00,0x00,0x00,0x00,0x00,0x00,0x00,0x00,0x00,0x00,0x00,0x00,
    0x00,0x00,0x00,0x00,0x00,0x00,0x00,0x00,0x00,0x00,0x00,0x00,0x00,0x00,0x00,0x00,0x00,0x00,0x00,0x00,0x00,0x00,0x00,0x00,
    0x00,0x00,0x00,0x00,0x00,0x00,0x00,0x00,0x00,0xf8,0xe0,0xfb,0x00,0x00,0xe1,0xf4,0x01,0xfd,0x61,0xec,0x00,0x00,0xe0,0xff,
    0x00,0x00,0x00,0x00,0x00,0x00,0x00,0x00,0x00,0x00,0x00,0x00,0x00,0x00,0x00,0x00,0x00,0x00,0x00,0x00,0xe0,0xfd,0x21,0xf5,
    0x21,0xfd,0x42,0xfd,0x00,0x00,0x00,0x00,0x00,0x00,0x00,0x00,0x00,0x00,0x00,0x00,0x00,0x00,0x00,0x00,0x00,0x00,0x00,0x00,
    0xe0,0xff,0x40,0xfd,0x00,0x00,0xe1,0xf4,0x01,0xfd,0x02,0xed,0x00,0x00,0xe0,0xff,0x00,0x00,0x00,0x00,0x00,0x00,0x00,0x00,
    0x00,0x00,0x00,0x00,0x00,0x00,0x00,0x00,0x00,0x00,0x00,0x00,0x00,0x00,0x00,0x00,0x00,0x00,0x00,0x00,0x00,0x00,0x00,0x00,
    0x00,0x00,0x00,0x00,0x00,0x00,0x00,0x00,0x00,0x00,0x00,0x00,0x00,0x00,0x00,0x00,0x00,0x00,0xe0,0xff,0x00,0x00,0xe0,0xfb,
    0xa0,0xec,0x00,0x00,0xe0,0xfb,0x00,0x00,0x00,0x00,0x00,0x00,0x00,0x00,0x00,0x00,0x00,0x00,0x00,0x00,0x00,0x00,0x00,0x00,
    0x40,0xfd,0x00,0x00,0xe1,0xf4,0x01,0xfd,0x21,0xfd,0xe1,0xf4,0x00,0x00,0xe0,0xfb,0x00,0x00,0x00,0x00,0x00,0x00,0x00,0x00,
    0x00,0x00,0x00,0x00,0x00,0x00,0x00,0x00,0x00,0x00,0xe0,0xff,0x00,0xf8,0xe0,0x7b,0xa0,0xec,0x00,0x00,0xe0,0xfb,0x00,0x00,
    0x00,0x00,0x00,0x00,0x00,0x00,0x00,0x00,0x00,0x00,0x00,0x00,0x00,0x00,0x00,0x00,0x00,0x00,0x00,0x00,0x00,0x00,0x00,0x00,
    0x00,0x00,0x00,0x00,0x00,0x00,0x00,0x00,0x00,0x00,0x00,0x00,0x00,0x00,0x00,0x00,0x00,0x00,0x00,0x00,0x00,0x00,0x00,0x00,
    0x00,0x00,0x00,0x00,0x00,0x00,0x00,0x00,0x00,0x00,0xe0,0xff,0x00,0x00,0x00,0x00,0x00,0x00,0x00,0x00,0x00,0x00,0x00,0x00,
    0x00,0x00,0x00,0x00,0x00,0x00,0x00,0x00,0x40,0xfd,0x00,0x00,0x01,0xf5,0x21,0xfd,0x41,0xfd,0xe1,0xf4,0x00,0x00,0xe0,0xfb,
    0x00,0x00,0x00,0x00,0x00,0x00,0x00,0x00,0x00,0x00,0x00,0x00,0x00,0x00,0x00,0x00,0x00,0x00,0x00,0x00,0x00,0x00,0x00,0x00,
    0x00,0x00,0xe0,0xff,0x00,0x00,0x00,0x00,0x00,0x00,0x00,0x00,0x00,0x00,0x00,0x00,0x00,0x00,0x00,0x00,0x00,0x00,0x00,0x00,
    0x00,0x00,0x00,0x00,0x00,0x00,0x00,0x00,0x00,0x00,0x00,0x00,0x00,0x00,0x00,0x00,0x00,0x00,0x00,0x00,0x00,0x00,0x00,0x00,
    0x00,0x00,0x00,0x00,0x00,0x00,0x00,0x00,0x00,0x00,0x00,0x00,0x00,0x00,0x00,0xf8,0xe0,0xff,0x00,0x00,0x00,0x00,0x00,0x00,
    0x00,0x00,0x00,0x00,0x00,0x00,0x00,0x00,0x00,0x00,0x00,0x00,0x00,0x00,0x00,0x00,0x40,0xfd,0x00,0x00,0x01,0xf5,0x01,0xfd,
    0x21,0xfd,0xe1,0xf4,0x00,0x00,0xe0,0xfb,0x00,0x00,0x00,0x00,0x00,0x00,0x00,0x00,0x00,0x00,0x00,0x00,0x00,0x00,0x00,0x00,
    0x00,0x00,0x00,0x00,0x00,0x00,0x00,0xf8,0xe0,0xff,0x00,0x00,0x00,0x00,0x00,0x00,0x00,0x00,0x00,0x00,0x00,0x00,0x00,0x00,
    0x00,0x00,0x00,0x00,0x00,0x00,0x00,0x00,0x00,0x00,0x00,0x00,0x00,0x00,0x00,0x00,0x00,0x00,0x00,0x00,0x00,0x00,0x00,0x00,
    0x00,0x00,0x00,0x00,0x00,0x00,0x00,0x00,0x00,0x00,0x00,0x00,0x00,0x00,0x00,0x00,0x00,0x00,0x00,0x00,0x00,0x00,0x00,0x00,
    0x00,0x00,0x00,0x00,0x00,0x00,0x00,0x00,0x00,0x00,0x00,0x00,0x00,0x00,0x00,0x00,0x00,0x00,0x00,0x00,0x00,0x00,0x00,0x00,
    0x40,0xfd,0x00,0x00,0x01,0xf5,0x01,0xfd,0x21,0xfd,0xe1,0xf4,0x00,0x00,0xe0,0xfb,0x00,0x00,0x00,0x00,0x00,0x00,0x00,0x00,
    0x00,0x00,0x00,0x00,0x00,0x00,0x00,0x00,0x00,0x00,0x00,0x00,0x00,0x00,0x00,0x00,0x00,0x00,0x00,0x00,0x00,0x00,0x00,0x00,
    0x00,0x00,0x00,0x00,0x00,0x00,0x00,0x00,0x00,0x00,0x00,0x00,0x00,0x00,0x00,0x00,0x00,0x00,0x00,0x00,0x00,0x00,0x00,0x00,
    0x00,0x00,0x00,0x00,0x00,0x00,0x00,0x00,0x00,0x00,0x00,0x00,0x00,0x00,0x00,0x00,0x00,0x00,0x00,0x00,0x00,0x00,0x00,0x00,
    0x00,0x00,0x00,0x00,0x00,0x00,0x00,0x00,0x00,0x00,0x00,0x00,0x00,0x00,0x00,0x00,0x00,0x00,0x00,0x00,0x00,0x00,0x00,0x00,
    0x00,0x00,0x00,0x00,0x00,0x00,0x00,0x00,0x40,0xfd,0x00,0x00,0x01,0xf5,0x01,0xfd,0x21,0xfd,0xe1,0xf4,0x00,0x00,0xe0,0xfb,
    0x00,0x00,0x00,0x00,0x00,0x00,0x00,0x00,0x00,0x00,0x00,0x00,0x00,0x00,0x00,0x00,0x00,0x00,0x00,0x00,0x00,0x00,0x00,0x00,
    0x00,0x00,0x00,0x00,0x00,0x00,0x00,0x00,0x00,0x00,0x00,0x00,0x00,0x00,0x00,0x00,0x00,0x00,0x00,0x00,0x00,0x00,0x00,0x00,
    0x00,0x00,0x00,0x00,0x00,0x00,0x00,0x00,0x00,0x00,0x00,0x00,0x00,0x00,0x00,0x00,0x00,0x00,0x00,0x00,0x00,0x00,0x00,0x00,
    0x00,0x00,0x00,0x00,0x00,0x00,0x00,0x00,0x00,0x00,0x00,0x00,0x00,0x00,0x00,0x00,0x00,0x00,0x00,0x00,0x00,0x00,0x00,0x00,
    0x00,0x00,0x00,0x00,0x00,0x00,0x00,0x00,0x00,0x00,0x00,0x00,0x00,0x00,0x00,0x00,0x40,0xfd,0x00,0x00,0x01,0xf5,0x41,0xfd,
    0x61,0xfd,0xe1,0xf4,0x00,0x00,0xe0,0xfb,0x00,0x00,0x00,0x00,0x00,0x00,0x00,0x00,0x00,0x00,0x00,0x00,0x00,0x00,0x00,0x00,
    0x00,0x00,0x00,0x00,0x00,0x00,0x00,0x00,0x00,0x00,0x00,0x00,0x00,0x00,0x00,0x00,0x00,0x00,0x00,0x00,0x00,0x00,0x00,0x00,
    0x00,0x00,0x00,0x00,0x00,0x00,0x00,0x00,0x00,0x00,0x00,0x00,0x00,0x00,0x00,0x00,0x00,0x00,0x00,0x00,0x00,0x00,0x00,0x00,
    0x00,0x00,0x00,0x00,0x00,0x00,0x00,0x00,0x00,0x00,0x00,0x00,0x00,0x00,0x00,0x00,0x00,0x00,0x00,0x00,0x00,0x00,0x00,0x00,
    0x00,0x00,0x00,0x00,0x00,0x00,0x00,0x00,0x00,0x00,0x00,0x00,0x00,0x00,0x00,0x00,0x00,0x00,0x00,0x00,0x00,0x00,0x00,0x00,
    0xe0,0xff,0x00,0x00,0x21,0xf5,0x21,0xfd,0x21,0xfd,0xe1,0xf4,0x00,0x00,0x00,0xf8,0x00,0x00,0x00,0x00,0x00,0x00,0x00,0x00,
    0x00,0x00,0x00,0x00,0x00,0x00,0x00,0x00,0x00,0x00,0x00,0x00,0x00,0x00,0x00,0x00,0x00,0x00,0x00,0x00,0x00,0x00,0x00,0x00,
    0x00,0x00,0x00,0x00,0x00,0x00,0x00,0x00,0x00,0x00,0x00,0x00,0x00,0x00,0x00,0x00,0x00,0x00,0x00,0x00,0x00,0x00,0x00,0x00,
    0x00,0x00,0x00,0x00,0x00,0x00,0x00,0x00,0x00,0x00,0x00,0x00,0x00,0x00,0x00,0x00,0x00,0x00,0x00,0x00,0x00,0x00,0x00,0x00,
    0x00,0x00,0x00,0x00,0x00,0x00,0x00,0x00,0x00,0x00,0x00,0x00,0x00,0x00,0x00,0x00,0x00,0x00,0x00,0x00,0x00,0x00,0x00,0x00,
    0x00,0x00,0x00,0x00,0x00,0x00,0x00,0x00,0x00,0x00,0x00,0x00,0x00,0x00,0x00,0x00,0x00,0x00,0x00,0x00,0x00,0x00,0x00,0x00,
    0x00,0x00,0x00,0x00,0x00,0x00,0x00,0x00,0x00,0x00,0x00,0x00,0x00,0x00,0x00,0x00,0x00,0x00,0x00,0x00,0x00,0x00,0x00,0x00,
    0x00,0x00,0x00,0x00,0x00,0x00,0x00,0x00,0x00,0x00,0x00,0x00,0x00,0x00,0x00,0x00,0x00,0x00,0x00,0x00,0x00,0x00,0x00,0x00,
    0x00,0x00,0x00,0x00,0x00,0x00,0x00,0x00,0x00,0x00,0x00,0x00,0x00,0x00,0x00,0x00,0x00,0x00,0x00,0x00,0x00,0x00,0x00,0x00,
    0x00,0x00,0x00,0x00,0x00,0x00,0x00,0x00,0x00,0x00,0x00,0x00,0x00,0x00,0x00,0x00,0x00,0x00,0x00,0x00,0x00,0x00,0x00,0x00,
    0x00,0x00,0x00,0x00,0x00,0x00,0x00,0x00,0x00,0x00,0x00,0x00,0x00,0x00,0x00,0x00,0x00,0x00,0x00,0x00,0x00,0xf8,0x40,0xfd,
    0x40,0xfd,0xe0,0xfb,0x00,0x00,0x00,0x00,0x00,0x00,0x00,0x00,0x00,0x00,0x00,0x00,0x00,0x00,0x00,0x00,0x00,0x00,0x00,0x00,
    0x00,0x00,0x00,0x00,0x00,0x00,0x00,0x00,0x00,0x00,0x00,0x00,0x00,0x00,0x00,0x00,0x00,0x00,0x00,0x00,0x00,0x00,0x00,0x00,
    0x00,0x00,0x00,0x00,0x00,0x00,0x00,0x00,0x00,0x00,0x00,0x00,0x00,0x00,0x00,0x00,0x00,0x00,0x00,0x00,0x00,0x00,0x00,0x00,
    0x00,0x00,0x00,0x00,0x00,0x00,0x00,0x00,0x00,0x00,0x00,0x00,0x00,0x00,0x00,0x00,0x00,0x00,0x00,0x00,0x00,0x00,0x00,0x00,
    0x00,0x00,0x00,0x00,0x00,0x00,0x00,0x00,0x00,0x00,0x00,0x00,0x00,0x00,0x00,0x00,0x00,0x00,0x00,0x00,0x00,0x00,0x00,0x00,
    0x00,0x00,0x00,0x00,0x00,0x00,0x00,0x00,0x00,0x00,0x00,0x00,0x00,0x00,0x00,0x00,0x00,0x00,0x00,0x00,0x00,0x00,0x00,0x00,
    0x00,0x00,0x00,0x00,0x00,0x00,0x00,0x00,0x00,0x00,0x00,0x00,0x00,0x00,0x00,0x00,0x00,0x00,0x00,0x00,0x00,0x00,0x00,0x00,
    0x00,0x00,0x00,0x00,0x00,0x00,0x00,0x00,0x00,0x00,0x00,0x00,0x00,0x00,0x00,0x00,0x00,0x00,0x00,0x00,0x00,0x00,0x00,0x00,
    0x00,0x00,0x00,0x00,0x00,0x00,0x00,0x00,0x00,0x00,0x00,0x00,0x00,0x00,0x00,0x00,0x00,0x00,0x00,0x00,0x00,0x00,0x00,0x00,
    0x00,0x00,0x00,0x00,0x00,0x00,0x00,0x00,0x00,0x00,0x00,0x00,0x00,0x00,0x00,0x00,0x00,0x00,0x00,0x00,0x00,0x00,0x00,0x00,
    0x00,0x00,0x00,0x00,0x00,0x00,0x00,0x00,0x00,0x00,0x00,0x00,0x00,0x00,0x00,0x00,0x00,0x00,0x00,0x00,0x00,0x00,0x00,0x00,
    0x00,0x00,0x00,0x00,0x00,0x00,0x00,0x00,0x00,0x00,0x00,0x00,0x00,0x00,0x00,0x00,0x00,0x00,0x00,0x00,0x00,0x00,0x00,0x00,
    0x00,0x00,0x00,0x00,0x00,0x00,0x00,0x00,0x00,0x00,0x00,0x00,0x00,0x00,0x00,0x00,0x00,0x00,0x00,0x00,0x00,0x00,0x00,0x00,
    0x00,0x00,0x00,0x00,0x00,0x00,0x00,0x00,0x00,0x00,0x00,0x00,0x00,0x00,0x00,0x00,0x00,0x00,0x00,0x00,0x00,0x00,0x00,0x00,
    0x00,0x00,0x00,0x00,0x00,0x00,0x00,0x00,0x00,0x00,0x00,0x00,0x00,0x00,0x00,0x00,0x00,0x00,0x00,0x00,0x00,0x00,0x00,0x00,
    0x00,0x00,0x00,0x00,0x00,0x00,0x00,0x00,0x00,0x00,0x00,0x00,0x00,0x00,0x00,0x00,0x00,0x00,0x00,0x00,0x00,0x00,0x00,0x00,
    0x00,0x00,0x00,0x00,0x00,0x00,0x00,0x00,0x00,0x00,0x00,0x00,0x00,0x00,0x00,0x00,0x00,0x00,0x00,0x00,0x00,0x00,0x00,0x00,
    0x00,0x00,0x00,0x00,0x00,0x00,0x00,0x00,0x00,0x00,0x00,0x00,0x00,0x00,0x00,0x00,0x00,0x00,0x00,0x00,0x00,0x00,0x00,0x00,
    0x00,0x00,0x00,0x00,0x00,0x00,0x00,0x00,0x00,0x00,0x00,0x00,0x00,0x00,0x00,0x00,0x00,0x00,0x00,0x00,0x00,0x00,0x00,0x00,
    0x00,0x00,0x00,0x00,0x00,0x00,0x00,0x00,0x00,0x00,0x00,0x00,0x00,0x00,0x00,0x00,0x00,0x00,0x00,0x00,0x00,0x00,0x00,0x00,
    0x00,0x00,0x00,0x00,0x00,0x00,0x00,0x00,0x00,0x00,0x00,0x00,0x00,0x00,0x00,0x00,0x00,0x00,0x00,0x00,0x00,0x00,0x00,0x00,
    0x00,0x00,0x00,0x00,0x00,0x00,0x00,0x00,0x00,0x00,0x00,0x00,0x00,0x00,0x00,0x00,0x00,0x00,0x00,0x00,0x00,0x00,0x00,0x00,
    0x00,0x00,0x00,0x00,0x00,0x00,0x00,0x00,0x00,0x00,0x00,0x00,0x00,0x00,0x00,0x00,0x00,0x00,0x00,0x00,0x00,0x00,0x00,0x00,
    0x00,0x00,0x00,0x00,0x00,0x00,0x00,0x00,0x00,0x00,0x00,0x00,0x00,0x00,0x00,0x00,0x00,0x00,0x00,0x00,0x00,0x00,0x00,0x00,
    0x00,0x00,0x00,0x00,0x00,0x00,0x00,0x00,0x00,0x00,0x00,0x00,0x00,0x00,0x00,0x00,0x00,0x00,0x00,0x00,0x00,0x00,0x00,0x00,
    0x00,0x00,0x00,0x00,0x00,0x00,0x00,0x00,0x00,0x00,0x00,0x00,0x00,0x00,0x00,0x00,0x00,0x00,0x00,0x00,0x00,0x00,0x00,0x00,
    0x00,0x00,0x00,0x00,0x00,0x00,0x00,0x00,0x00,0x00,0x00,0x00,0x00,0x00,0x00,0x00,0x00,0x00,0x00,0x00,0x00,0x00,0x00,0x00,
    0x00,0x00,0x00,0x00,0x00,0x00,0x00,0x00,0x00,0x00,0x00,0x00,0x00,0x00,0x00,0x00,0x00,0x00,0x00,0x00,0x00,0x00,0x00,0x00,
    0x00,0x00,0x00,0x00,0x00,0x00,0x00,0x00,0x00,0x00,0x00,0x00,0x00,0x00,0x00,0x00,0x00,0x00,0x00,0x00,0x00,0x00,0x00,0x00,
    0x00,0x00,0x00,0x00,0x00,0x00,0x00,0x00,0x00,0x00,0x00,0x00,0x00,0x00,0x00,0x00,0x00,0x00,0x00,0x00,0x00,0x00,0x00,0x00,
    0x00,0x00,0x00,0x00,0x00,0x00,0x00,0x00,0x00,0x00,0x00,0x00,0x00,0x00,0x00,0x00,0x00,0x00,0x00,0x00,0x00,0x00,0x00,0x00,
    0x00,0x00,0x00,0x00,0x00,0x00,0x00,0x00,0x00,0x00,0x00,0x00,0x00,0x00,0x00,0x00,0x00,0x00,0x00,0x00,0x00,0x00,0x00,0x00,
    0x00,0x00,0x00,0x00,0x00,0x00,0x00,0x00,0x00,0x00,0x00,0x00,0x00,0x00,0x00,0x00,0x00,0x00,0x00,0x00,0x00,0x00,0x00,0x00,
    0x00,0x00,0x00,0x00,0x00,0x00,0x00,0x00,0x00,0x00,0x00,0x00,0x00,0x00,0x00,0x00,0x00,0x00,0x00,0x00,0x00,0x00,0x00,0x00,
    0x00,0x00,0x00,0x00,0x00,0x00,0x00,0x00,0x00,0x00,0x00,0x00,0x00,0x00,0x00,0x00,0x00,0x00,0x00,0x00,0x00,0x00,0x00,0x00,
    0x00,0x00,0x00,0x00,0x00,0x00,0x00,0x00,0x00,0x00,0x00,0x00,0x00,0x00,0x00,0x00,0x00,0x00,0x00,0x00,0x00,0x00,0x00,0x00,
    0x00,0x00,0x00,0x00,0x00,0x00,0x00,0x00,0x00,0x00,0x00,0x00,0x00,0x00,0x00,0x00,0x00,0x00,0x00,0x00,0x00,0x00,0x00,0x00,
    0x00,0x00,0x00,0x00,0x00,0x00,0x00,0x00,0x00,0x00,0x00,0x00,0x00,0x00,0x00,0x00,0x00,0x00,0x00,0x00,0x00,0x00,0x00,0x00,
    0x00,0x00,0x00,0x00,0x00,0x00,0x00,0x00,0x00,0x00,0x00,0x00,0x00,0x00,0x00,0x00,0x00,0x00,0x00,0x00,0x00,0x00,0x00,0x00,
    0x00,0x00,0x00,0x00,0x00,0x00,0x00,0x00,0x00,0x00,0x00,0x00,0x00,0x00,0x00,0x00,0x00,0x00,0x00,0x00,0x00,0x00,0x00,0x00,
    0x00,0x00,0x00,0x00,0x00,0x00,0x00,0x00,0x00,0x00,0x00,0x00,0x00,0x00,0x00,0x00,0x00,0x00,0x00,0x00,0x00,0x00,0x00,0x00,
    0x00,0x00,0x00,0x00,0x00,0x00,0x00,0x00,0x00,0x00,0x00,0x00,0x00,0x00,0x00,0x00,0x00,0x00,0x00,0x00,0x00,0x00,0x00,0x00,
    0x00,0x00,0x00,0x00,0x00,0x00,0x00,0x00,0x00,0x00,0x00,0x00,0x00,0x00,0x00,0x00,0x00,0x00,0x00,0x00,0x00,0x00,0x00,0x00,
    0x00,0x00,0x00,0x00,0x00,0x00,0x00,0x00,0x00,0x00,0x00,0x00,0x00,0x00,0x00,0x00,0x00,0x00,0x00,0x00,0x00,0x00,0x01,0x01,
    0x01,0x01,0x00,0x00,0x00,0x00,0x00,0x00,0x00,0x00,0x00,0x00,0x00,0x00,0x00,0x00,0x00,0x00,0x00,0x00,0x00,0x00,0x00,0x00,
    0x00,0x00,0x00,0x00,0x00,0x00,0x00,0x00,0x00,0x00,0x00,0x00,0x00,0x00,0x00,0x00,0x00,0x00,0x00,0x00,0x00,0x00,0x00,0x00,
    0x00,0x00,0x00,0x00,0x00,0x00,0x00,0x00,0x00,0x00,0x00,0x00,0x00,0x00,0x00,0x00,0x00,0x00,0x00,0x00,0x00,0x00,0x00,0x00,
    0x00,0x00,0x00,0x00,0x00,0x00,0x00,0x00,0x00,0x00,0x00,0x00,0x00,0x00,0x00,0x00,0x00,0x00,0x00,0x00,0x00,0x00,0x00,0x00,
    0x00,0x00,0x00,0x00,0x00,0x00,0x00,0x00,0x00,0x00,0x00,0x00,0x00,0x00,0x00,0x00,0x00,0x00,0x00,0x00,0x00,0x00,0x00,0x00,
    0x00,0x00,0x00,0x00,0x00,0x00,0x08,0x11,0x11,0x08,0x00,0x00,0x00,0x00,0x00,0x00,0x00,0x00,0x00,0x00,0x00,0x00,0x00,0x00,
    0x00,0x00,0x00,0x00,0x00,0x00,0x00,0x00,0x00,0x00,0x00,0x00,0x00,0x00,0x00,0x00,0x00,0x00,0x00,0x00,0x00,0x00,0x00,0x00,
    0x00,0x00,0x00,0x00,0x00,0x00,0x00,0x00,0x00,0x00,0x00,0x00,0x00,0x00,0x00,0x00,0x00,0x00,0x00,0x00,0x04,0x00,0x78,0xee,
    0xee,0x78,0x00,0x04,0x00,0x00,0x00,0x00,0x00,0x00,0x00,0x00,0x00,0x00,0x00,0x00,0x00,0x00,0x00,0x00,0x00,0x00,0x00,0x00,
    0x00,0x00,0x00,0x00,0x00,0x00,0x00,0x00,0x00,0x00,0x00,0x00,0x00,0x00,0x00,0x00,0x00,0x00,0x00,0x00,0x00,0x00,0x00,0x00,
    0x00,0x00,0x00,0x00,0x00,0x00,0x00,0x00,0x00,0x00,0x00,0x00,0x04,0x00,0x82,0xff,0xff,0x82,0x00,0x04,0x00,0x00,0x00,0x00,
    0x00,0x00,0x00,0x00,0x00,0x00,0x00,0x00,0x00,0x00,0x00,0x00,0x00,0x00,0x00,0x00,0x00,0x00,0x00,0x00,0x00,0x00,0x00,0x00,
    0x00,0x00,0x00,0x00,0x00,0x00,0x00,0x00,0x00,0x00,0x00,0x00,0x00,0x00,0x00,0x00,0x00,0x00,0x00,0x00,0x00,0x00,0x00,0x00,
    0x00,0x00,0x00,0x00,0x04,0x00,0x7f,0xfe,0xfe,0x7f,0x00,0x04,0x00,0x00,0x00,0x00,0x00,0x00,0x00,0x00,0x00,0x00,0x00,0x00,
    0x00,0x00,0x00,0x00,0x00,0x00,0x00,0x00,0x00,0x00,0x00,0x00,0x00,0x00,0x00,0x00,0x00,0x00,0x00,0x00,0x00,0x00,0x00,0x00,
    0x00,0x00,0x00,0x00,0x00,0x00,0x00,0x00,0x00,0x00,0x00,0x00,0x00,0x00,0x00,0x00,0x00,0x00,0x00,0x00,0x04,0x00,0x80,0xff,
    0xff,0x80,0x00,0x04,0x00,0x00,0x00,0x00,0x00,0x00,0x00,0x00,0x00,0x00,0x00,0x00,0x00,0x00,0x00,0x00,0x00,0x00,0x00,0x00,
    0x00,0x00,0x00,0x00,0x00,0x00,0x00,0x00,0x00,0x00,0x00,0x00,0x00,0x00,0x00,0x00,0x00,0x00,0x00,0x00,0x00,0x00,0x00,0x02,
    0x02,0x00,0x00,0x00,0x00,0x00,0x00,0x00,0x00,0x00,0x00,0x00,0x04,0x00,0x7f,0xfd,0xfd,0x7f,0x00,0x04,0x00,0x00,0x00,0x00,
    0x00,0x00,0x00,0x00,0x00,0x00,0x00,0x02,0x02,0x00,0x00,0x00,0x00,0x00,0x00,0x00,0x00,0x00,0x00,0x00,0x00,0x00,0x00,0x00,
    0x00,0x00,0x00,0x00,0x00,0x00,0x00,0x00,0x00,0x00,0x00,0x00,0x00,0x00,0x02,0x00,0x00,0x01,0x01,0x00,0x00,0x00,0x00,0x00,
    0x00,0x00,0x00,0x00,0x04,0x00,0x86,0xff,0xff,0x86,0x00,0x04,0x00,0x00,0x00,0x00,0x00,0x00,0x00,0x00,0x00,0x00,0x02,0x00,
    0x00,0x01,0x01,0x00,0x00,0x00,0x00,0x00,0x00,0x00,0x00,0x00,0x00,0x00,0x00,0x00,0x00,0x00,0x00,0x00,0x00,0x00,0x00,0x00,
    0x00,0x00,0x00,0x00,0x00,0x02,0x00,0x70,0x9f,0x00,0x02,0x01,0x00,0x00,0x00,0x00,0x00,0x00,0x00,0x00,0x01,0x00,0x21,0x41,
    0x41,0x21,0x00,0x01,0x00,0x00,0x00,0x00,0x00,0x00,0x00,0x00,0x00,0x04,0x00,0x70,0x9f,0x00,0x00,0x01,0x00,0x00,0x00,0x00,
    0x00,0x00,0x00,0x00,0x00,0x00,0x00,0x00,0x00,0x00,0x00,0x00,0x00,0x00,0x00,0x00,0x00,0x00,0x00,0x00,0x02,0x02,0x71,0xff,
    0xff,0x99,0x00,0x03,0x01,0x00,0x00,0x00,0x00,0x00,0x00,0x00,0x00,0x00,0x00,0x00,0x00,0x00,0x00,0x00,0x00,0x00,0x00,0x00,
    0x00,0x00,0x00,0x00,0x04,0x00,0x65,0xff,0xff,0xa1,0x0b,0x02,0x01,0x00,0x00,0x00,0x00,0x00,0x00,0x00,0x00,0x00,0x00,0x00,
    0x00,0x00,0x00,0x00,0x00,0x00,0x00,0x00,0x00,0x00,0x00,0x00,0x02,0x03,0xa0,0xff,0xf5,0xff,0x9a,0x00,0x00,0x01,0x00,0x00,
    0x00,0x00,0x00,0x00,0x00,0x00,0x02,0x04,0x04,0x03,0x00,0x00,0x00,0x00,0x00,0x00,0x00,0x00,0x00,0x01,0x00,0x65,0xff,0xf8,
    0xff,0xd4,0x12,0x01,0x01,0x00,0x00,0x00,0x00,0x00,0x00,0x00,0x00,0x00,0x00,0x00,0x00,0x00,0x00,0x00,0x00,0x00,0x00,0x00,
    0x00,0x00,0x00,0x00,0x01,0x02,0x00,0x9a,0xff,0xf6,0xff,0x99,0x0c,0x02,0x01,0x00,0x00,0x00,0x00,0x02,0x04,0x03,0x00,0x00,
    0x00,0x00,0x02,0x04,0x03,0x01,0x00,0x00,0x00,0x00,0x02,0x04,0x69,0xff,0xf8,0xff,0xca,0x0f,0x00,0x01,0x00,0x00,0x00,0x00,
    0x00,0x00,0x00,0x00,0x00,0x00,0x00,0x00,0x00,0x00,0x00,0x00,0x00,0x00,0x00,0x00,0x00,0x00,0x00,0x00,0x00,0x01,0x02,0x00,
    0x9a,0xff,0xf8,0xff,0x41,0x00,0x03,0x00,0x00,0x02,0x01,0x00,0x00,0x00,0x09,0x10,0x11,0x0f,0x00,0x00,0x00,0x00,0x03,0x00,
    0x00,0x01,0x01,0x17,0xf0,0xff,0xff,0xca,0x11,0x00,0x02,0x00,0x00,0x00,0x00,0x00,0x00,0x00,0x00,0x00,0x00,0x00,0x00,0x00,
    0x00,0x00,0x00,0x00,0x00,0x00,0x00,0x00,0x00,0x00,0x00,0x00,0x00,0x00,0x01,0x03,0x00,0x9a,0xff,0x60,0x00,0x02,0x00,0x00,
    0x03,0x00,0x00,0x29,0x74,0xb9,0xe1,0xee,0xee,0xeb,0xc0,0x8b,0x39,0x03,0x00,0x02,0x01,0x00,0x02,0x00,0x33,0xf5,0xd0,0x11,
    0x00,0x02,0x00,0x00,0x00,0x00,0x00,0x00,0x00,0x00,0x00,0x00,0x00,0x00,0x00,0x00,0x00,0x00,0x00,0x00,0x00,0x00,0x00,0x00,
    0x00,0x00,0x00,0x00,0x00,0x00,0x00,0x01,0x01,0x02,0x40,0x00,0x01,0x00,0x01,0x02,0x00,0x38,0xba,0xfb,0xff,0xff,0xff,0xff,
    0xff,0xff,0xff,0xff,0xff,0xd2,0x59,0x00,0x00,0x03,0x00,0x02,0x00,0x32,0x1a,0x00,0x02,0x00,0x00,0x00,0x00,0x00,0x00,0x00,
    0x00,0x00,0x00,0x00,0x00,0x00,0x00,0x00,0x00,0x00,0x00,0x00,0x00,0x00,0x00,0x00,0x00,0x00,0x00,0x00,0x00,0x00,0x00,0x00,
    0x00,0x00,0x00,0x02,0x00,0x01,0x00,0x00,0x80,0xfb,0xff,0xff,0xfb,0xfc,0xfd,0xfe,0xfe,0xfe,0xfc,0xfb,0xfe,0xff,0xff,0xa7,
    0x11,0x00,0x03,0x00,0x02,0x00,0x00,0x01,0x00,0x00,0x00,0x00,0x00,0x00,0x00,0x00,0x00,0x00,0x00,0x00,0x00,0x00,0x00,0x00,
    0x00,0x00,0x00,0x00,0x00,0x00,0x00,0x00,0x00,0x00,0x00,0x00,0x00,0x00,0x00,0x00,0x00,0x01,0x03,0x00,0x01,0x01,0x11,0xa9,
    0xff,0xfe,0xfc,0xff,0xff,0xff,0xff,0xff,0xff,0xff,0xff,0xff,0xff,0xfd,0xfc,0xff,0xce,0x30,0x00,0x02,0x00,0x02,0x01,0x00,
    0x00,0x00,0x00,0x00,0x00,0x00,0x00,0x00,0x00,0x00,0x00,0x00,0x00,0x00,0x00,0x00,0x00,0x00,0x00,0x00,0x00,0x00,0x00,0x00,
    0x00,0x00,0x00,0x00,0x00,0x00,0x00,0x00,0x00,0x00,0x00,0x00,0x04,0x01,0xac,0xff,0xf9,0xfe,0xff,0xff,0xff,0xff,0xff,0xff,
    0xff,0xff,0xff,0xff,0xff,0xff,0xff,0xfa,0xff,0xde,0x13,0x02,0x01,0x00,0x00,0x00,0x00,0x00,0x00,0x00,0x00,0x00,0x00,0x00,
    0x00,0x00,0x00,0x00,0x00,0x00,0x00,0x00,0x00,0x00,0x00,0x00,0x00,0x00,0x00,0x00,0x00,0x00,0x00,0x00,0x00,0x00,0x00,0x00,
    0x00,0x00,0x00,0x03,0x00,0x7f,0xff,0xf9,0xff,0xff,0xff,0xff,0xff,0xff,0xff,0xff,0xff,0xff,0xff,0xff,0xff,0xff,0xff,0xff,
    0xfa,0xff,0xbb,0x00,0x03,0x00,0x00,0x00,0x00,0x00,0x00,0x00,0x00,0x00,0x00,0x00,0x00,0x00,0x00,0x00,0x00,0x00,0x00,0x00,
    0x00,0x00,0x00,0x00,0x00,0x00,0x00,0x00,0x00,0x00,0x00,0x00,0x00,0x00,0x00,0x00,0x00,0x00,0x02,0x00,0x33,0xfa,0xfc,0xfe,
    0xff,0xff,0xff,0xff,0xff,0xff,0xff,0xff,0xff,0xff,0xff,0xff,0xff,0xff,0xff,0xff,0xff,0xfb,0xff,0x6b,0x00,0x03,0x00,0x00,
    0x00,0x00,0x00,0x00,0x00,0x00,0x00,0x00,0x00,0x00,0x00,0x00,0x00,0x00,0x00,0x00,0x00,0x00,0x00,0x00,0x00,0x00,0x00,0x00,
    0x00,0x00,0x00,0x00,0x00,0x00,0x00,0x00,0x00,0x00,0x02,0x02,0xc0,0xff,0xfc,0xff,0xff,0xff,0xff,0xff,0xff,0xff,0xff,0xff,
    0xff,0xff,0xff,0xff,0xff,0xff,0xff,0xff,0xff,0xfe,0xfd,0xee,0x15,0x01,0x01,0x00,0x00,0x00,0x00,0x00,0x00,0x00,0x00,0x00,
    0x00,0x00,0x00,0x00,0x00,0x00,0x00,0x00,0x00,0x00,0x00,0x00,0x00,0x00,0x00,0x00,0x00,0x00,0x00,0x00,0x00,0x00,0x00,0x00,
    0x00,0x02,0x00,0x26,0xfb,0xfe,0xff,0xff,0xff,0xff,0xff,0xff,0xff,0xff,0xff,0xff,0xff,0xff,0xff,0xff,0xff,0xff,0xff,0xff,
    0xff,0xff,0xfc,0xff,0x60,0x00,0x04,0x00,0x00,0x00,0x00,0x00,0x00,0x00,0x00,0x00,0x00,0x00,0x00,0x00,0x00,0x00,0x00,0x00,
    0x00,0x00,0x00,0x00,0x00,0x00,0x00,0x00,0x04,0x04,0x04,0x04,0x04,0x04,0x01,0x00,0x00,0x04,0x00,0x78,0xff,0xfb,0xff,0xff,
    0xff,0xff,0xff,0xff,0xff,0xff,0xff,0xff,0xff,0xff,0xff,0xff,0xff,0xff,0xff,0xff,0xff,0xff,0xfc,0xfe,0xb5,0x02,0x02,0x00,
    0x00,0x00,0x03,0x03,0x03,0x03,0x03,0x03,0x01,0x00,0x00,0x00,0x00,0x00,0x00,0x00,0x00,0x00,0x00,0x00,0x00,0x00,0x00,0x00,
    0x00,0x00,0x00,0x00,0x00,0x00,0x00,0x00,0x00,0x02,0x00,0xba,0xff,0xfc,0xff,0xff,0xff,0xff,0xff,0xff,0xff,0xff,0xff,0xff,
    0xff,0xff,0xff,0xff,0xff,0xff,0xff,0xff,0xff,0xff,0xfe,0xff,0xec,0x0e,0x00,0x01,0x00,0x00,0x00,0x00,0x00,0x00,0x00,0x00,
    0x00,0x00,0x00,0x00,0x00,0x00,0x00,0x00,0x00,0x00,0x00,0x00,0x00,0x01,0x00,0x09,0x77,0x80,0x7f,0x80,0x7f,0x80,0x21,0x00,
    0x02,0x00,0x0d,0xe2,0xff,0xfe,0xff,0xff,0xff,0xff,0xff,0xff,0xff,0xff,0xff,0xff,0xff,0xff,0xff,0xff,0xff,0xff,0xff,0xff,
    0xff,0xff,0xff,0xfe,0xfb,0x35,0x00,0x03,0x00,0x04,0x3d,0x41,0x41,0x41,0x41,0x41,0x11,0x00,0x01,0x00,0x00,0x00,0x00,0x00,
    0x00,0x00,0x00,0x00,0x00,0x01,0x00,0x12,0xfc,0xff,0xff,0xff,0xff,0xff,0x45,0x00,0x04,0x00,0x12,0xf0,0xff,0xfe,0xff,0xff,
    0xff,0xff,0xff,0xff,0xff,0xff,0xff,0xff,0xff,0xff,0xff,0xff,0xff,0xff,0xff,0xff,0xff,0xff,0xff,0xfd,0xff,0x43,0x00,0x04,
    0x00,0x12,0xf6,0xff,0xff,0xff,0xff,0xff,0x43,0x00,0x03,0x00,0x00,0x00,0x00,0x00,0x00,0x00,0x00,0x00,0x00,0x01,0x00,0x12,
    0xfc,0xff,0xff,0xff,0xff,0xff,0x45,0x00,0x04,0x00,0x11,0xee,0xff,0xfe,0xff,0xff,0xff,0xff,0xff,0xff,0xff,0xff,0xff,0xff,
    0xff,0xff,0xff,0xff,0xff,0xff,0xff,0xff,0xff,0xff,0xff,0xfd,0xff,0x41,0x00,0x04,0x00,0x12,0xf9,0xff,0xff,0xff,0xff,0xff,
    0x44,0x00,0x03,0x00,0x00,0x00,0x00,0x00,0x00,0x00,0x00,0x00,0x00,0x01,0x00,0x09,0x77,0x80,0x7f,0x80,0x7f,0x80,0x21,0x00,
    0x02,0x00,0x10,0xea,0xff,0xfe,0xff,0xff,0xff,0xff,0xff,0xff,0xff,0xff,0xff,0xff,0xff,0xff,0xff,0xff,0xff,0xff,0xff,0xff,
    0xff,0xff,0xff,0xfd,0xfd,0x3e,0x00,0x04,0x00,0x0d,0xb1,0xbe,0xbd,0xbe,0xbc,0xbe,0x30,0x00,0x02,0x00,0x00,0x00,0x00,0x00,
    0x00,0x00,0x00,0x00,0x00,0x00,0x00,0x00,0x00,0x00,0x00,0x00,0x00,0x00,0x00,0x00,0x00,0x02,0x01,0xc4,0xff,0xfc,0xff,0xff,
    0xff,0xff,0xff,0xff,0xff,0xff,0xff,0xff,0xff,0xff,0xff,0xff,0xff,0xff,0xff,0xff,0xff,0xff,0xfe,0xff,0xf2,0x15,0x00,0x01,
    0x00,0x00,0x00,0x00,0x00,0x00,0x00,0x00,0x00,0x00,0x00,0x00,0x00,0x00,0x00,0x00,0x00,0x00,0x00,0x00,0x00,0x00,0x00,0x00,
    0x04,0x04,0x04,0x04,0x04,0x04,0x01,0x00,0x00,0x04,0x00,0x8d,0xff,0xfb,0xff,0xff,0xff,0xff,0xff,0xff,0xff,0xff,0xff,0xff,
    0xff,0xff,0xff,0xff,0xff,0xff,0xff,0xff,0xff,0xff,0xfc,0xff,0xc9,0x04,0x02,0x00,0x00,0x00,0x02,0x02,0x02,0x02,0x02,0x02,
    0x01,0x00,0x00,0x00,0x00,0x00,0x00,0x00,0x00,0x00,0x00,0x00,0x00,0x00,0x00,0x00,0x00,0x00,0x00,0x00,0x00,0x00,0x00,0x00,
    0x00,0x03,0x00,0x37,0xfe,0xfd,0xff,0xff,0xff,0xff,0xff,0xff,0xff,0xff,0xff,0xff,0xff,0xff,0xff,0xff,0xff,0xff,0xff,0xff,
    0xff,0xff,0xfb,0xff,0x75,0x00,0x04,0x00,0x00,0x00,0x00,0x00,0x00,0x00,0x00,0x00,0x00,0x00,0x00,0x00,0x00,0x00,0x00,0x00,
    0x00,0x00,0x00,0x00,0x00,0x00,0x00,0x00,0x00,0x00,0x00,0x00,0x00,0x00,0x00,0x00,0x00,0x00,0x01,0x06,0xd8,0xfe,0xfd,0xff,
    0xff,0xff,0xff,0xff,0xff,0xff,0xff,0xff,0xff,0xff,0xff,0xff,0xff,0xff,0xff,0xff,0xff,0xfe,0xfd,0xfb,0x25,0x00,0x02,0x00,
    0x00,0x00,0x00,0x00,0x00,0x00,0x00,0x00,0x00,0x00,0x00,0x00,0x00,0x00,0x00,0x00,0x00,0x00,0x00,0x00,0x00,0x00,0x00,0x00,
    0x00,0x00,0x00,0x00,0x00,0x00,0x00,0x00,0x00,0x00,0x03,0x00,0x56,0xff,0xfb,0xff,0xff,0xff,0xff,0xff,0xff,0xff,0xff,0xff,
    0xff,0xff,0xff,0xff,0xff,0xff,0xff,0xff,0xff,0xfb,0xff,0x94,0x00,0x03,0x00,0x00,0x00,0x00,0x00,0x00,0x00,0x00,0x00,0x00,
    0x00,0x00,0x00,0x00,0x00,0x00,0x00,0x00,0x00,0x00,0x00,0x00,0x00,0x00,0x00,0x00,0x00,0x00,0x00,0x00,0x00,0x00,0x00,0x00,
    0x00,0x00,0x00,0x03,0x00,0xaa,0xff,0xfa,0xff,0xff,0xff,0xff,0xff,0xff,0xff,0xff,0xff,0xff,0xff,0xff,0xff,0xff,0xff,0xff,
    0xfc,0xff,0xde,0x0d,0x02,0x01,0x00,0x00,0x00,0x00,0x00,0x00,0x00,0x00,0x00,0x00,0x00,0x00,0x00,0x00,0x00,0x00,0x00,0x00,
    0x00,0x00,0x00,0x00,0x00,0x00,0x00,0x00,0x00,0x00,0x00,0x00,0x00,0x00,0x00,0x00,0x00,0x00,0x00,0x01,0x03,0x12,0xd2,0xff,
    0xfa,0xff,0xff,0xff,0xff,0xff,0xff,0xff,0xff,0xff,0xff,0xff,0xff,0xff,0xff,0xfc,0xff,0xf5,0x34,0x00,0x02,0x00,0x00,0x00,
    0x00,0x00,0x00,0x00,0x00,0x00,0x00,0x00,0x00,0x00,0x00,0x00,0x00,0x00,0x00,0x00,0x00,0x00,0x00,0x00,0x00,0x00,0x00,0x00,
    0x00,0x00,0x00,0x00,0x00,0x00,0x00,0x00,0x00,0x00,0x01,0x00,0x02,0x00,0x2d,0xda,0xff,0xfb,0xfe,0xff,0xff,0xff,0xff,0xff,
    0xff,0xff,0xff,0xff,0xff,0xfe,0xfb,0xff,0xf2,0x5c,0x00,0x03,0x00,0x01,0x01,0x00,0x00,0x00,0x00,0x00,0x00,0x00,0x00,0x00,
    0x00,0x00,0x00,0x00,0x00,0x00,0x00,0x00,0x00,0x00,0x00,0x00,0x00,0x00,0x00,0x00,0x00,0x00,0x00,0x00,0x00,0x00,0x00,0x00,
    0x00,0x01,0x00,0x02,0x00,0x02,0x00,0x13,0xb8,0xff,0xff,0xfb,0xfc,0xfe,0xff,0xff,0xff,0xff,0xfe,0xfc,0xfb,0xff,0xff,0xd9,
    0x36,0x00,0x04,0x00,0x01,0x00,0x00,0x00,0x00,0x00,0x00,0x00,0x00,0x00,0x00,0x00,0x00,0x00,0x00,0x00,0x00,0x00,0x00,0x00,
    0x00,0x00,0x00,0x00,0x00,0x00,0x00,0x00,0x00,0x00,0x00,0x00,0x00,0x00,0x00,0x00,0x02,0x00,0x13,0x00,0x02,0x00,0x02,0x00,
    0x00,0x6d,0xe9,0xff,0xff,0xff,0xfe,0xfd,0xfd,0xfd,0xff,0xff,0xff,0xf8,0x92,0x0f,0x00,0x03,0x00,0x02,0x00,0x0c,0x02,0x01,
    0x01,0x00,0x00,0x00,0x00,0x00,0x00,0x00,0x00,0x00,0x00,0x00,0x00,0x00,0x00,0x00,0x00,0x00,0x00,0x00,0x00,0x00,0x00,0x00,
    0x00,0x00,0x00,0x00,0x00,0x00,0x00,0x04,0x00,0x68,0xe5,0x31,0x00,0x02,0x00,0x01,0x01,0x00,0x17,0x61,0xb1,0xea,0xff,0xff,
    0xff,0xff,0xf0,0xc5,0x74,0x28,0x00,0x00,0x02,0x00,0x01,0x00,0x0e,0xd2,0xa3,0x00,0x03,0x01,0x00,0x00,0x00,0x00,0x00,0x00,
    0x00,0x00,0x00,0x00,0x00,0x00,0x00,0x00,0x00,0x00,0x00,0x00,0x00,0x00,0x00,0x00,0x00,0x00,0x00,0x00,0x00,0x00,0x04,0x00,
    0x65,0xff,0xff,0xf5,0x34,0x01,0x02,0x00,0x00,0x03,0x00,0x00,0x00,0x0f,0x35,0x41,0x41,0x3e,0x14,0x00,0x00,0x00,0x03,0x01,
    0x00,0x01,0x01,0x12,0xd3,0xff,0xff,0x9a,0x00,0x03,0x01,0x00,0x00,0x00,0x00,0x00,0x00,0x00,0x00,0x00,0x00,0x00,0x00,0x00,
    0x00,0x00,0x00,0x00,0x00,0x00,0x00,0x00,0x00,0x00,0x00,0x00,0x00,0x02,0x00,0x65,0xff,0xf8,0xff,0xcd,0x20,0x01,0x01,0x00,
    0x00,0x00,0x01,0x04,0x02,0x00,0x00,0x00,0x00,0x00,0x00,0x01,0x04,0x02,0x00,0x00,0x00,0x01,0x02,0x0b,0xa2,0xff,0xf6,0xff,
    0x9a,0x00,0x00,0x01,0x00,0x00,0x00,0x00,0x00,0x00,0x00,0x00,0x00,0x00,0x00,0x00,0x00,0x00,0x00,0x00,0x00,0x00,0x00,0x00,
    0x00,0x00,0x00,0x00,0x02,0x02,0x71,0xff,0xf8,0xff,0xca,0x10,0x00,0x01,0x00,0x00,0x00,0x00,0x00,0x00,0x00,0x01,0x03,0x04,
    0x04,0x04,0x01,0x00,0x00,0x00,0x00,0x00,0x00,0x00,0x01,0x00,0x00,0x9a,0xff,0xf6,0xff,0xa2,0x0b,0x02,0x01,0x00,0x00,0x00,
    0x00,0x00,0x00,0x00,0x00,0x00,0x00,0x00,0x00,0x00,0x00,0x00,0x00,0x00,0x00,0x00,0x00,0x00,0x00,0x00,0x02,0x03,0xa0,0xff,
    0xff,0xca,0x11,0x00,0x02,0x00,0x00,0x00,0x00,0x00,0x00,0x00,0x00,0x00,0x00,0x00,0x00,0x00,0x00,0x00,0x00,0x00,0x00,0x00,
    0x00,0x00,0x00,0x01,0x03,0x00,0x9a,0xff,0xff,0xd3,0x12,0x01,0x01,0x00,0x00,0x00,0x00,0x00,0x00,0x00,0x00,0x00,0x00,0x00,
    0x00,0x00,0x00,0x00,0x00,0x00,0x00,0x00,0x00,0x00,0x00,0x00,0x01,0x02,0x00,0xa2,0xd2,0x10,0x00,0x02,0x00,0x00,0x00,0x00,
    0x00,0x00,0x00,0x00,0x00,0x00,0x04,0x11,0x11,0x0c,0x00,0x00,0x00,0x00,0x00,0x00,0x00,0x00,0x00,0x00,0x01,0x03,0x00,0xa3,
    0xd2,0x0e,0x00,0x01,0x00,0x00,0x00,0x00,0x00,0x00,0x00,0x00,0x00,0x00,0x00,0x00,0x00,0x00,0x00,0x00,0x00,0x00,0x00,0x00,
    0x00,0x00,0x00,0x00,0x00,0x01,0x00,0x02,0x0c,0x00,0x02,0x00,0x00,0x00,0x00,0x00,0x00,0x00,0x00,0x00,0x03,0x00,0x3d,0xee,
    0xee,0xb2,0x00,0x02,0x00,0x00,0x00,0x00,0x00,0x00,0x00,0x00,0x00,0x01,0x01,0x02,0x0c,0x00,0x02,0x00,0x00,0x00,0x00,0x00,
    0x00,0x00,0x00,0x00,0x00,0x00,0x00,0x00,0x00,0x00,0x00,0x00,0x00,0x00,0x00,0x00,0x00,0x00,0x00,0x00,0x00,0x00,0x00,0x00,
    0x00,0x01,0x00,0x00,0x00,0x00,0x00,0x00,0x00,0x00,0x00,0x00,0x03,0x00,0x42,0xff,0xff,0xc1,0x00,0x02,0x00,0x00,0x00,0x00,
    0x00,0x00,0x00,0x00,0x00,0x00,0x00,0x00,0x00,0x01,0x00,0x00,0x00,0x00,0x00,0x00,0x00,0x00,0x00,0x00,0x00,0x00,0x00,0x00,
    0x00,0x00,0x00,0x00,0x00,0x00,0x00,0x00,0x00,0x00,0x00,0x00,0x00,0x00,0x00,0x01,0x01,0x00,0x00,0x00,0x00,0x00,0x00,0x00,
    0x00,0x00,0x00,0x00,0x03,0x00,0x41,0xfe,0xfe,0xbd,0x00,0x02,0x00,0x00,0x00,0x00,0x00,0x00,0x00,0x00,0x00,0x00,0x00,0x01,
    0x01,0x00,0x00,0x00,0x00,0x00,0x00,0x00,0x00,0x00,0x00,0x00,0x00,0x00,0x00,0x00,0x00,0x00,0x00,0x00,0x00,0x00,0x00,0x00,
    0x00,0x00,0x00,0x00,0x00,0x00,0x00,0x00,0x00,0x00,0x00,0x00,0x00,0x00,0x00,0x00,0x00,0x00,0x00,0x00,0x03,0x00,0x41,0xff,
    0xff,0xbe,0x00,0x02,0x00,0x00,0x00,0x00,0x00,0x00,0x00,0x00,0x00,0x00,0x00,0x00,0x00,0x00,0x00,0x00,0x00,0x00,0x00,0x00,
    0x00,0x00,0x00,0x00,0x00,0x00,0x00,0x00,0x00,0x00,0x00,0x00,0x00,0x00,0x00,0x00,0x00,0x00,0x00,0x00,0x00,0x00,0x00,0x00,
    0x00,0x00,0x00,0x00,0x00,0x00,0x00,0x00,0x00,0x00,0x00,0x00,0x03,0x00,0x40,0xfd,0xfd,0xbc,0x00,0x02,0x00,0x00,0x00,0x00,
    0x00,0x00,0x00,0x00,0x00,0x00,0x00,0x00,0x00,0x00,0x00,0x00,0x00,0x00,0x00,0x00,0x00,0x00,0x00,0x00,0x00,0x00,0x00,0x00,
    0x00,0x00,0x00,0x00,0x00,0x00,0x00,0x00,0x00,0x00,0x00,0x00,0x00,0x00,0x00,0x00,0x00,0x00,0x00,0x00,0x00,0x00,0x00,0x00,
    0x00,0x00,0x00,0x00,0x03,0x00,0x44,0xff,0xff,0xc7,0x00,0x02,0x00,0x00,0x00,0x00,0x00,0x00,0x00,0x00,0x00,0x00,0x00,0x00,
    0x00,0x00,0x00,0x00,0x00,0x00,0x00,0x00,0x00,0x00,0x00,0x00,0x00,0x00,0x00,0x00,0x00,0x00,0x00,0x00,0x00,0x00,0x00,0x00,
    0x00,0x00,0x00,0x00,0x00,0x00,0x00,0x00,0x00,0x00,0x00,0x00,0x00,0x00,0x00,0x00,0x00,0x00,0x00,0x00,0x01,0x00,0x11,0x41,
    0x41,0x31,0x00,0x01,0x00,0x00,0x00,0x00,0x00,0x00,0x00,0x00,0x00,0x00,0x00,0x00,0x00,0x00,0x00,0x00,0x00,0x00,0x00,0x00,
    0x00,0x00,0x00,0x00,0x00,0x00,0x00,0x00,0x00,0x00,0x00,0x00,0x00,0x00,0x00,0x00,0x00,0x00,0x00,0x00,0x00,0x00,0x00,0x00,
    0x00,0x00,0x00,0x00,0x00,0x00,0x00,0x00,0x00,0x00,0x00,0x00,0x00,0x00,0x00,0x00,0x00,0x00,0x00,0x00,0x00,0x00,0x00,0x00,
    0x00,0x00,0x00,0x00,0x00,0x00,0x00,0x00,0x00,0x00,0x00,0x00,0x00,0x00,0x00,0x00,0x00,0x00,0x00,0x00,0x00,0x00,0x00,0x00,
    0x00,0x00,0x00,0x00,0x00,0x00,0x00,0x00,0x00,0x00,0x00,0x00,0x00,0x00,0x00,0x00,0x00,0x00,0x00,0x00,0x00,0x00,0x00,0x00,
    0x00,0x00,0x00,0x00,0x00,0x00,0x01,0x03,0x03,0x02,0x00,0x00,0x00,0x00,0x00,0x00,0x00,0x00,0x00,0x00,0x00,0x00,0x00,0x00,
    0x00,0x00,0x00,0x00,0x00,0x00,0x00,0x00,0x00,0x00,0x00,0x00,0x00,0x00,0x00,0x00,0x00,0x00,0x00,0x00,0x00,0x00,0x00,0x00,
    0x00,0x00,0x00,0x00,0x00,0x00,0x00,0x00,0x00,0x00,0x00,0x00,0x00,0x00,0x00,0x00,0x00,0x00,0x00,0x00,0x00,0x00,0x00,0x00,
    0x00,0x00,0x00,0x00,0x00,0x00,0x00,0x00,0x00,0x00,0x00,0x00,0x00,0x00,0x00,0x00,0x00,0x00,0x00,0x00,0x00,0x00,0x00,0x00,
    0x00,0x00,0x00,0x00,0x00,0x00,0x00,0x00,0x00,0x00,0x00,0x00,0x00,0x00,0x00,0x00,0x00,0x00,0x00,0x00,0x00,0x00,0x00,0x00,
    0x00,0x00,0x00,0x00,0x00,0x00,0x00,0x00,0x00,0x00,0x00,0x00,0x00,0x00,0x00,0x00,0x00,0x00,0x00,0x00,0x00,0x00,0x00,0x00,
    0x00,0x00,0x00,0x00,0x00,0x00,0x00,0x00,0x00,0x00,0x00,0x00,0x00,0x00,0x00,0x00,0x00,0x00,0x00,0x00,0x00,0x00,0x00,0x00,
    0x00,0x00,0x00,0x00,0x00,0x00,0x00,0x00,0x00,0x00,0x00,0x00,0x00,0x00,0x00,0x00,0x00,0x00,0x00,0x00,0x00,0x00,0x00,0x00,
    0x00,0x00,0x00,0x00,0x00,0x00,0x00,0x00,0x00,0x00,0x00,0x00,0x00,0x00,0x00,0x00,0x00,0x00,0x00,0x00,0x00,0x00,0x00,0x00,
    0x00,0x00,0x00,0x00,0x00,0x00,0x00,0x00,0x00,0x00,0x00,0x00,0x00,0x00,0x00,0x00,0x00,0x00,0x00,0x00,0x00,0x00,0x00,0x00,
    0x00,0x00,0x00,0x00,0x00,0x00,0x00,0x00,0x00,0x00,0x00,0x00,0x00,0x00,0x00,0x00,0x00,0x00,0x00,0x00,0x00,0x00,0x00,0x00,
    0x00,0x00,0x00,0x00,0x00,0x00,0x00,0x00,0x00,0x00,0x00,0x00,0x00,0x00,0x00,0x00,0x00,0x00,0x00,0x00,0x00,0x00,0x00,0x00,
    0x00,0x00,0x00,0x00,0x00,0x00,0x00,0x00,0x00,0x00,0x00,0x00,0x00,0x00,0x00,0x00,0x00,0x00,0x00,0x00,0x00,0x00,0x00,0x00,
    0x00,0x00,0x00,0x00,0x00,0x00,0x00,0x00,0x00,0x00,0x00,0x00,0x00,0x00,0x00,0x00,0x00,0x00,0x00,0x00,0x00,0x00,0x00,0x00,
    0x00,0x00,0x00,0x00,0x00,0x00,0x00,0x00,0x00,0x00,0x00,0x00,0x00,0x00,0x00,0x00,0x00,0x00,0x00,0x00,0x00,0x00,0x00,0x00,
};

const lv_image_dsc_t weather_icon_clear = {
    .header = {
        .magic = LV_IMAGE_HEADER_MAGIC,
        .cf = LV_COLOR_FORMAT_RGB565A8,
        .flags = 0,
        .w = 64,
        .h = 64,
        .stride = 128,
        .reserved_2 = 0,
    },
    .data_size = sizeof(weather_icon_clear_map),
    .data = weather_icon_clear_map,
    .reserved = NULL,
};

static const WEATHER_ICON_ALIGN uint8_t weather_icon_clear_night_map[] = {
    0x00,0x00,0x00,0x00,0x00,0x00,0x00,0x00,0x00,0x00,0x00,0x00,0x00,0x00,0x00,0x00,0x00,0x00,0x00,0x00,0x00,0x00,0x00,0x00,
    0x00,0x00,0x00,0x00,0x00,0x00,0x00,0x00,0x00,0x00,0x00,0x00,0x00,0x00,0x00,0x00,0x00,0x00,0x00,0x00,0x00,0x00,0x00,0x00,
    0x00,0x00,0x00,0x00,0x00,0x00,0x00,0x00,0x00,0x00,0x00,0x00,0x00,0x00,0x00,0x00,0x00,0x00,0x00,0x00,0x00,0x00,0x00,0x00,
    0x00,0x00,0x00,0x00,0x00,0x00,0x00,0x00,0x00,0x00,0x00,0x00,0x00,0x00,0x00,0x00,0x00,0x00,0x00,0x00,0x00,0x00,0x00,0x00,
    0x00,0x00,0x00,0x00,0x00,0x00,0x00,0x00,0x00,0x00,0x00,0x00,0x00,0x00,0x00,0x00,0x00,0x00,0x00,0x00,0x00,0x00,0x00,0x00,
    0x00,0x00,0x00,0x00,0x00,0x00,0x00,0x00,0x00,0x00,0x00,0x00,0x00,0x00,0x00,0x00,0x00,0x00,0x00,0x00,0x00,0x00,0x00,0x00,
    0x00,0x00,0x00,0x00,0x00,0x00,0x00,0x00,0x00,0x00,0x00,0x00,0x00,0x00,0x00,0x00,0x00,0x00,0x00,0x00,0x00,0x00,0x00,0x00,
    0x00,0x00,0x00,0x00,0x00,0x00,0x00,0x00,0x00,0x00,0x00,0x00,0x00,0x00,0x00,0x00,0x00,0x00,0x00,0x00,0x00,0x00,0x00,0x00,
    0x00,0x00,0x00,0x00,0x00,0x00,0x00,0x00,0x00,0x00,0x00,0x00,0x00,0x00,0x00,0x00,0x00,0x00,0x00,0x00,0x00,0x00,0x00,0x00,
    0x00,0x00,0x00,0x00,0x00,0x00,0x00,0x00,0x00,0x00,0x00,0x00,0x00,0x00,0x00,0x00,0x00,0x00,0x00,0x00,0x00,0x00,0x00,0x00,
    0x00,0x00,0x00,0x00,0x00,0x00,0x00,0x00,0x00,0x00,0x00,0x00,0x00,0x00,0x00,0x00,0x00,0x00,0x00,0x00,0x00,0x00,0x00,0x00,
    0x00,0x00,0x00,0x00,0x00,0x00,0x00,0x00,0x00,0x00,0x00,0x00,0x00,0x00,0x00,0x00,0x00,0x00,0x00,0x00,0x00,0x00,0x00,0x00,
    0x00,0x00,0x00,0x00,0x00,0x00,0x00,0x00,0x00,0x00,0x00,0x00,0x00,0x00,0x00,0x00,0x00,0x00,0x00,0x00,0x00,0x00,0x00,0x00,
    0x00,0x00,0x00,0x00,0x00,0x00,0x00,0x00,0x00,0x00,0x00,0x00,0x00,0x00,0x00,0x00,0x00,0x00,0x00,0x00,0x00,0x00,0x00,0x00,
    0x00,0x00,0x00,0x00,0x00,0x00,0x00,0x00,0x00,0x00,0x00,0x00,0x00,0x00,0x00,0x00,0x00,0x00,0x00,0x00,0x00,0x00,0x00,0x00,
    0x00,0x00,0x00,0x00,0x00,0x00,0x00,0x00,0x00,0x00,0x00,0x00,0x00,0x00,0x00,0x00,0x00,0x00,0x00,0x00,0x00,0x00,0x00,0x00,
    0x00,0x00,0x00,0x00,0x00,0x00,0x00,0x00,0x00,0x00,0x00,0x00,0x00,0x00,0x00,0x00,0x00,0x00,0x00,0x00,0x00,0x00,0x00,0x00,
    0x00,0x00,0x00,0x00,0x00,0x00,0x00,0x00,0x00,0x00,0x00,0x00,0x00,0x00,0x00,0x00,0x00,0x00,0x00,0x00,0x00,0x00,0x00,0x00,
    0x00,0x00,0x00,0x00,0x00,0x00,0x00,0x00,0x00,0x00,0x00,0x00,0x00,0x00,0x00,0x00,0x00,0x00,0x00,0x00,0x00,0x00,0x00,0x00,
    0x00,0x00,0x00,0x00,0x00,0x00,0x00,0x00,0x00,0x00,0x00,0x00,0x00,0x00,0x00,0x00,0x00,0x00,0x00,0x00,0x00,0x00,0x00,0x00,
    0x00,0x00,0x00,0x00,0x00,0x00,0x00,0x00,0x00,0x00,0x00,0x00,0x00,0x00,0x00,0x00,0x00,0x00,0x00,0x00,0x00,0x00,0x00,0x00,
    0x00,0x00,0x00,0x00,0x00,0x00,0x00,0x00,0x00,0x00,0x00,0x00,0x00,0x00,0x00,0x00,0x00,0x00,0x00,0x00,0x00,0x00,0x00,0x00,
    0x00,0x00,0x00,0x00,0x00,0x00,0x00,0x00,0x00,0x00,0x00,0x00,0x00,0x00,0x00,0x00,0x00,0x00,0x00,0x00,0x00,0x00,0x00,0x00,
    0x00,0x00,0x00,0x00,0x00,0x00,0x00,0x00,0x00,0x00,0x00,0x00,0x00,0x00,0x00,0x00,0x00,0x00,0x00,0x00,0x00,0x00,0x00,0x00,
    0x00,0x00,0x00,0x00,0x00,0x00,0x00,0x00,0x00,0x00,0x00,0x00,0x00,0x00,0x00,0x00,0x00,0x00,0x00,0x00,0x00,0x00,0x00,0x00,
    0x00,0x00,0x00,0x00,0x00,0x00,0x00,0x00,0x00,0x00,0x00,0x00,0x00,0x00,0x00,0x00,0x00,0x00,0x00,0x00,0x00,0x00,0x00,0x00,
    0x00,0x00,0x00,0x00,0x00,0x00,0x00,0x00,0x00,0x00,0x00,0x00,0x00,0x00,0x00,0x00,0x00,0x00,0x00,0x00,0x00,0x00,0x00,0x00,
    0x00,0x00,0x00,0x00,0x00,0x00,0x00,0x00,0x00,0x00,0x00,0x00,0x00,0x00,0x00,0x00,0x00,0x00,0x00,0x00,0x00,0x00,0x00,0x00,
    0x00,0x00,0x00,0x00,0x00,0x00,0x00,0x00,0x00,0x00,0x00,0x00,0x00,0x00,0x00,0x00,0x00,0x00,0x00,0x00,0x00,0x00,0x00,0x00,
    0x00,0x00,0x00,0x00,0x00,0x00,0x00,0x00,0x00,0x00,0x00,0x00,0x00,0x00,0x00,0x00,0x00,0x00,0x00,0x00,0x00,0x00,0x00,0x00,
    0x00,0x00,0x00,0x00,0x00,0x00,0x00,0x00,0x00,0x00,0x00,0x00,0x00,0x00,0x00,0x00,0x00,0x00,0x00,0x00,0x00,0x00,0x00,0x00,
    0x00,0x00,0x00,0x00,0x00,0x00,0x00,0x00,0x00,0x00,0x00,0x00,0x00,0x00,0x00,0x00,0x00,0x00,0x00,0x00,0x00,0x00,0x00,0x00,
    0x00,0x00,0x00,0x00,0x00,0x00,0x00,0x00,0x00,0x00,0x00,0x00,0x00,0x00,0x00,0x00,0x00,0x00,0x00,0x00,0x00,0x00,0x00,0x00,
    0x00,0x00,0x00,0x00,0x00,0x00,0x00,0x00,0x00,0x00,0x00,0x00,0x00,0x00,0x00,0x00,0x00,0x00,0x00,0x00,0x00,0x00,0x00,0x00,
    0x00,0x00,0x00,0x00,0x00,0x00,0x00,0x00,0x00,0x00,0x00,0x00,0x00,0x00,0x00,0x00,0x00,0x00,0x00,0x00,0x00,0x00,0x00,0x00,
    0x00,0x00,0x00,0x00,0x00,0x00,0x00,0x00,0x00,0x00,0x00,0x00,0x00,0x00,0x00,0x00,0x00,0x00,0x00,0x00,0x00,0x00,0x00,0x00,
    0x00,0x00,0x00,0x00,0x00,0x00,0x00,0x00,0x00,0x00,0x00,0x00,0x00,0x00,0x00,0x00,0x00,0x00,0x00,0x00,0x00,0x00,0x00,0x00,
    0x00,0x00,0x00,0x00,0x00,0x00,0x00,0x00,0x00,0x00,0x00,0x00,0x00,0x00,0x00,0x00,0x00,0x00,0x00,0x00,0x00,0x00,0x00,0x00,
    0x00,0x00,0x00,0x00,0x00,0x00,0x00,0x00,0x00,0x00,0x00,0x00,0x00,0x00,0x00,0x00,0x00,0x00,0x00,0x00,0x00,0x00,0x00,0x00,
    0x00,0x00,0x00,0x00,0x00,0x00,0x00,0x00,0x00,0x00,0x00,0x00,0x00,0x00,0x00,0x00,0x00,0x00,0x00,0x00,0x00,0x00,0x00,0x00,
    0x00,0x00,0x00,0x00,0x00,0x00,0x00,0x00,0x00,0x00,0x00,0x00,0x00,0x00,0x00,0x00,0x00,0x00,0x00,0x00,0x00,0x00,0x00,0x00,
    0x00,0x00,0x00,0x00,0x00,0x00,0x00,0x00,0x00,0x00,0x00,0x00,0x00,0x00,0x00,0x00,0x00,0x00,0x00,0x00,0x00,0x00,0x00,0x00,
    0x00,0x00,0x00,0x00,0x00,0x00,0x00,0x00,0x00,0x00,0x00,0x00,0x00,0x00,0x00,0x00,0x00,0x00,0x00,0x00,0x00,0x00,0x00,0x00,
    0x00,0x00,0x00,0x00,0x00,0x00,0x00,0x00,0x00,0x00,0x00,0x00,0x00,0x00,0x00,0x00,0x00,0x00,0x00,0x00,0x00,0x00,0x00,0x00,
    0x00,0x00,0x00,0x00,0x00,0x00,0x00,0x00,0x00,0x00,0x00,0x00,0x00,0x00,0x00,0x00,0x00,0x00,0x00,0x00,0x00,0x00,0x00,0x00,
    0x00,0x00,0x00,0x00,0x00,0x00,0x00,0x00,0x00,0x00,0x00,0x00,0x00,0x00,0x00,0x00,0x00,0x00,0x00,0x00,0x00,0x00,0x00,0x00,
    0x00,0x00,0x00,0x00,0x00,0x00,0x00,0x00,0x00,0x00,0x00,0x00,0x00,0x00,0x00,0x00,0x00,0x00,0x00,0x00,0x00,0x00,0x00,0x00,
    0x00,0x00,0x00,0x00,0x00,0x00,0x00,0x00,0x00,0x00,0x00,0x00,0x00,0x00,0x00,0x00,0x00,0x00,0x00,0x00,0x00,0x00,0x00,0x00,
    0x00,0x00,0x00,0x00,0x00,0x00,0x00,0x00,0x00,0x00,0x00,0x00,0x00,0x00,0x00,0x00,0x00,0x00,0x00,0x00,0x00,0x00,0x00,0x00,
    0x00,0x00,0x00,0x00,0x00,0x00,0x00,0x00,0x00,0x00,0x00,0x00,0x00,0x00,0x00,0x00,0x00,0x00,0x00,0x00,0x00,0x00,0x00,0x00,
    0x00,0x00,0x00,0x00,0x00,0x00,0x00,0x00,0x00,0x00,0x00,0x00,0x00,0x00,0xe0,0xff,0x00,0x00,0x00,0x00,0x00,0x00,0x00,0x00,
    0x00,0x00,0x00,0x00,0x00,0x00,0x00,0x00,0x00,0x00,0x00,0x00,0x00,0x00,0x00,0x00,0x00,0x00,0x00,0x00,0x00,0x00,0x00,0x00,
    0x00,0x00,0x00,0x00,0x00,0x00,0x00,0x00,0x00,0x00,0x00,0x00,0x00,0x00,0x00,0x00,0x00,0x00,0x00,0x00,0x00,0x00,0x00,0x00,
    0x00,0x00,0x00,0x00,0x00,0x00,0x00,0x00,0x00,0x00,0x00,0x00,0x00,0x00,0x00,0x00,0x00,0x00,0x00,0x00,0x00,0x00,0x00,0x00,
    0x00,0x00,0x00,0x00,0x00,0x00,0x00,0x00,0x00,0x00,0x00,0x00,0x00,0x00,0x00,0x00,0x00,0x00,0x00,0x00,0x00,0x00,0x00,0x00,
    0x00,0x00,0x00,0x00,0x00,0x00,0x00,0x00,0x00,0x00,0x00,0x00,0x00,0x00,0xe0,0xff,0x4a,0xfd,0xef,0xff,0xef,0xff,0x00,0x00,
    0x00,0x00,0x00,0x00,0x00,0x00,0x00,0x00,0x00,0x00,0x00,0x00,0x00,0x00,0x00,0x00,0x00,0x00,0x00,0x00,0x00,0x00,0x00,0x00,
    0x00,0x00,0x00,0x00,0x00,0x00,0x00,0x00,0x00,0x00,0x00,0x00,0x00,0x00,0x00,0x00,0x00,0x00,0x00,0x00,0x00,0x00,0x00,0x00,
    0x00,0x00,0x00,0x00,0x00,0x00,0x00,0x00,0x00,0x00,0x00,0x00,0x00,0x00,0x00,0x00,0x00,0x00,0x00,0x00,0x00,0x00,0x00,0x00,
    0x00,0x00,0x00,0x00,0x00,0x00,0x00,0x00,0x00,0x00,0x00,0x00,0x00,0x00,0x00,0x00,0x00,0x00,0x00,0x00,0x00,0x00,0x00,0x00,
    0x00,0x00,0x00,0x00,0x00,0x00,0x00,0x00,0x00,0x00,0x00,0x00,0x00,0x00,0x00,0x00,0x00,0x00,0x00,0x00,0xf5,0xff,0x00,0x00,
    0x00,0x00,0x00,0x00,0x00,0x00,0xb1,0xee,0x00,0x00,0x00,0x00,0x00,0x00,0x00,0x00,0x00,0x00,0x00,0x00,0x00,0x00,0x00,0x00,
    0x00,0x00,0x00,0x00,0x00,0x00,0x00,0x00,0x00,0x00,0x00,0x00,0x00,0x00,0x00,0x00,0x00,0x00,0x00,0x00,0x00,0x00,0x00,0x00,
    0x00,0x00,0x00,0x00,0x00,0x00,0x00,0x00,0x00,0x00,0x00,0x00,0x00,0x00,0x00,0x00,0x00,0x00,0x00,0x00,0x00,0x00,0x00,0x00,
    0x00,0x00,0x00,0x00,0x00,0x00,0x00,0x00,0x00,0x00,0x00,0x00,0x00,0x00,0x00,0x00,0x00,0x00,0x00,0x00,0x00,0x00,0x00,0x00,
    0x00,0x00,0x00,0x00,0x00,0x00,0x00,0x00,0x00,0x00,0x00,0x00,0x00,0x00,0x00,0x00,0x00,0x00,0x00,0x00,0x00,0x00,0x00,0x00,
    0xef,0xff,0xff,0xff,0x00,0x00,0xef,0xff,0x91,0xff,0x51,0xff,0x92,0xff,0x31,0xff,0x00,0x00,0xef,0xff,0x00,0x00,0x00,0x00,
    0x00,0x00,0x00,0x00,0x00,0x00,0x00,0x00,0x00,0x00,0x00,0x00,0x00,0x00,0x00,0x00,0x00,0x00,0x00,0x00,0xff,0xff,0xff,0xff,
    0x00,0x00,0x00,0x00,0x00,0x00,0x00,0x00,0x00,0x00,0x00,0x00,0x00,0x00,0x00,0x00,0x00,0x00,0x00,0x00,0x00,0x00,0x00,0x00,
    0x00,0x00,0x00,0x00,0x00,0x00,0x00,0x00,0x00,0x00,0x00,0x00,0x00,0x00,0x00,0x00,0x00,0x00,0x00,0x00,0x00,0x00,0x00,0x00,
    0x00,0x00,0x00,0x00,0x00,0x00,0x00,0x00,0x00,0x00,0x00,0x00,0x00,0x00,0x00,0x00,0x00,0x00,0x00,0x00,0x00,0x00,0x00,0x00,
    0x00,0x00,0x00,0x00,0x00,0x00,0xef,0xfd,0x00,0x00,0x00,0x00,0x51,0xff,0x51,0xff,0x71,0xff,0xf3,0xff,0x51,0xff,0x30,0xff,
    0xff,0xff,0xff,0xff,0x00,0x00,0x00,0x00,0x00,0x00,0x00,0x00,0x00,0x00,0x00,0x00,0x00,0x00,0x00,0x00,0x00,0x00,0x00,0x00,
    0x00,0x00,0xff,0xff,0x00,0x00,0x00,0x00,0xff,0xff,0x00,0x00,0x00,0x00,0x00,0x00,0x00,0x00,0x00,0x00,0x00,0x00,0x00,0x00,
    0x00,0x00,0x00,0x00,0x00,0x00,0x00,0x00,0x00,0x00,0x00,0x00,0x00,0x00,0x00,0x00,0x00,0x00,0x00,0x00,0x00,0x00,0x00,0x00,
    0x00,0x00,0x00,0x00,0x00,0x00,0x00,0x00,0x00,0x00,0x00,0x00,0x00,0x00,0x00,0x00,0x00,0x00,0x00,0x00,0x00,0x00,0x00,0x00,
    0x00,0x00,0x00,0x00,0x00,0x00,0x00,0x00,0x00,0x00,0x00,0x00,0xf5,0xff,0x00,0x00,0xf0,0xfe,0x71,0xff,0xb2,0xff,0x71,0xff,
    0x31,0xff,0x92,0xff,0x31,0xff,0x00,0x00,0xef,0xff,0x00,0x00,0x00,0x00,0x00,0x00,0x00,0x00,0x00,0x00,0x00,0x00,0x00,0x00,
    0x00,0x00,0x00,0x00,0x00,0x00,0x00,0x00,0xff,0xff,0x00,0x00,0xff,0xff,0xff,0xff,0x00,0x00,0xff,0xff,0x00,0x00,0x00,0x00,
    0x00,0x00,0x00,0x00,0x00,0x00,0x00,0x00,0x00,0x00,0x00,0x00,0x00,0x00,0x00,0x00,0x00,0x00,0x00,0x00,0x00,0x00,0x00,0x00,
    0x00,0x00,0x00,0x00,0x00,0x00,0x00,0x00,0x00,0x00,0x00,0x00,0x00,0x00,0x00,0x00,0x00,0x00,0x00,0x00,0x00,0x00,0x00,0x00,
    0x00,0x00,0x00,0x00,0x00,0x00,0x00,0x00,0x00,0x00,0x00,0x00,0x00,0x00,0x00,0x00,0x00,0x00,0xf5,0xff,0x00,0x00,0x31,0xff,
    0x71,0xff,0xb2,0xff,0x31,0xff,0x31,0xff,0x51,0xff,0x31,0xff,0x52,0xff,0xe0,0xff,0xff,0xff,0x00,0x00,0x00,0x00,0x00,0x00,
    0x00,0x00,0x00,0x00,0x00,0x00,0x00,0x00,0x00,0x00,0x00,0x00,0x00,0x00,0xff,0xff,0x00,0x00,0xff,0xff,0xff,0xff,0xff,0xff,
    0xff,0xff,0x00,0x00,0xff,0xff,0x00,0x00,0x00,0x00,0x00,0x00,0x00,0x00,0x00,0x00,0x00,0x00,0x00,0x00,0x00,0x00,0x00,0x00,
    0x00,0x00,0x00,0x00,0x00,0x00,0x00,0x00,0x00,0x00,0x00,0x00,0x00,0x00,0x00,0x00,0x00,0x00,0x00,0x00,0x00,0x00,0x00,0x00,
    0x00,0x00,0x00,0x00,0x00,0x00,0x00,0x00,0x00,0x00,0x00,0x00,0x00,0x00,0x00,0x00,0x00,0x00,0x00,0x00,0x00,0x00,0x00,0x00,
    0xf5,0xff,0x00,0x00,0x11,0xff,0xb2,0xff,0x51,0xff,0x31,0xff,0x31,0xff,0x31,0xff,0x92,0xff,0x31,0xff,0x00,0x00,0xef,0xff,
    0x00,0x00,0x00,0x00,0x00,0x00,0x00,0x00,0x00,0x00,0x00,0x00,0x00,0x00,0x00,0x00,0x00,0x00,0x00,0x00,0xff,0xff,0xff,0xff,
    0xff,0xff,0xff,0xff,0xff,0xff,0xff,0xff,0xff,0xff,0xff,0xff,0x00,0x00,0xff,0xff,0x00,0x00,0x00,0x00,0x00,0x00,0x00,0x00,
    0x00,0x00,0x00,0x00,0x00,0x00,0x00,0x00,0x00,0x00,0x00,0x00,0x00,0x00,0x00,0x00,0x00,0x00,0x00,0x00,0x00,0x00,0x00,0x00,
    0x00,0x00,0x00,0x00,0x00,0x00,0x00,0x00,0x00,0x00,0x00,0x00,0x00,0x00,0x00,0x00,0x00,0x00,0x00,0x00,0x00,0x00,0x00,0x00,
    0x00,0x00,0x00,0x00,0x00,0x00,0xef,0xff,0x00,0x00,0xf0,0xfe,0x71,0xff,0x51,0xff,0x31,0xff,0x31,0xff,0x31,0xff,0x31,0xff,
    0xb2,0xff,0x31,0xff,0x00,0x00,0xef,0xff,0x00,0x00,0x00,0x00,0x00,0x00,0x00,0x00,0x00,0x00,0x00,0x00,0x00,0x00,0x00,0x00,
    0x00,0x00,0x00,0x00,0xff,0xff,0x00,0x00,0xff,0xff,0xff,0xff,0xff,0xff,0xff,0xff,0xff,0xff,0xff,0xff,0x00,0x00,0xff,0xff,
    0x00,0x00,0x00,0x00,0x00,0x00,0x00,0x00,0x00,0x00,0x00,0x00,0x00,0x00,0x00,0x00,0x00,0x00,0x00,0x00,0x00,0x00,0x00,0x00,
    0x00,0x00,0x00,0x00,0x00,0x00,0x00,0x00,0x00,0x00,0x00,0x00,0x00,0x00,0x00,0x00,0x00,0x00,0x00,0x00,0x00,0x00,0x00,0x00,
    0x00,0x00,0x00,0x00,0x00,0x00,0x00,0x00,0x00,0x00,0x00,0x00,0xef,0xff,0xef,0xff,0xf1,0xf6,0x51,0xff,0x51,0xff,0x31,0xff,
    0x31,0xff,0x31,0xff,0x31,0xff,0x31,0xff,0x71,0xff,0x31,0xff,0x00,0x00,0xf5,0xff,0x00,0x00,0x00,0x00,0x00,0x00,0x00,0x00,
    0x00,0x00,0x00,0x00,0x00,0x00,0x00,0x00,0x00,0x00,0x00,0x00,0x00,0x00,0xff,0xff,0x00,0x00,0xff,0xff,0xff,0xff,0xff,0xff,
    0xff,0xff,0xff,0xff,0xff,0xff,0x00,0x00,0x00,0x00,0x00,0x00,0x00,0x00,0x00,0x00,0x00,0x00,0x00,0x00,0x00,0x00,0x00,0x00,
    0x00,0x00,0x00,0x00,0x00,0x00,0x00,0x00,0x00,0x00,0x00,0x00,0x00,0x00,0x00,0x00,0x00,0x00,0x00,0x00,0x00,0x00,0x00,0x00,
    0x00,0x00,0x00,0x00,0x00,0x00,0x00,0x00,0x00,0x00,0x00,0x00,0x00,0x00,0x00,0x00,0x00,0x00,0x00,0x00,0xf5,0xff,0x00,0x00,
    0x11,0xff,0xb2,0xff,0x31,0xff,0x31,0xff,0x31,0xff,0x31,0xff,0x31,0xff,0x51,0xff,0x31,0xff,0xd0,0xf6,0x00,0x00,0xff,0xff,
    0x00,0x00,0x00,0x00,0x00,0x00,0x00,0x00,0x00,0x00,0x00,0x00,0x00,0x00,0x00,0x00,0x00,0x00,0x00,0x00,0x00,0x00,0x00,0x00,
    0xff,0xff,0x00,0x00,0xff,0xff,0xff,0xff,0x00,0x00,0x00,0x00,0x00,0x00,0x00,0x00,0x00,0x00,0x00,0x00,0x00,0x00,0x00,0x00,
    0x00,0x00,0x00,0x00,0x00,0x00,0x00,0x00,0x00,0x00,0x00,0x00,0x00,0x00,0x00,0x00,0x00,0x00,0x00,0x00,0x00,0x00,0x00,0x00,
    0x00,0x00,0x00,0x00,0x00,0x00,0x00,0x00,0x00,0x00,0x00,0x00,0x00,0x00,0x00,0x00,0x00,0x00,0x00,0x00,0x00,0x00,0x00,0x00,
    0x00,0x00,0xff,0xff,0x00,0x00,0x31,0xff,0x71,0xff,0x31,0xff,0x31,0xff,0x31,0xff,0x31,0xff,0x31,0xff,0x31,0xff,0x51,0xff,
    0x31,0xff,0xf1,0xee,0x00,0x00,0xff,0xff,0x00,0x00,0x00,0x00,0x00,0x00,0x00,0x00,0x00,0x00,0x00,0x00,0x00,0x00,0x00,0x00,
    0x00,0x00,0x00,0x00,0x00,0x00,0x00,0x00,0x00,0x00,0xff,0xff,0x00,0x00,0x00,0x00,0xff,0xff,0x00,0x00,0x00,0x00,0x00,0x00,
    0x00,0x00,0x00,0x00,0x00,0x00,0x00,0x00,0x00,0x00,0x00,0x00,0x00,0x00,0x00,0x00,0x00,0x00,0x00,0x00,0x00,0x00,0x00,0x00,
    0x00,0x00,0x00,0x00,0x00,0x00,0x00,0x00,0x00,0x00,0x00,0x00,0x00,0x00,0x00,0x00,0x00,0x00,0x00,0x00,0x00,0x00,0x00,0x00,
    0x00,0x00,0x00,0x00,0x00,0x00,0x00,0x00,0x00,0x00,0xf5,0xff,0x00,0x00,0x31,0xff,0xb2,0xff,0x31,0xff,0x31,0xff,0x31,0xff,
    0x31,0xff,0x31,0xff,0x31,0xff,0x51,0xff,0x31,0xff,0x0f,0xf7,0x00,0x00,0xff,0xff,0x00,0x00,0x00,0x00,0x00,0x00,0x00,0x00,
    0x00,0x00,0x00,0x00,0x00,0x00,0x00,0x00,0x00,0x00,0x00,0x00,0x00,0x00,0x00,0x00,0x00,0x00,0x00,0x00,0xff,0xff,0xff,0xff,
    0x00,0x00,0x00,0x00,0x00,0x00,0x00,0x00,0x00,0x00,0x00,0x00,0x00,0x00,0x00,0x00,0x00,0x00,0x00,0x00,0x00,0x00,0x00,0x00,
    0x00,0x00,0x00,0x00,0x00,0x00,0x00,0x00,0x00,0x00,0x00,0x00,0x00,0x00,0x00,0x00,0x00,0x00,0x00,0x00,0x00,0x00,0x00,0x00,
    0x00,0x00,0x00,0x00,0x00,0x00,0x00,0x00,0x00,0x00,0x00,0x00,0x00,0x00,0x00,0x00,0xff,0xff,0x00,0x00,0x10,0xf7,0x51,0xff,
    0x51,0xff,0x31,0xff,0x31,0xff,0x31,0xff,0x31,0xff,0x31,0xff,0x31,0xff,0x51,0xff,0x31,0xff,0xef,0xee,0x00,0x00,0xff,0xff,
    0x00,0x00,0x00,0x00,0x00,0x00,0x00,0x00,0x00,0x00,0x00,0x00,0x00,0x00,0x00,0x00,0x00,0x00,0x00,0x00,0x00,0x00,0x00,0x00,
    0x00,0x00,0x00,0x00,0x00,0x00,0x00,0x00,0x00,0x00,0x00,0x00,0x00,0x00,0x00,0x00,0x00,0x00,0x00,0x00,0x00,0x00,0x00,0x00,
    0x00,0x00,0x00,0x00,0x00,0x00,0x00,0x00,0x00,0x00,0x00,0x00,0x00,0x00,0x00,0x00,0x00,0x00,0x00,0x00,0x00,0x00,0x00,0x00,
    0x00,0x00,0x00,0x00,0x00,0x00,0x00,0x00,0x00,0x00,0x00,0x00,0x00,0x00,0x00,0x00,0x00,0x00,0x00,0x00,0x00,0x00,0x00,0x00,
    0xef,0xff,0x00,0x00,0x31,0xff,0xb2,0xff,0x31,0xff,0x31,0xff,0x31,0xff,0x31,0xff,0x31,0xff,0x31,0xff,0x31,0xff,0x31,0xff,
    0x71,0xff,0x30,0xff,0x00,0x00,0xff,0xff,0x00,0x00,0x00,0x00,0x00,0x00,0x00,0x00,0x00,0x00,0x00,0x00,0x00,0x00,0x00,0x00,
    0x00,0x00,0x00,0x00,0x00,0x00,0x00,0x00,0x00,0x00,0x00,0x00,0x00,0x00,0x00,0x00,0x00,0x00,0x00,0x00,0x00,0x00,0x00,0x00,
    0x00,0x00,0x00,0x00,0x00,0x00,0x00,0x00,0x00,0x00,0x00,0x00,0x00,0x00,0x00,0x00,0x00,0x00,0x00,0x00,0x00,0x00,0x00,0x00,
    0x00,0x00,0x00,0x00,0x00,0x00,0x00,0x00,0x00,0x00,0x00,0x00,0x00,0x00,0x00,0x00,0x00,0x00,0x00,0x00,0x00,0x00,0x00,0x00,
    0x00,0x00,0x00,0x00,0x00,0x00,0x00,0x00,0xf5,0xff,0x00,0x00,0x31,0xff,0xb2,0xff,0x31,0xff,0x31,0xff,0x31,0xff,0x31,0xff,
    0x31,0xff,0x31,0xff,0x31,0xff,0x31,0xff,0xb2,0xff,0x31,0xff,0x00,0x00,0xef,0xff,0x00,0x00,0x00,0x00,0x00,0x00,0x00,0x00,
    0x00,0x00,0x00,0x00,0x00,0x00,0x00,0x00,0x00,0x00,0x00,0x00,0x00,0x00,0x00,0x00,0x00,0x00,0x00,0x00,0x00,0x00,0x00,0x00,
    0x00,0x00,0x00,0x00,0x00,0x00,0x00,0x00,0x00,0x00,0x00,0x00,0x00,0x00,0x00,0x00,0x00,0x00,0x00,0x00,0x00,0x00,0x00,0x00,
    0x00,0x00,0x00,0x00,0x00,0x00,0x00,0x00,0x00,0x00,0x00,0x00,0x00,0x00,0x00,0x00,0x00,0x00,0x00,0x00,0x00,0x00,0x00,0x00,
    0x00,0x00,0x00,0x00,0x00,0x00,0x00,0x00,0x00,0x00,0x00,0x00,0x00,0x00,0x00,0x00,0xef,0xff,0xff,0xff,0x31,0xff,0x92,0xff,
    0x31,0xff,0x31,0xff,0x31,0xff,0x31,0xff,0x31,0xff,0x31,0xff,0x31,0xff,0x31,0xff,0xb2,0xff,0x31,0xff,0x00,0x00,0xf5,0xff,
    0x00,0x00,0x00,0x00,0x00,0x00,0x00,0x00,0x00,0x00,0x00,0x00,0x00,0x00,0x00,0x00,0x00,0x00,0x00,0x00,0x00,0x00,0x00,0x00,
    0x00,0x00,0x00,0x00,0x00,0x00,0x00,0x00,0x00,0x00,0x00,0x00,0x00,0x00,0x00,0x00,0x00,0x00,0x00,0x00,0x00,0x00,0x00,0x00,
    0x00,0x00,0x00,0x00,0x00,0x00,0x00,0x00,0x00,0x00,0x00,0x00,0x00,0x00,0x00,0x00,0x00,0x00,0x00,0x00,0x00,0x00,0x00,0x00,
    0x00,0x00,0x00,0x00,0x00,0x00,0x00,0x00,0x00,0x00,0x00,0x00,0x00,0x00,0x00,0x00,0x00,0x00,0x00,0x00,0x00,0x00,0xff,0xff,
    0x00,0x00,0xef,0xee,0x31,0xff,0x51,0xff,0x31,0xff,0x31,0xff,0x31,0xff,0x31,0xff,0x31,0xff,0x31,0xff,0x31,0xff,0x31,0xff,
    0x51,0xff,0x31,0xff,0xcf,0xee,0xe0,0xff,0xff,0xff,0x00,0x00,0x00,0x00,0x00,0x00,0x00,0x00,0x00,0x00,0x00,0x00,0x00,0x00,
    0x00,0x00,0x00,0x00,0x00,0x00,0x00,0x00,0x00,0x00,0x00,0x00,0x00,0x00,0x00,0x00,0x00,0x00,0x00,0x00,0x00,0x00,0x00,0x00,
    0x00,0x00,0x00,0x00,0x00,0x00,0x00,0x00,0x00,0x00,0x00,0x00,0x00,0x00,0x00,0x00,0x00,0x00,0x00,0x00,0x00,0x00,0x00,0x00,
    0x00,0x00,0x00,0x00,0x00,0x00,0x00,0x00,0x00,0x00,0x00,0x00,0x00,0x00,0x00,0x00,0x00,0x00,0x00,0x00,0x00,0x00,0x00,0x00,
    0x00,0x00,0x00,0x00,0x00,0x00,0xff,0xff,0x00,0x00,0x10,0xf7,0x31,0xff,0x51,0xff,0x31,0xff,0x31,0xff,0x31,0xff,0x31,0xff,
    0x31,0xff,0x31,0xff,0x31,0xff,0x31,0xff,0x31,0xff,0x92,0xff,0x31,0xff,0x00,0x00,0xf5,0xff,0x00,0x00,0x00,0x00,0x00,0x00,
    0x00,0x00,0x00,0x00,0x00,0x00,0x00,0x00,0x00,0x00,0x00,0x00,0x00,0x00,0x00,0x00,0x00,0x00,0x00,0x00,0x00,0x00,0x00,0x00,
    0x00,0x00,0x00,0x00,0x00,0x00,0x00,0x00,0x00,0x00,0x00,0x00,0x00,0x00,0x00,0x00,0x00,0x00,0x00,0x00,0x00,0x00,0x00,0x00,
    0x00,0x00,0x00,0x00,0x00,0x00,0x00,0x00,0x00,0x00,0x00,0x00,0x00,0x00,0x00,0x00,0x00,0x00,0x00,0x00,0x00,0x00,0x00,0x00,
    0x00,0x00,0x00,0x00,0x00,0x00,0x00,0x00,0x00,0x00,0x00,0x00,0x00,0x00,0xff,0xff,0x00,0x00,0x10,0xf7,0x31,0xff,0x51,0xff,
    0x31,0xff,0x31,0xff,0x31,0xff,0x31,0xff,0x31,0xff,0x31,0xff,0x31,0xff,0x31,0xff,0x31,0xff,0x92,0xff,0x31,0xff,0x00,0x00,
    0xef,0xff,0x00,0x00,0x00,0x00,0x00,0x00,0x00,0x00,0x00,0x00,0x00,0x00,0x00,0x00,0x00,0x00,0x00,0x00,0x00,0x00,0x00,0x00,
    0x00,0x00,0x00,0x00,0x00,0x00,0x00,0x00,0x00,0x00,0x00,0x00,0x00,0x00,0x00,0x00,0x00,0x00,0x00,0x00,0x00,0x00,0x00,0x00,
    0x00,0x00,0x00,0x00,0x00,0x00,0x00,0x00,0x00,0x00,0x00,0x00,0x00,0x00,0x00,0x00,0x00,0x00,0x00,0x00,0x00,0x00,0x00,0x00,
    0x00,0x00,0x00,0x00,0x00,0x00,0x00,0x00,0x00,0x00,0x00,0x00,0x00,0x00,0x00,0x00,0x00,0x00,0x00,0x00,0x00,0x00,0xff,0xff,
    0x00,0x00,0x0f,0xf7,0x31,0xff,0x51,0xff,0x31,0xff,0x31,0xff,0x31,0xff,0x31,0xff,0x31,0xff,0x31,0xff,0x31,0xff,0x31,0xff,
    0x31,0xff,0x31,0xff,0xb2,0xff,0x10,0xff,0x00,0x00,0xef,0xff,0x00,0x00,0x00,0x00,0x00,0x00,0x00,0x00,0x00,0x00,0x00,0x00,
    0x00,0x00,0x00,0x00,0x00,0x00,0x00,0x00,0x00,0x00,0x00,0x00,0x00,0x00,0x00,0x00,0x00,0x00,0x00,0x00,0x00,0x00,0x00,0x00,
    0x00,0x00,0x00,0x00,0x00,0x00,0x00,0x00,0x00,0x00,0x00,0x00,0x00,0x00,0x00,0x00,0x00,0x00,0x00,0x00,0x00,0x00,0x00,0x00,
    0x00,0x00,0x00,0x00,0x00,0x00,0x00,0x00,0x00,0x00,0x00,0x00,0x00,0x00,0x00,0x00,0x00,0x00,0x00,0x00,0x00,0x00,0x00,0x00,
    0x00,0x00,0x00,0x00,0x00,0x00,0x00,0x00,0xff,0xff,0xef,0xff,0x31,0xff,0x92,0xff,0x31,0xff,0x31,0xff,0x31,0xff,0x31,0xff,
    0x31,0xff,0x31,0xff,0x31,0xff,0x31,0xff,0x31,0xff,0x31,0xff,0x51,0xff,0x71,0xff,0x11,0xff,0x00,0x00,0xf7,0xff,0x00,0x00,
    0x00,0x00,0x00,0x00,0x00,0x00,0x00,0x00,0x00,0x00,0x00,0x00,0x00,0x00,0x00,0x00,0x00,0x00,0x00,0x00,0x00,0x00,0x00,0x00,
    0x00,0x00,0x00,0x00,0x00,0x00,0x00,0x00,0x00,0x00,0x00,0x00,0x00,0x00,0x00,0x00,0x00,0x00,0x00,0x00,0x00,0x00,0x00,0x00,
    0x00,0x00,0x00,0x00,0x00,0x00,0x00,0x00,0x00,0x00,0x00,0x00,0x00,0x00,0x00,0x00,0x00,0x00,0x00,0x00,0x00,0x00,0x00,0x00,
    0x00,0x00,0x00,0x00,0x00,0x00,0x00,0x00,0x00,0x00,0x00,0x00,0x00,0x00,0x00,0x00,0xea,0xff,0x00,0x00,0x31,0xff,0xb2,0xff,
    0x31,0xff,0x31,0xff,0x31,0xff,0x31,0xff,0x31,0xff,0x31,0xff,0x31,0xff,0x31,0xff,0x31,0xff,0x31,0xff,0x31,0xff,0x92,0xff,
    0x51,0xff,0x8f,0xfe,0x00,0x00,0xf7,0xff,0x00,0x00,0x00,0x00,0x00,0x00,0x00,0x00,0x00,0x00,0x00,0x00,0x00,0x00,0x00,0x00,
    0x00,0x00,0x00,0x00,0xf5,0xff,0x00,0x00,0x00,0x00,0x00,0x00,0x00,0x00,0x00,0x00,0x00,0x00,0x00,0x00,0x00,0x00,0x00,0x00,
    0x00,0x00,0x00,0x00,0x00,0x00,0x00,0x00,0x00,0x00,0x00,0x00,0x00,0x00,0x00,0x00,0x00,0x00,0x00,0x00,0x00,0x00,0x00,0x00,
    0x00,0x00,0x00,0x00,0x00,0x00,0x00,0x00,0x00,0x00,0x00,0x00,0x00,0x00,0x00,0x00,0x00,0x00,0x00,0x00,0x00,0x00,0x00,0x00,
    0xef,0xff,0x00,0x00,0x31,0xff,0xb2,0xff,0x31,0xff,0x31,0xff,0x31,0xff,0x31,0xff,0x31,0xff,0x31,0xff,0x31,0xff,0x31,0xff,
    0x31,0xff,0x31,0xff,0x31,0xff,0x31,0xff,0x92,0xff,0x71,0xff,0x11,0xff,0x00,0x00,0x00,0x00,0xef,0xfd,0xff,0xff,0xe0,0xff,
    0x00,0x00,0x00,0x00,0x00,0x00,0xff,0xff,0xf5,0xff,0xff,0xff,0x00,0x00,0x00,0x00,0x00,0x00,0x00,0x00,0x00,0x00,0x00,0x00,
    0x00,0x00,0x00,0x00,0x00,0x00,0x00,0x00,0x00,0x00,0x00,0x00,0x00,0x00,0x00,0x00,0x00,0x00,0x00,0x00,0x00,0x00,0x00,0x00,
    0x00,0x00,0x00,0x00,0x00,0x00,0x00,0x00,0x00,0x00,0x00,0x00,0x00,0x00,0x00,0x00,0x00,0x00,0x00,0x00,0x00,0x00,0x00,0x00,
    0x00,0x00,0x00,0x00,0x00,0x00,0x00,0x00,0xff,0xff,0x00,0x00,0x30,0xff,0x51,0xff,0x31,0xff,0x31,0xff,0x31,0xff,0x31,0xff,
    0x31,0xff,0x31,0xff,0x31,0xff,0x31,0xff,0x31,0xff,0x31,0xff,0x31,0xff,0x31,0xff,0x31,0xff,0x92,0xff,0x71,0xff,0x51,0xff,
    0xaf,0xfe,0x00,0x00,0x00,0x00,0x00,0x00,0xef,0xff,0xef,0xff,0xe0,0xff,0x00,0x00,0x00,0x00,0x00,0x00,0x71,0xff,0x31,0xff,
    0x00,0x00,0xff,0xff,0x00,0x00,0x00,0x00,0x00,0x00,0x00,0x00,0x00,0x00,0x00,0x00,0x00,0x00,0x00,0x00,0x00,0x00,0x00,0x00,
    0x00,0x00,0x00,0x00,0x00,0x00,0x00,0x00,0x00,0x00,0x00,0x00,0x00,0x00,0x00,0x00,0x00,0x00,0x00,0x00,0x00,0x00,0x00,0x00,
    0x00,0x00,0x00,0x00,0x00,0x00,0x00,0x00,0x00,0x00,0x00,0x00,0x00,0x00,0x00,0x00,0x00,0x00,0xef,0xff,0xff,0xff,0x31,0xff,
    0x92,0xff,0x31,0xff,0x31,0xff,0x31,0xff,0x31,0xff,0x31,0xff,0x31,0xff,0x31,0xff,0x31,0xff,0x31,0xff,0x31,0xff,0x31,0xff,
    0x31,0xff,0x31,0xff,0x51,0xff,0xb2,0xff,0x51,0xff,0x51,0xff,0xb2,0xff,0xef,0xfd,0x00,0x00,0x00,0x00,0x00,0x00,0x92,0xff,
    0x31,0xff,0x71,0xff,0x51,0xff,0x11,0xff,0x00,0x00,0xff,0xff,0x00,0x00,0x00,0x00,0x00,0x00,0x00,0x00,0x00,0x00,0x00,0x00,
    0x00,0x00,0x00,0x00,0x00,0x00,0x00,0x00,0x00,0x00,0x00,0x00,0x00,0x00,0x00,0x00,0x00,0x00,0x00,0x00,0x00,0x00,0x00,0x00,
    0x00,0x00,0x00,0x00,0x00,0x00,0x00,0x00,0x00,0x00,0x00,0x00,0x00,0x00,0x00,0x00,0x00,0x00,0x00,0x00,0x00,0x00,0x00,0x00,
    0x00,0x00,0xf5,0xff,0x00,0x00,0x11,0xff,0x92,0xff,0x31,0xff,0x31,0xff,0x31,0xff,0x31,0xff,0x31,0xff,0x31,0xff,0x31,0xff,
    0x31,0xff,0x31,0xff,0x31,0xff,0x31,0xff,0x31,0xff,0x31,0xff,0x31,0xff,0x31,0xff,0x71,0xff,0xb2,0xff,0x51,0xff,0x31,0xff,
    0x31,0xff,0x31,0xff,0x31,0xff,0x51,0xff,0x71,0xff,0xf3,0xff,0x30,0xff,0x00,0x00,0xf5,0xff,0x00,0x00,0x00,0x00,0x00,0x00,
    0x00,0x00,0x00,0x00,0x00,0x00,0x00,0x00,0x00,0x00,0x00,0x00,0x00,0x00,0x00,0x00,0x00,0x00,0x00,0x00,0x00,0x00,0x00,0x00,
    0x00,0x00,0x00,0x00,0x00,0x00,0x00,0x00,0x00,0x00,0x00,0x00,0x00,0x00,0x00,0x00,0x00,0x00,0x00,0x00,0x00,0x00,0x00,0x00,
    0x00,0x00,0x00,0x00,0x00,0x00,0x00,0x00,0x00,0x00,0x00,0x00,0xef,0xff,0x00,0x00,0x31,0xff,0x92,0xff,0x31,0xff,0x31,0xff,
    0x31,0xff,0x31,0xff,0x31,0xff,0x31,0xff,0x31,0xff,0x31,0xff,0x31,0xff,0x31,0xff,0x31,0xff,0x31,0xff,0x31,0xff,0x31,0xff,
    0x31,0xff,0x31,0xff,0x51,0xff,0x71,0xff,0x92,0xff,0x92,0xff,0x92,0xff,0x51,0xff,0x51,0xff,0x51,0xff,0x90,0xff,0xff,0xff,
    0xff,0xff,0x00,0x00,0x00,0x00,0x00,0x00,0x00,0x00,0x00,0x00,0x00,0x00,0x00,0x00,0x00,0x00,0x00,0x00,0x00,0x00,0x00,0x00,
    0x00,0x00,0x00,0x00,0x00,0x00,0x00,0x00,0x00,0x00,0x00,0x00,0x00,0x00,0x00,0x00,0x00,0x00,0x00,0x00,0x00,0x00,0x00,0x00,
    0x00,0x00,0x00,0x00,0x00,0x00,0x00,0x00,0x00,0x00,0x00,0x00,0x00,0x00,0x00,0x00,0x00,0x00,0x00,0x00,0xff,0xff,0xe0,0xff,
    0x30,0xff,0x71,0xff,0x51,0xff,0x31,0xff,0x31,0xff,0x31,0xff,0x31,0xff,0x31,0xff,0x31,0xff,0x31,0xff,0x31,0xff,0x31,0xff,
    0x31,0xff,0x31,0xff,0x31,0xff,0x31,0xff,0x31,0xff,0x31,0xff,0x31,0xff,0x31,0xff,0x31,0xff,0x31,0xff,0x31,0xff,0x31,0xff,
    0xd2,0xff,0x31,0xff,0x00,0x00,0xf5,0xff,0x00,0x00,0x00,0x00,0x00,0x00,0x00,0x00,0x00,0x00,0x00,0x00,0x00,0x00,0x00,0x00,
    0x00,0x00,0x00,0x00,0x00,0x00,0x00,0x00,0x00,0x00,0x00,0x00,0x00,0x00,0x00,0x00,0x00,0x00,0x00,0x00,0x00,0x00,0x00,0x00,
    0x00,0x00,0x00,0x00,0x00,0x00,0x00,0x00,0x00,0x00,0x00,0x00,0x00,0x00,0x00,0x00,0x00,0x00,0x00,0x00,0x00,0x00,0x00,0x00,
    0x00,0x00,0x00,0x00,0x00,0x00,0xf5,0xff,0x00,0x00,0x11,0xff,0xb2,0xff,0x31,0xff,0x31,0xff,0x31,0xff,0x31,0xff,0x31,0xff,
    0x31,0xff,0x31,0xff,0x31,0xff,0x31,0xff,0x31,0xff,0x31,0xff,0x31,0xff,0x31,0xff,0x31,0xff,0x31,0xff,0x31,0xff,0x31,0xff,
    0x31,0xff,0x31,0xff,0x31,0xff,0xd2,0xff,0x31,0xff,0x00,0x00,0xf5,0xff,0x00,0x00,0x00,0x00,0x00,0x00,0x00,0x00,0x00,0x00,
    0x00,0x00,0x00,0x00,0x00,0x00,0x00,0x00,0x00,0x00,0x00,0x00,0x00,0x00,0x00,0x00,0x00,0x00,0x00,0x00,0x00,0x00,0x00,0x00,
    0x00,0x00,0x00,0x00,0x00,0x00,0x00,0x00,0x00,0x00,0x00,0x00,0x00,0x00,0x00,0x00,0x00,0x00,0x00,0x00,0x00,0x00,0x00,0x00,
    0x00,0x00,0x00,0x00,0x00,0x00,0x00,0x00,0x00,0x00,0x00,0x00,0x00,0x00,0x00,0x00,0xf5,0xff,0x00,0x00,0x31,0xff,0xd2,0xff,
    0x31,0xff,0x31,0xff,0x31,0xff,0x31,0xff,0x31,0xff,0x31,0xff,0x31,0xff,0x31,0xff,0x31,0xff,0x31,0xff,0x31,0xff,0x31,0xff,
    0x31,0xff,0x31,0xff,0x31,0xff,0x31,0xff,0x31,0xff,0x31,0xff,0xd2,0xff,0x51,0xff,0x2f,0xff,0xef,0xff,0xff,0xff,0x00,0x00,
    0x00,0x00,0x00,0x00,0x00,0x00,0x00,0x00,0x00,0x00,0x00,0x00,0x00,0x00,0x00,0x00,0x00,0x00,0x00,0x00,0x00,0x00,0x00,0x00,
    0x00,0x00,0x00,0x00,0x00,0x00,0x00,0x00,0x00,0x00,0x00,0x00,0x00,0x00,0x00,0x00,0x00,0x00,0x00,0x00,0x00,0x00,0x00,0x00,
    0x00,0x00,0x00,0x00,0x00,0x00,0x00,0x00,0x00,0x00,0x00,0x00,0x00,0x00,0x00,0x00,0x00,0x00,0x00,0x00,0x00,0x00,0x00,0x00,
    0xe0,0xff,0xf5,0xff,0x00,0x00,0x31,0xff,0x92,0xff,0x51,0xff,0x31,0xff,0x31,0xff,0x31,0xff,0x31,0xff,0x31,0xff,0x31,0xff,
    0x31,0xff,0x31,0xff,0x31,0xff,0x31,0xff,0x31,0xff,0x31,0xff,0x31,0xff,0x31,0xff,0x31,0xff,0xb2,0xff,0x51,0xff,0xaf,0xf6,
    0x00,0x00,0xef,0xff,0x00,0x00,0x00,0x00,0x00,0x00,0x00,0x00,0x00,0x00,0x00,0x00,0x00,0x00,0x00,0x00,0x00,0x00,0x00,0x00,
    0x00,0x00,0x00,0x00,0x00,0x00,0x00,0x00,0x00,0x00,0x00,0x00,0x00,0x00,0x00,0x00,0x00,0x00,0x00,0x00,0x00,0x00,0x00,0x00,
    0x00,0x00,0x00,0x00,0x00,0x00,0x00,0x00,0x00,0x00,0x00,0x00,0x00,0x00,0x00,0x00,0x00,0x00,0x00,0x00,0x00,0x00,0x00,0x00,
    0x00,0x00,0x00,0x00,0x00,0x00,0x00,0x00,0x00,0x00,0x00,0x00,0xef,0xff,0x00,0x00,0x31,0xff,0x71,0xff,0xb2,0xff,0x31,0xff,
    0x31,0xff,0x31,0xff,0x31,0xff,0x31,0xff,0x31,0xff,0x31,0xff,0x31,0xff,0x31,0xff,0x31,0xff,0x31,0xff,0x31,0xff,0x92,0xff,
    0x51,0xff,0x31,0xff,0x00,0x00,0x00,0x00,0xff,0xff,0x00,0x00,0x00,0x00,0x00,0x00,0x00,0x00,0x00,0x00,0x00,0x00,0x00,0x00,
    0x00,0x00,0x00,0x00,0x00,0x00,0x00,0x00,0x00,0x00,0x00,0x00,0x00,0x00,0x00,0x00,0x00,0x00,0x00,0x00,0x00,0x00,0x00,0x00,
    0x00,0x00,0x00,0x00,0x00,0x00,0x00,0x00,0x00,0x00,0x00,0x00,0x00,0x00,0x00,0x00,0x00,0x00,0x00,0x00,0x00,0x00,0x00,0x00,
    0x00,0x00,0x00,0x00,0xff,0xff,0x00,0x00,0x00,0x00,0x00,0x00,0x00,0x00,0x00,0x00,0x00,0x00,0x00,0x00,0x00,0x00,0xef,0xfd,
    0x00,0x00,0xaf,0xf6,0x51,0xff,0x51,0xff,0xb2,0xff,0x92,0xff,0x51,0xff,0x31,0xff,0x31,0xff,0x31,0xff,0x31,0xff,0x51,0xff,
    0x92,0xff,0xb2,0xff,0x71,0xff,0x71,0xff,0x31,0xff,0x00,0x00,0xef,0xff,0xff,0xff,0x00,0x00,0x00,0x00,0x00,0x00,0x00,0x00,
    0x00,0x00,0x00,0x00,0x00,0x00,0x00,0x00,0x00,0x00,0x00,0x00,0x00,0x00,0x00,0x00,0x00,0x00,0x00,0x00,0x00,0x00,0x00,0x00,
    0x00,0x00,0x00,0x00,0x00,0x00,0x00,0x00,0x00,0x00,0x00,0x00,0x00,0x00,0x00,0x00,0x00,0x00,0x00,0x00,0x00,0x00,0x00,0x00,
    0x00,0x00,0x00,0x00,0x00,0x00,0x00,0x00,0x00,0x00,0xff,0xff,0x00,0x00,0xff,0xff,0x00,0x00,0x00,0x00,0x00,0x00,0x00,0x00,
    0x00,0x00,0x00,0x00,0x00,0x00,0x00,0x00,0xf5,0xff,0x00,0x00,0x00,0x00,0x31,0xff,0x71,0xff,0x51,0xff,0x31,0xff,0x51,0xff,
    0x92,0xff,0x92,0xff,0x71,0xff,0x31,0xff,0x51,0xff,0x51,0xff,0x71,0xff,0x00,0x00,0x00,0x00,0xf5,0xff,0x00,0x00,0x00,0x00,
    0x00,0x00,0x00,0x00,0x00,0x00,0x00,0x00,0x00,0x00,0x00,0x00,0x00,0x00,0x00,0x00,0x00,0x00,0x00,0x00,0x00,0x00,0x00,0x00,
    0x00,0x00,0x00,0x00,0x00,0x00,0x00,0x00,0x00,0x00,0x00,0x00,0x00,0x00,0x00,0x00,0x00,0x00,0x00,0x00,0x00,0x00,0x00,0x00,
    0x00,0x00,0x00,0x00,0x00,0x00,0x00,0x00,0x00,0x00,0x00,0x00,0x00,0x00,0x00,0x00,0x00,0x00,0x00,0x00,0xff,0xff,0x00,0x00,
    0x00,0x00,0x00,0x00,0x00,0x00,0x00,0x00,0x00,0x00,0x00,0x00,0x00,0x00,0x00,0x00,0x00,0x00,0xff,0xff,0xf5,0xff,0x00,0x00,
    0x00,0x00,0x00,0x00,0xf1,0xfe,0x31,0xff,0x72,0xff,0x31,0xff,0x31,0xff,0x91,0xff,0x00,0x00,0x00,0x00,0x00,0x00,0xff,0xff,
    0xef,0xff,0x00,0x00,0x00,0x00,0x00,0x00,0x00,0x00,0x00,0x00,0x00,0x00,0x00,0x00,0x00,0x00,0x00,0x00,0x00,0x00,0x00,0x00,
    0x00,0x00,0x00,0x00,0x00,0x00,0x00,0x00,0x00,0x00,0x00,0x00,0x00,0x00,0x00,0x00,0x00,0x00,0x00,0x00,0x00,0x00,0x00,0x00,
    0x00,0x00,0x00,0x00,0x00,0x00,0x00,0x00,0x00,0x00,0x00,0x00,0x00,0x00,0x00,0x00,0x00,0x00,0x00,0x00,0x00,0x00,0xff,0xff,
    0xff,0xff,0xff,0xff,0xff,0xff,0xff,0xff,0xff,0xff,0xff,0xff,0x00,0x00,0x00,0x00,0x00,0x00,0x00,0x00,0x00,0x00,0x00,0x00,
    0x00,0x00,0x00,0x00,0x00,0x00,0xef,0xff,0xef,0xff,0xef,0xff,0x00,0x00,0x00,0x00,0x00,0x00,0x00,0x00,0x00,0x00,0x00,0x00,
    0xe0,0xff,0xef,0xfd,0x4a,0xfd,0x00,0x00,0x00,0x00,0x00,0x00,0x00,0x00,0x00,0x00,0x00,0x00,0x00,0x00,0x00,0x00,0x00,0x00,
    0x00,0x00,0x00,0x00,0x00,0x00,0x00,0x00,0x00,0x00,0x00,0x00,0x00,0x00,0x00,0x00,0x00,0x00,0x00,0x00,0x00,0x00,0x00,0x00,
    0x00,0x00,0x00,0x00,0x00,0x00,0x00,0x00,0x00,0x00,0x00,0x00,0x00,0x00,0x00,0x00,0x00,0x00,0x00,0x00,0x00,0x00,0x00,0x00,
    0x00,0x00,0x00,0x00,0xff,0xff,0x00,0x00,0xff,0xff,0xff,0xff,0xff,0xff,0xff,0xff,0xff,0xff,0x00,0x00,0xff,0xff,0x00,0x00,
    0x00,0x00,0x00,0x00,0x00,0x00,0x00,0x00,0x00,0x00,0x00,0x00,0x00,0x00,0x00,0x00,0x00,0x00,0x00,0x00,0xff,0xff,0x4a,0xfd,
    0xf5,0xff,0xf5,0xff,0xf5,0xff,0xff,0xff,0x00,0x00,0x00,0x00,0x00,0x00,0x00,0x00,0x00,0x00,0x00,0x00,0x00,0x00,0x00,0x00,
    0x00,0x00,0x00,0x00,0x00,0x00,0x00,0x00,0x00,0x00,0x00,0x00,0x00,0x00,0x00,0x00,0x00,0x00,0x00,0x00,0x00,0x00,0x00,0x00,
    0x00,0x00,0x00,0x00,0x00,0x00,0x00,0x00,0x00,0x00,0x00,0x00,0x00,0x00,0x00,0x00,0x00,0x00,0x00,0x00,0x00,0x00,0x00,0x00,
    0x00,0x00,0x00,0x00,0x00,0x00,0x00,0x00,0x00,0x00,0x00,0x00,0x00,0x00,0xff,0xff,0xff,0xff,0xff,0xff,0xff,0xff,0xff,0xff,
    0xff,0xff,0xff,0xff,0xff,0xff,0x00,0x00,0x00,0x00,0x00,0x00,0x00,0x00,0x00,0x00,0x00,0x00,0x00,0x00,0x00,0x00,0x00,0x00,
    0x00,0x00,0x00,0x00,0x00,0x00,0x00,0x00,0x00,0x00,0x00,0x00,0x00,0x00,0x00,0x00,0x00,0x00,0x00,0x00,0x00,0x00,0x00,0x00,
    0x00,0x00,0x00,0x00,0x00,0x00,0x00,0x00,0x00,0x00,0x00,0x00,0x00,0x00,0x00,0x00,0x00,0x00,0x00,0x00,0x00,0x00,0x00,0x00,
    0x00,0x00,0x00,0x00,0x00,0x00,0x00,0x00,0x00,0x00,0x00,0x00,0x00,0x00,0x00,0x00,0x00,0x00,0x00,0x00,0x00,0x00,0x00,0x00,
    0x00,0x00,0x00,0x00,0x00,0x00,0x00,0x00,0x00,0x00,0x00,0x00,0x00,0x00,0x00,0x00,0x00,0x00,0x00,0x00,0x00,0x00,0xff,0xff,
    0x00,0x00,0x00,0x00,0xff,0xff,0xff,0xff,0x00,0x00,0xff,0xff,0x00,0x00,0x00,0x00,0x00,0x00,0x00,0x00,0x00,0x00,0x00,0x00,
    0x00,0x00,0x00,0x00,0x00,0x00,0x00,0x00,0x00,0x00,0x00,0x00,0x00,0x00,0x00,0x00,0x00,0x00,0x00,0x00,0x00,0x00,0x00,0x00,
    0x00,0x00,0x00,0x00,0x00,0x00,0x00,0x00,0x00,0x00,0x00,0x00,0x00,0x00,0x00,0x00,0x00,0x00,0x00,0x00,0x00,0x00,0x00,0x00,
    0x00,0x00,0x00,0x00,0x00,0x00,0x00,0x00,0x00,0x00,0x00,0x00,0x00,0x00,0x00,0x00,0x00,0x00,0x00,0x00,0x00,0x00,0x00,0x00,
    0x00,0x00,0x00,0x00,0x00,0x00,0x00,0x00,0x00,0x00,0x00,0x00,0x00,0x00,0x00,0x00,0x00,0x00,0x00,0x00,0x00,0x00,0x00,0x00,
    0x00,0x00,0x00,0x00,0x00,0x00,0x00,0x00,0x00,0x00,0xff,0xff,0x00,0x00,0x00,0x00,0xff,0xff,0x00,0x00,0x00,0x00,0x00,0x00,
    0x00,0x00,0x00,0x00,0x00,0x00,0x00,0x00,0x00,0x00,0x00,0x00,0x00,0x00,0x00,0x00,0x00,0x00,0x00,0x00,0x00,0x00,0x00,0x00,
    0x00,0x00,0x00,0x00,0x00,0x00,0x00,0x00,0x00,0x00,0x00,0x00,0x00,0x00,0x00,0x00,0x00,0x00,0x00,0x00,0x00,0x00,0x00,0x00,
    0x00,0x00,0x00,0x00,0x00,0x00,0x00,0x00,0x00,0x00,0x00,0x00,0x00,0x00,0x00,0x00,0x00,0x00,0x00,0x00,0x00,0x00,0x00,0x00,
    0x00,0x00,0x00,0x00,0x00,0x00,0x00,0x00,0x00,0x00,0x00,0x00,0x00,0x00,0x00,0x00,0x00,0x00,0x00,0x00,0x00,0x00,0x00,0x00,
    0x00,0x00,0x00,0x00,0x00,0x00,0x00,0x00,0x00,0x00,0x00,0x00,0x00,0x00,0x00,0x00,0x00,0x00,0x00,0x00,0xff,0xff,0xff,0xff,
    0x00,0x00,0x00,0x00,0x00,0x00,0x00,0x00,0x00,0x00,0x00,0x00,0x00,0x00,0x00,0x00,0x00,0x00,0x00,0x00,0x00,0x00,0x00,0x00,
    0x00,0x00,0x00,0x00,0x00,0x00,0x00,0x00,0x00,0x00,0x00,0x00,0x00,0x00,0x00,0x00,0x00,0x00,0x00,0x00,0x00,0x00,0x00,0x00,
    0x00,0x00,0x00,0x00,0x00,0x00,0x00,0x00,0x00,0x00,0x00,0x00,0x00,0x00,0x00,0x00,0x00,0x00,0x00,0x00,0x00,0x00,0x00,0x00,
    0x00,0x00,0x00,0x00,0x00,0x00,0x00,0x00,0x00,0x00,0x00,0x00,0x00,0x00,0x00,0x00,0x00,0x00,0x00,0x00,0x00,0x00,0x00,0x00,
    0x00,0x00,0x00,0x00,0x00,0x00,0x00,0x00,0x00,0x00,0x00,0x00,0x00,0x00,0x00,0x00,0x00,0x00,0x00,0x00,0x00,0x00,0x00,0x00,
    0x00,0x00,0x00,0x00,0x00,0x00,0x00,0x00,0x00,0x00,0x00,0x00,0x00,0x00,0x00,0x00,0x00,0x00,0x00,0x00,0x00,0x00,0x00,0x00,
    0x00,0x00,0x00,0x00,0x00,0x00,0x00,0x00,0x00,0x00,0x00,0x00,0x00,0x00,0x00,0x00,0x00,0x00,0x00,0x00,0x00,0x00,0x00,0x00,
    0x00,0x00,0x00,0x00,0x00,0x00,0x00,0x00,0x00,0x00,0x00,0x00,0x00,0x00,0x00,0x00,0x00,0x00,0x00,0x00,0x00,0x00,0x00,0x00,
    0x00,0x00,0x00,0x00,0x00,0x00,0x00,0x00,0x00,0x00,0x00,0x00,0x00,0x00,0x00,0x00,0x00,0x00,0x00,0x00,0x00,0x00,0x00,0x00,
    0x00,0x00,0x00,0x00,0x00,0x00,0x00,0x00,0x00,0x00,0x00,0x00,0x00,0x00,0x00,0x00,0x00,0x00,0x00,0x00,0x00,0x00,0x00,0x00,
    0x00,0x00,0x00,0x00,0x00,0x00,0x00,0x00,0x00,0x00,0x00,0x00,0x00,0x00,0x00,0x00,0x00,0x00,0x00,0x00,0x00,0x00,0x00,0x00,
    0x00,0x00,0x00,0x00,0x00,0x00,0x00,0x00,0x00,0x00,0x00,0x00,0x00,0x00,0x00,0x00,0x00,0x00,0x00,0x00,0x00,0x00,0x00,0x00,
    0x00,0x00,0x00,0x00,0x00,0x00,0x00,0x00,0x00,0x00,0x00,0x00,0x00,0x00,0x00,0x00,0x00,0x00,0x00,0x00,0x00,0x00,0x00,0x00,
    0x00,0x00,0x00,0x00,0x00,0x00,0x00,0x00,0x00,0x00,0x00,0x00,0x00,0x00,0x00,0x00,0x00,0x00,0x00,0x00,0x00,0x00,0x00,0x00,
    0x00,0x00,0x00,0x00,0x00,0x00,0x00,0x00,0x00,0x00,0x00,0x00,0x00,0x00,0x00,0x00,0x00,0x00,0x00,0x00,0x00,0x00,0x00,0x00,
    0x00,0x00,0x00,0x00,0x00,0x00,0x00,0x00,0x00,0x00,0x00,0x00,0x00,0x00,0x00,0x00,0x00,0x00,0x00,0x00,0x00,0x00,0x00,0x00,
    0x00,0x00,0x00,0x00,0x00,0x00,0x00,0x00,0x00,0x00,0x00,0x00,0x00,0x00,0x00,0x00,0x00,0x00,0x00,0x00,0x00,0x00,0x00,0x00,
    0x00,0x00,0x00,0x00,0x00,0x00,0x00,0x00,0x00,0x00,0x00,0x00,0x00,0x00,0x00,0x00,0x00,0x00,0x00,0x00,0x00,0x00,0x00,0x00,
    0x00,0x00,0x00,0x00,0x00,0x00,0x00,0x00,0x00,0x00,0x00,0x00,0x00,0x00,0x00,0x00,0x00,0x00,0x00,0x00,0x00,0x00,0x00,0x00,
    0x00,0x00,0x00,0x00,0x00,0x00,0x00,0x00,0x00,0x00,0x00,0x00,0x00,0x00,0x00,0x00,0x00,0x00,0x00,0x00,0x00,0x00,0x00,0x00,
    0x00,0x00,0x00,0x00,0x00,0x00,0x00,0x00,0x00,0x00,0x00,0x00,0x00,0x00,0x00,0x00,0x00,0x00,0x00,0x00,0x00,0x00,0x00,0x00,
    0x00,0x00,0x00,0x00,0x00,0x00,0x00,0x00,0x00,0x00,0x00,0x00,0x00,0x00,0x00,0x00,0x00,0x00,0x00,0x00,0x00,0x00,0x00,0x00,
    0x00,0x00,0x00,0x00,0x00,0x00,0x00,0x00,0x00,0x00,0x00,0x00,0x00,0x00,0x00,0x00,0x00,0x00,0x00,0x00,0x00,0x00,0x00,0x00,
    0x00,0x00,0x00,0x00,0x00,0x00,0x00,0x00,0x00,0x00,0x00,0x00,0x00,0x00,0x00,0x00,0x00,0x00,0x00,0x00,0x00,0x00,0x00,0x00,
    0x00,0x00,0x00,0x00,0x00,0x00,0x00,0x00,0x00,0x00,0x00,0x00,0x00,0x00,0x00,0x00,0x00,0x00,0x00,0x00,0x00,0x00,0x00,0x00,
    0x00,0x00,0x00,0x00,0x00,0x00,0x00,0x00,0x00,0x00,0x00,0x00,0x00,0x00,0x00,0x00,0x00,0x00,0x00,0x00,0x00,0x00,0x00,0x00,
    0x00,0x00,0x00,0x00,0x00,0x00,0x00,0x00,0x00,0x00,0x00,0x00,0x00,0x00,0x00,0x00,0x00,0x00,0x00,0x00,0x00,0x00,0x00,0x00,
    0x00,0x00,0x00,0x00,0x00,0x00,0x00,0x00,0x00,0x00,0x00,0x00,0x00,0x00,0x00,0x00,0x00,0x00,0x00,0x00,0x00,0x00,0x00,0x00,
    0x00,0x00,0x00,0x00,0x00,0x00,0x00,0x00,0x00,0x00,0x00,0x00,0x00,0x00,0x00,0x00,0x00,0x00,0x00,0x00,0x00,0x00,0x00,0x00,
    0x00,0x00,0x00,0x00,0x00,0x00,0x00,0x00,0x00,0x00,0x00,0x00,0x00,0x00,0x00,0x00,0x00,0x00,0x00,0x00,0x00,0x00,0x00,0x00,
    0x00,0x00,0x00,0x00,0x00,0x00,0x00,0x00,0x00,0x00,0x00,0x00,0x00,0x00,0x00,0x00,0x00,0x00,0x00,0x00,0x00,0x00,0x00,0x00,
    0x00,0x00,0x00,0x00,0x00,0x00,0x00,0x00,0x00,0x00,0x00,0x00,0x00,0x00,0x00,0x00,0x00,0x00,0x00,0x00,0x00,0x00,0x00,0x00,
    0x00,0x00,0x00,0x00,0x00,0x00,0x00,0x00,0x00,0x00,0x00,0x00,0x00,0x00,0x00,0x00,0x00,0x00,0x00,0x00,0x00,0x00,0x00,0x00,
    0x00,0x00,0x00,0x00,0x00,0x00,0x00,0x00,0x00,0x00,0x00,0x00,0x00,0x00,0x00,0x00,0x00,0x00,0x00,0x00,0x00,0x00,0x00,0x00,
    0x00,0x00,0x00,0x00,0x00,0x00,0x00,0x00,0x00,0x00,0x00,0x00,0x00,0x00,0x00,0x00,0x00,0x00,0x00,0x00,0x00,0x00,0x00,0x00,
    0x00,0x00,0x00,0x00,0x00,0x00,0x00,0x00,0x00,0x00,0x00,0x00,0x00,0x00,0x00,0x00,0x00,0x00,0x00,0x00,0x00,0x00,0x00,0x00,
    0x00,0x00,0x00,0x00,0x00,0x00,0x00,0x00,0x00,0x00,0x00,0x00,0x00,0x00,0x00,0x00,0x00,0x00,0x00,0x00,0x00,0x00,0x00,0x00,
    0x00,0x00,0x00,0x00,0x00,0x00,0x00,0x00,0x00,0x00,0x00,0x00,0x00,0x00,0x00,0x00,0x00,0x00,0x00,0x00,0x00,0x00,0x00,0x00,
    0x00,0x00,0x00,0x00,0x00,0x00,0x00,0x00,0x00,0x00,0x00,0x00,0x00,0x00,0x00,0x00,0x00,0x00,0x00,0x00,0x00,0x00,0x00,0x00,
    0x00,0x00,0x00,0x00,0x00,0x00,0x00,0x00,0x00,0x00,0x00,0x00,0x00,0x00,0x00,0x00,0x00,0x00,0x00,0x00,0x00,0x00,0x00,0x00,
    0x00,0x00,0x00,0x00,0x00,0x00,0x00,0x00,0x00,0x00,0x00,0x00,0x00,0x00,0x00,0x00,0x00,0x00,0x00,0x00,0x00,0x00,0x00,0x00,
    0x00,0x00,0x00,0x00,0x00,0x00,0x00,0x00,0x00,0x00,0x00,0x00,0x00,0x00,0x00,0x00,0x00,0x00,0x00,0x00,0x00,0x00,0x00,0x00,
    0x00,0x00,0x00,0x00,0x00,0x00,0x00,0x00,0x00,0x00,0x00,0x00,0x00,0x00,0x00,0x00,0x00,0x00,0x00,0x00,0x00,0x00,0x00,0x00,
    0x00,0x00,0x00,0x00,0x00,0x00,0x00,0x00,0x00,0x00,0x00,0x00,0x00,0x00,0x00,0x00,0x00,0x00,0x00,0x00,0x00,0x00,0x00,0x00,
    0x00,0x00,0x00,0x00,0x00,0x00,0x00,0x00,0x00,0x00,0x00,0x00,0x00,0x00,0x00,0x00,0x00,0x00,0x00,0x00,0x00,0x00,0x00,0x00,
    0x00,0x00,0x00,0x00,0x00,0x00,0x00,0x00,0x00,0x00,0x00,0x00,0x00,0x00,0x00,0x00,0x00,0x00,0x00,0x00,0x00,0x00,0x00,0x00,
    0x00,0x00,0x00,0x00,0x00,0x00,0x00,0x00,0x00,0x00,0x00,0x00,0x00,0x00,0x00,0x00,0x00,0x00,0x00,0x00,0x00,0x00,0x00,0x00,
    0x00,0x00,0x00,0x00,0x00,0x00,0x00,0x00,0x00,0x00,0x00,0x00,0x00,0x00,0x00,0x00,0x00,0x00,0x00,0x00,0x00,0x00,0x00,0x00,
    0x00,0x00,0x00,0x00,0x00,0x00,0x00,0x00,0x00,0x00,0x00,0x00,0x00,0x00,0x00,0x00,0x00,0x00,0x00,0x00,0x00,0x00,0x00,0x00,
    0x00,0x00,0x00,0x00,0x00,0x00,0x00,0x00,0x00,0x00,0x00,0x00,0x00,0x00,0x00,0x00,0x00,0x00,0x00,0x00,0x00,0x00,0x00,0x00,
    0x00,0x00,0x00,0x00,0x00,0x00,0x00,0x00,0x00,0x00,0x00,0x00,0x00,0x00,0x00,0x00,0x00,0x00,0x00,0x00,0x00,0x00,0x00,0x00,
    0x00,0x00,0x00,0x00,0x00,0x00,0x00,0x00,0x00,0x00,0x00,0x00,0x00,0x00,0x00,0x00,0x00,0x00,0x00,0x00,0x00,0x00,0x00,0x00,
    0x00,0x00,0x00,0x00,0x00,0x00,0x00,0x00,0x00,0x00,0x00,0x00,0x00,0x00,0x00,0x00,0x00,0x00,0x00,0x00,0x00,0x00,0x00,0x00,
    0x00,0x00,0x00,0x00,0x00,0x00,0x00,0x00,0x00,0x00,0x00,0x00,0x00,0x00,0x00,0x00,0x00,0x00,0x00,0x00,0x00,0x00,0x00,0x00,
    0x00,0x00,0x00,0x00,0x00,0x00,0x00,0x00,0x00,0x00,0x00,0x00,0x00,0x00,0x00,0x00,0x00,0x00,0x00,0x00,0x00,0x00,0x00,0x00,
    0x00,0x00,0x00,0x00,0x00,0x00,0x00,0x00,0x00,0x00,0x00,0x00,0x00,0x00,0x00,0x00,0x00,0x00,0x00,0x00,0x00,0x00,0x00,0x00,
    0x00,0x00,0x00,0x00,0x00,0x00,0x00,0x00,0x00,0x00,0x00,0x00,0x00,0x00,0x00,0x00,0x00,0x00,0x00,0x00,0x00,0x00,0x00,0x00,
    0x00,0x00,0x00,0x00,0x00,0x00,0x00,0x00,0x00,0x00,0x00,0x00,0x00,0x00,0x00,0x00,0x00,0x00,0x00,0x00,0x00,0x00,0x00,0x00,
    0x00,0x00,0x00,0x00,0x00,0x00,0x00,0x00,0x00,0x00,0x00,0x00,0x00,0x00,0x00,0x00,0x00,0x00,0x00,0x00,0x00,0x00,0x00,0x00,
    0x00,0x00,0x00,0x00,0x00,0x00,0x00,0x00,0x00,0x00,0x00,0x00,0x00,0x00,0x00,0x00,0x00,0x00,0x00,0x00,0x00,0x00,0x00,0x00,
    0x00,0x00,0x00,0x00,0x00,0x00,0x00,0x00,0x00,0x00,0x00,0x00,0x00,0x00,0x00,0x00,0x00,0x00,0x00,0x00,0x00,0x00,0x00,0x00,
    0x00,0x00,0x00,0x00,0x00,0x00,0x00,0x00,0x00,0x00,0x00,0x00,0x00,0x00,0x00,0x00,0x00,0x00,0x00,0x00,0x00,0x00,0x00,0x00,
    0x00,0x00,0x00,0x00,0x00,0x00,0x00,0x00,0x00,0x00,0x00,0x00,0x00,0x00,0x00,0x00,0x00,0x00,0x00,0x00,0x00,0x00,0x00,0x00,
    0x00,0x00,0x00,0x00,0x00,0x00,0x00,0x00,0x00,0x00,0x00,0x00,0x00,0x00,0x00,0x00,0x00,0x00,0x00,0x00,0x00,0x00,0x00,0x00,
    0x00,0x00,0x00,0x00,0x00,0x00,0x00,0x00,0x00,0x00,0x00,0x00,0x00,0x00,0x00,0x00,0x00,0x00,0x00,0x00,0x00,0x00,0x00,0x00,
    0x00,0x00,0x00,0x00,0x00,0x00,0x00,0x00,0x00,0x00,0x00,0x00,0x00,0x00,0x00,0x00,0x00,0x00,0x00,0x00,0x00,0x00,0x00,0x00,
    0x00,0x00,0x00,0x00,0x00,0x00,0x00,0x00,0x00,0x00,0x00,0x00,0x00,0x00,0x00,0x00,0x00,0x00,0x00,0x00,0x00,0x00,0x00,0x00,
    0x00,0x00,0x00,0x00,0x00,0x00,0x00,0x00,0x00,0x00,0x00,0x00,0x00,0x00,0x00,0x00,0x00,0x00,0x00,0x00,0x00,0x00,0x00,0x00,
    0x00,0x00,0x00,0x00,0x00,0x00,0x00,0x00,0x00,0x00,0x00,0x00,0x00,0x00,0x00,0x00,0x00,0x00,0x00,0x00,0x00,0x00,0x00,0x00,
    0x00,0x00,0x00,0x00,0x00,0x00,0x00,0x00,0x00,0x00,0x00,0x00,0x00,0x00,0x00,0x00,0x00,0x00,0x00,0x00,0x00,0x00,0x00,0x00,
    0x00,0x00,0x00,0x00,0x00,0x00,0x00,0x00,0x00,0x00,0x00,0x00,0x00,0x00,0x00,0x00,0x00,0x00,0x00,0x00,0x00,0x00,0x00,0x00,
    0x00,0x00,0x00,0x00,0x00,0x00,0x00,0x00,0x00,0x00,0x00,0x00,0x00,0x00,0x00,0x00,0x00,0x00,0x00,0x00,0x00,0x00,0x00,0x00,
    0x00,0x00,0x00,0x00,0x00,0x00,0x00,0x00,0x00,0x00,0x00,0x00,0x00,0x00,0x00,0x00,0x00,0x00,0x00,0x00,0x00,0x00,0x00,0x00,
    0x00,0x00,0x00,0x00,0x00,0x00,0x00,0x00,0x00,0x00,0x00,0x00,0x00,0x00,0x00,0x00,0x00,0x00,0x00,0x00,0x00,0x00,0x00,0x00,
    0x00,0x00,0x00,0x00,0x00,0x00,0x00,0x00,0x00,0x00,0x00,0x00,0x00,0x00,0x00,0x00,0x00,0x00,0x00,0x00,0x00,0x00,0x00,0x00,
    0x00,0x00,0x00,0x00,0x00,0x00,0x00,0x00,0x00,0x00,0x00,0x00,0x00,0x00,0x00,0x00,0x00,0x00,0x00,0x00,0x00,0x00,0x00,0x00,
    0x00,0x00,0x00,0x00,0x00,0x00,0x00,0x00,0x00,0x00,0x00,0x00,0x00,0x00,0x00,0x00,0x00,0x00,0x00,0x00,0x00,0x00,0x00,0x00,
    0x00,0x00,0x00,0x00,0x00,0x00,0x00,0x00,0x00,0x00,0x00,0x00,0x00,0x00,0x00,0x00,0x00,0x00,0x00,0x00,0x00,0x00,0x00,0x00,
    0x00,0x00,0x00,0x00,0x00,0x00,0x00,0x00,0x00,0x00,0x00,0x00,0x00,0x00,0x00,0x00,0x00,0x00,0x00,0x00,0x00,0x00,0x00,0x00,
    0x00,0x00,0x00,0x00,0x00,0x00,0x00,0x00,0x00,0x00,0x00,0x00,0x00,0x00,0x00,0x00,0x00,0x00,0x00,0x00,0x00,0x00,0x00,0x00,
    0x00,0x00,0x00,0x00,0x00,0x00,0x00,0x00,0x00,0x00,0x00,0x00,0x00,0x00,0x00,0x00,0x00,0x00,0x00,0x00,0x00,0x00,0x00,0x00,
    0x00,0x00,0x00,0x00,0x00,0x00,0x00,0x00,0x00,0x00,0x00,0x00,0x00,0x00,0x00,0x00,0x00,0x00,0x00,0x00,0x00,0x00,0x00,0x00,
    0x00,0x00,0x00,0x00,0x00,0x00,0x00,0x00,0x00,0x00,0x00,0x00,0x00,0x00,0x00,0x00,0x00,0x00,0x00,0x00,0x00,0x00,0x00,0x00,
    0x00,0x00,0x00,0x00,0x00,0x00,0x00,0x00,0x00,0x00,0x00,0x00,0x00,0x00,0x00,0x00,0x00,0x00,0x00,0x00,0x00,0x00,0x00,0x00,
    0x00,0x00,0x00,0x00,0x00,0x00,0x00,0x00,0x00,0x00,0x00,0x00,0x00,0x00,0x00,0x00,0x00,0x00,0x00,0x00,0x00,0x00,0x00,0x00,
    0x00,0x00,0x00,0x00,0x00,0x00,0x00,0x00,0x00,0x00,0x00,0x00,0x00,0x00,0x00,0x00,0x00,0x00,0x00,0x00,0x00,0x00,0x00,0x00,
    0x00,0x00,0x00,0x00,0x00,0x00,0x00,0x00,0x00,0x00,0x00,0x00,0x00,0x00,0x00,0x00,0x00,0x00,0x00,0x00,0x00,0x00,0x00,0x00,
    0x00,0x00,0x00,0x00,0x00,0x00,0x00,0x00,0x00,0x00,0x00,0x00,0x00,0x00,0x00,0x00,0x00,0x00,0x00,0x00,0x00,0x00,0x00,0x00,
    0x00,0x00,0x00,0x00,0x00,0x00,0x00,0x00,0x00,0x00,0x00,0x00,0x00,0x00,0x00,0x00,0x00,0x00,0x00,0x00,0x00,0x00,0x00,0x00,
    0x00,0x00,0x00,0x00,0x00,0x00,0x00,0x00,0x00,0x00,0x00,0x00,0x00,0x00,0x00,0x00,0x00,0x00,0x00,0x00,0x00,0x00,0x00,0x00,
    0x00,0x00,0x00,0x00,0x00,0x00,0x00,0x00,0x00,0x00,0x00,0x00,0x00,0x00,0x00,0x00,0x00,0x00,0x00,0x00,0x00,0x00,0x00,0x00,
    0x00,0x00,0x00,0x00,0x00,0x00,0x00,0x00,0x00,0x00,0x00,0x00,0x00,0x00,0x00,0x00,0x00,0x00,0x00,0x00,0x00,0x00,0x00,0x00,
    0x00,0x00,0x00,0x00,0x00,0x00,0x00,0x00,0x00,0x00,0x00,0x00,0x00,0x00,0x00,0x00,0x00,0x00,0x00,0x00,0x00,0x00,0x00,0x00,
    0x00,0x00,0x00,0x00,0x00,0x00,0x00,0x00,0x00,0x00,0x00,0x00,0x00,0x00,0x00,0x00,0x00,0x00,0x00,0x00,0x00,0x00,0x00,0x00,
    0x00,0x00,0x00,0x00,0x00,0x00,0x00,0x00,0x00,0x00,0x00,0x00,0x00,0x00,0x00,0x00,0x00,0x00,0x00,0x00,0x00,0x00,0x00,0x00,
    0x00,0x00,0x00,0x00,0x00,0x00,0x00,0x00,0x00,0x00,0x00,0x00,0x00,0x00,0x00,0x00,0x00,0x00,0x00,0x00,0x00,0x00,0x00,0x00,
    0x00,0x00,0x00,0x00,0x00,0x00,0x00,0x00,0x00,0x00,0x00,0x00,0x00,0x00,0x00,0x00,0x00,0x00,0x00,0x00,0x00,0x00,0x00,0x00,
    0x00,0x00,0x00,0x00,0x00,0x00,0x00,0x00,0x00,0x00,0x00,0x00,0x00,0x00,0x00,0x00,0x00,0x00,0x00,0x00,0x00,0x00,0x00,0x00,
    0x00,0x00,0x00,0x00,0x00,0x00,0x00,0x00,0x00,0x00,0x00,0x00,0x00,0x00,0x00,0x01,0x00,0x00,0x00,0x00,0x00,0x00,0x00,0x00,
    0x00,0x00,0x00,0x00,0x00,0x00,0x00,0x00,0x00,0x00,0x00,0x00,0x00,0x00,0x00,0x00,0x00,0x00,0x00,0x00,0x00,0x00,0x00,0x00,
    0x00,0x00,0x00,0x00,0x00,0x00,0x00,0x00,0x00,0x00,0x00,0x00,0x00,0x00,0x00,0x00,0x00,0x00,0x00,0x00,0x00,0x00,0x00,0x00,
    0x00,0x00,0x00,0x01,0x03,0x04,0x02,0x00,0x00,0x00,0x00,0x00,0x00,0x00,0x00,0x00,0x00,0x00,0x00,0x00,0x00,0x00,0x00,0x00,
    0x00,0x00,0x00,0x00,0x00,0x00,0x00,0x00,0x00,0x00,0x00,0x00,0x00,0x00,0x00,0x00,0x00,0x00,0x00,0x00,0x00,0x00,0x00,0x00,
    0x00,0x00,0x00,0x00,0x00,0x00,0x00,0x00,0x00,0x00,0x00,0x00,0x00,0x00,0x00,0x00,0x00,0x00,0x03,0x00,0x00,0x00,0x00,0x0d,
    0x00,0x00,0x00,0x00,0x00,0x00,0x00,0x00,0x00,0x00,0x00,0x00,0x00,0x00,0x00,0x00,0x00,0x00,0x00,0x00,0x00,0x00,0x00,0x00,
    0x00,0x00,0x00,0x00,0x00,0x00,0x00,0x00,0x00,0x00,0x00,0x00,0x00,0x00,0x00,0x00,0x00,0x00,0x00,0x00,0x00,0x00,0x00,0x00,
    0x00,0x00,0x00,0x00,0x00,0x00,0x00,0x00,0x02,0x01,0x00,0x02,0x39,0x7d,0xc2,0x7a,0x00,0x02,0x00,0x00,0x00,0x00,0x00,0x00,
    0x00,0x00,0x00,0x00,0x00,0x00,0x01,0x01,0x00,0x00,0x00,0x00,0x00,0x00,0x00,0x00,0x00,0x00,0x00,0x00,0x00,0x00,0x00,0x00,
    0x00,0x00,0x00,0x00,0x00,0x00,0x00,0x00,0x00,0x00,0x00,0x00,0x00,0x00,0x00,0x00,0x00,0x00,0x00,0x00,0x00,0x00,0x00,0x04,
    0x00,0x00,0x62,0xd2,0xff,0xff,0xe8,0x13,0x01,0x01,0x00,0x00,0x00,0x00,0x00,0x00,0x00,0x00,0x00,0x00,0x00,0x02,0x00,0x00,
    0x03,0x00,0x00,0x00,0x00,0x00,0x00,0x00,0x00,0x00,0x00,0x00,0x00,0x00,0x00,0x00,0x00,0x00,0x00,0x00,0x00,0x00,0x00,0x00,
    0x00,0x00,0x00,0x00,0x00,0x00,0x00,0x00,0x00,0x00,0x00,0x00,0x00,0x00,0x03,0x00,0x26,0xb8,0xff,0xff,0xfb,0xfc,0x5f,0x00,
    0x04,0x00,0x00,0x00,0x00,0x00,0x00,0x00,0x00,0x00,0x00,0x00,0x01,0x00,0x03,0x0b,0x00,0x01,0x00,0x00,0x00,0x00,0x00,0x00,
    0x00,0x00,0x00,0x00,0x00,0x00,0x00,0x00,0x00,0x00,0x00,0x00,0x00,0x00,0x00,0x00,0x00,0x00,0x00,0x00,0x00,0x00,0x00,0x00,
    0x00,0x00,0x00,0x00,0x00,0x03,0x00,0x56,0xed,0xff,0xfb,0xfc,0xfe,0xf2,0x17,0x01,0x01,0x00,0x00,0x00,0x00,0x00,0x00,0x00,
    0x00,0x00,0x00,0x02,0x00,0x34,0xd4,0xe6,0x61,0x00,0x02,0x00,0x00,0x00,0x00,0x00,0x00,0x00,0x00,0x00,0x00,0x00,0x00,0x00,
    0x00,0x00,0x00,0x00,0x00,0x00,0x00,0x00,0x00,0x00,0x00,0x00,0x00,0x00,0x00,0x00,0x00,0x00,0x00,0x00,0x03,0x00,0x65,0xff,
    0xff,0xfc,0xff,0xfc,0xff,0xb3,0x00,0x02,0x00,0x00,0x00,0x00,0x00,0x00,0x00,0x00,0x00,0x00,0x01,0x01,0x09,0xda,0xff,0xff,
    0xfd,0x2a,0x00,0x02,0x00,0x00,0x00,0x00,0x00,0x00,0x00,0x00,0x00,0x00,0x00,0x00,0x00,0x00,0x00,0x00,0x00,0x00,0x00,0x00,
    0x00,0x00,0x00,0x00,0x00,0x00,0x00,0x00,0x00,0x00,0x00,0x02,0x00,0x39,0xfe,0xfc,0xfd,0xff,0xff,0xfb,0xff,0x6d,0x00,0x04,
    0x00,0x00,0x00,0x00,0x00,0x00,0x00,0x00,0x00,0x00,0x01,0x00,0x0e,0xef,0xfe,0xf9,0xff,0x39,0x00,0x03,0x00,0x00,0x00,0x00,
    0x00,0x00,0x00,0x00,0x00,0x00,0x00,0x00,0x00,0x00,0x00,0x00,0x00,0x00,0x00,0x00,0x00,0x00,0x00,0x00,0x00,0x00,0x00,0x00,
    0x00,0x00,0x02,0x02,0x18,0xe9,0xfe,0xfd,0xff,0xff,0xff,0xfd,0xfe,0x3c,0x00,0x03,0x00,0x00,0x00,0x00,0x00,0x00,0x00,0x00,
    0x00,0x00,0x00,0x03,0x00,0x60,0xfa,0xff,0x95,0x02,0x02,0x00,0x00,0x00,0x00,0x00,0x00,0x00,0x00,0x00,0x00,0x00,0x00,0x00,
    0x00,0x00,0x00,0x00,0x00,0x00,0x00,0x00,0x00,0x00,0x00,0x00,0x00,0x00,0x00,0x00,0x00,0x00,0x03,0x00,0xa0,0xff,0xfb,0xff,
    0xff,0xff,0xfe,0xff,0xef,0x15,0x00,0x01,0x00,0x00,0x00,0x00,0x00,0x00,0x00,0x00,0x00,0x00,0x00,0x00,0x01,0x00,0x29,0x39,
    0x00,0x00,0x00,0x00,0x00,0x00,0x00,0x00,0x00,0x00,0x00,0x00,0x00,0x00,0x00,0x00,0x00,0x00,0x00,0x00,0x00,0x00,0x00,0x00,
    0x00,0x00,0x00,0x00,0x00,0x00,0x00,0x00,0x00,0x02,0x00,0x27,0xf8,0xfd,0xfe,0xff,0xff,0xff,0xfe,0xff,0xee,0x10,0x00,0x01,
    0x00,0x00,0x00,0x00,0x00,0x00,0x00,0x00,0x00,0x00,0x00,0x00,0x00,0x02,0x00,0x00,0x01,0x00,0x00,0x00,0x00,0x00,0x00,0x00,
    0x00,0x00,0x00,0x00,0x00,0x00,0x00,0x00,0x00,0x00,0x00,0x00,0x00,0x00,0x00,0x00,0x00,0x00,0x00,0x00,0x00,0x00,0x00,0x00,
    0x00,0x03,0x00,0xa1,0xff,0xfc,0xff,0xff,0xff,0xff,0xfe,0xff,0xee,0x12,0x00,0x01,0x00,0x00,0x00,0x00,0x00,0x00,0x00,0x00,
    0x00,0x00,0x00,0x00,0x00,0x00,0x02,0x03,0x00,0x00,0x00,0x00,0x00,0x00,0x00,0x00,0x00,0x00,0x00,0x00,0x00,0x00,0x00,0x00,
    0x00,0x00,0x00,0x00,0x00,0x00,0x00,0x00,0x00,0x00,0x00,0x00,0x00,0x00,0x00,0x00,0x01,0x00,0x19,0xf4,0xfe,0xfe,0xff,0xff,
    0xff,0xff,0xfe,0xff,0xed,0x10,0x00,0x01,0x00,0x00,0x00,0x00,0x00,0x00,0x00,0x00,0x00,0x00,0x00,0x00,0x00,0x00,0x00,0x00,
    0x00,0x00,0x00,0x00,0x00,0x00,0x00,0x00,0x00,0x00,0x00,0x00,0x00,0x00,0x00,0x00,0x00,0x00,0x00,0x00,0x00,0x00,0x00,0x00,
    0x00,0x00,0x00,0x00,0x00,0x00,0x00,0x00,0x04,0x00,0x5e,0xff,0xfc,0xff,0xff,0xff,0xff,0xff,0xff,0xfe,0xfb,0x31,0x00,0x02,
    0x00,0x00,0x00,0x00,0x00,0x00,0x00,0x00,0x00,0x00,0x00,0x00,0x00,0x00,0x00,0x00,0x00,0x00,0x00,0x00,0x00,0x00,0x00,0x00,
    0x00,0x00,0x00,0x00,0x00,0x00,0x00,0x00,0x00,0x00,0x00,0x00,0x00,0x00,0x00,0x00,0x00,0x00,0x00,0x00,0x00,0x00,0x00,0x00,
    0x03,0x00,0xa2,0xff,0xfb,0xff,0xff,0xff,0xff,0xff,0xff,0xfc,0xff,0x5f,0x00,0x04,0x00,0x00,0x00,0x00,0x00,0x00,0x00,0x00,
    0x00,0x00,0x00,0x00,0x00,0x00,0x00,0x00,0x00,0x00,0x00,0x00,0x00,0x00,0x00,0x00,0x00,0x00,0x00,0x00,0x00,0x00,0x00,0x00,
    0x00,0x00,0x00,0x00,0x00,0x00,0x00,0x00,0x00,0x00,0x00,0x00,0x00,0x00,0x00,0x00,0x02,0x01,0xc5,0xff,0xfc,0xff,0xff,0xff,
    0xff,0xff,0xff,0xfb,0xff,0xa1,0x00,0x03,0x00,0x00,0x00,0x00,0x00,0x00,0x00,0x00,0x00,0x00,0x00,0x00,0x00,0x00,0x00,0x00,
    0x00,0x00,0x00,0x00,0x00,0x00,0x00,0x00,0x00,0x00,0x00,0x00,0x00,0x00,0x00,0x00,0x00,0x00,0x00,0x00,0x00,0x00,0x00,0x00,
    0x00,0x00,0x00,0x00,0x00,0x00,0x00,0x01,0x00,0x10,0xea,0xff,0xfe,0xff,0xff,0xff,0xff,0xff,0xff,0xfe,0xff,0xe6,0x0e,0x01,
    0x01,0x00,0x00,0x00,0x00,0x00,0x00,0x00,0x00,0x00,0x00,0x00,0x00,0x00,0x00,0x00,0x00,0x00,0x00,0x00,0x00,0x00,0x00,0x00,
    0x00,0x00,0x00,0x00,0x00,0x00,0x00,0x00,0x00,0x00,0x00,0x00,0x00,0x00,0x00,0x00,0x00,0x00,0x00,0x00,0x00,0x00,0x00,0x01,
    0x00,0x11,0xef,0xff,0xfe,0xff,0xff,0xff,0xff,0xff,0xff,0xff,0xfc,0xff,0x49,0x00,0x03,0x00,0x00,0x00,0x00,0x00,0x00,0x00,
    0x00,0x00,0x00,0x00,0x00,0x00,0x00,0x00,0x00,0x00,0x00,0x00,0x00,0x00,0x00,0x00,0x00,0x00,0x00,0x00,0x00,0x00,0x00,0x00,
    0x00,0x00,0x00,0x00,0x00,0x00,0x00,0x00,0x00,0x00,0x00,0x00,0x00,0x00,0x00,0x01,0x00,0x11,0xed,0xff,0xfe,0xff,0xff,0xff,
    0xff,0xff,0xff,0xff,0xfc,0xff,0xbf,0x00,0x04,0x00,0x00,0x00,0x00,0x00,0x00,0x00,0x00,0x00,0x00,0x00,0x00,0x00,0x00,0x00,
    0x00,0x00,0x00,0x00,0x00,0x00,0x00,0x00,0x00,0x00,0x00,0x00,0x00,0x00,0x00,0x00,0x00,0x00,0x00,0x00,0x00,0x00,0x00,0x00,
    0x00,0x00,0x00,0x00,0x00,0x00,0x00,0x01,0x00,0x12,0xef,0xff,0xfe,0xff,0xff,0xff,0xff,0xff,0xff,0xff,0xff,0xfc,0xff,0x6b,
    0x00,0x04,0x00,0x00,0x00,0x00,0x00,0x00,0x00,0x00,0x00,0x00,0x00,0x00,0x00,0x00,0x00,0x00,0x00,0x00,0x00,0x00,0x00,0x00,
    0x00,0x00,0x00,0x00,0x00,0x00,0x00,0x00,0x00,0x00,0x00,0x00,0x00,0x00,0x00,0x00,0x00,0x00,0x00,0x00,0x00,0x00,0x00,0x00,
    0x01,0x04,0xcd,0xff,0xfd,0xff,0xff,0xff,0xff,0xff,0xff,0xff,0xff,0xfe,0xfc,0xf3,0x2d,0x00,0x04,0x00,0x00,0x00,0x00,0x00,
    0x00,0x00,0x00,0x00,0x00,0x00,0x00,0x00,0x00,0x00,0x00,0x00,0x00,0x00,0x00,0x00,0x00,0x00,0x00,0x00,0x00,0x00,0x00,0x00,
    0x00,0x00,0x00,0x00,0x00,0x00,0x00,0x00,0x00,0x00,0x00,0x00,0x00,0x00,0x00,0x00,0x03,0x00,0xae,0xff,0xfc,0xff,0xff,0xff,
    0xff,0xff,0xff,0xff,0xff,0xff,0xfd,0xff,0xd2,0x11,0x00,0x04,0x00,0x00,0x00,0x00,0x00,0x00,0x00,0x00,0x00,0x00,0x03,0x00,
    0x00,0x00,0x00,0x00,0x00,0x00,0x00,0x00,0x00,0x00,0x00,0x00,0x00,0x00,0x00,0x00,0x00,0x00,0x00,0x00,0x00,0x00,0x00,0x00,
    0x00,0x00,0x00,0x00,0x00,0x00,0x00,0x00,0x04,0x00,0x71,0xff,0xfb,0xff,0xff,0xff,0xff,0xff,0xff,0xff,0xff,0xff,0xff,0xfc,
    0xff,0xce,0x32,0x00,0x00,0x04,0x01,0x01,0x00,0x00,0x00,0x01,0x03,0x01,0x00,0x00,0x00,0x00,0x00,0x00,0x00,0x00,0x00,0x00,
    0x00,0x00,0x00,0x00,0x00,0x00,0x00,0x00,0x00,0x00,0x00,0x00,0x00,0x00,0x00,0x00,0x00,0x00,0x00,0x00,0x00,0x00,0x00,0x00,
    0x02,0x00,0x28,0xfb,0xfe,0xff,0xff,0xff,0xff,0xff,0xff,0xff,0xff,0xff,0xff,0xff,0xfc,0xff,0xf2,0x6d,0x06,0x00,0x00,0x00,
    0x02,0x02,0x01,0x00,0x00,0x00,0x55,0x44,0x00,0x02,0x00,0x00,0x00,0x00,0x00,0x00,0x00,0x00,0x00,0x00,0x00,0x00,0x00,0x00,
    0x00,0x00,0x00,0x00,0x00,0x00,0x00,0x00,0x00,0x00,0x00,0x00,0x00,0x00,0x00,0x00,0x00,0x02,0x01,0xbe,0xff,0xfc,0xff,0xff,
    0xff,0xff,0xff,0xff,0xff,0xff,0xff,0xff,0xff,0xfd,0xff,0xff,0xd3,0x64,0x1e,0x04,0x00,0x00,0x00,0x15,0x4d,0xba,0xf5,0x1c,
    0x00,0x01,0x00,0x00,0x00,0x00,0x00,0x00,0x00,0x00,0x00,0x00,0x00,0x00,0x00,0x00,0x00,0x00,0x00,0x00,0x00,0x00,0x00,0x00,
    0x00,0x00,0x00,0x00,0x00,0x00,0x00,0x00,0x00,0x03,0x00,0x41,0xff,0xfc,0xff,0xff,0xff,0xff,0xff,0xff,0xff,0xff,0xff,0xff,
    0xff,0xff,0xfe,0xfc,0xff,0xff,0xf5,0xd6,0xbe,0xbe,0xca,0xf0,0xff,0xff,0x7e,0x00,0x03,0x00,0x00,0x00,0x00,0x00,0x00,0x00,
    0x00,0x00,0x00,0x00,0x00,0x00,0x00,0x00,0x00,0x00,0x00,0x00,0x00,0x00,0x00,0x00,0x00,0x00,0x00,0x00,0x00,0x00,0x00,0x00,
    0x00,0x00,0x02,0x00,0xc0,0xff,0xfc,0xff,0xff,0xff,0xff,0xff,0xff,0xff,0xff,0xff,0xff,0xff,0xff,0xff,0xfd,0xfc,0xff,0xff,
    0xff,0xff,0xff,0xff,0xfa,0xeb,0x13,0x01,0x01,0x00,0x00,0x00,0x00,0x00,0x00,0x00,0x00,0x00,0x00,0x00,0x00,0x00,0x00,0x00,
    0x00,0x00,0x00,0x00,0x00,0x00,0x00,0x00,0x00,0x00,0x00,0x00,0x00,0x00,0x00,0x00,0x00,0x00,0x02,0x01,0x33,0xfd,0xfc,0xfe,
    0xff,0xff,0xff,0xff,0xff,0xff,0xff,0xff,0xff,0xff,0xff,0xff,0xff,0xff,0xfe,0xfd,0xfc,0xfc,0xfc,0xf9,0xff,0x6b,0x00,0x03,
    0x00,0x00,0x00,0x00,0x00,0x00,0x00,0x00,0x00,0x00,0x00,0x00,0x00,0x00,0x00,0x00,0x00,0x00,0x00,0x00,0x00,0x00,0x00,0x00,
    0x00,0x00,0x00,0x00,0x00,0x00,0x00,0x00,0x00,0x00,0x00,0x03,0x00,0x67,0xff,0xfa,0xfe,0xff,0xff,0xff,0xff,0xff,0xff,0xff,
    0xff,0xff,0xff,0xff,0xff,0xff,0xff,0xff,0xff,0xff,0xfa,0xff,0xa0,0x00,0x03,0x00,0x00,0x00,0x00,0x00,0x00,0x00,0x00,0x00,
    0x00,0x00,0x00,0x00,0x00,0x00,0x00,0x00,0x00,0x00,0x00,0x00,0x00,0x00,0x00,0x00,0x00,0x00,0x00,0x00,0x00,0x00,0x00,0x00,
    0x00,0x00,0x00,0x00,0x03,0x00,0x98,0xff,0xfc,0xfd,0xff,0xff,0xff,0xff,0xff,0xff,0xff,0xff,0xff,0xff,0xff,0xff,0xff,0xff,
    0xfe,0xfa,0xff,0xca,0x0a,0x02,0x01,0x00,0x00,0x00,0x00,0x00,0x00,0x00,0x00,0x00,0x00,0x00,0x00,0x00,0x00,0x00,0x00,0x00,
    0x00,0x00,0x00,0x00,0x00,0x00,0x00,0x00,0x00,0x00,0x00,0x00,0x00,0x00,0x00,0x00,0x00,0x00,0x00,0x00,0x01,0x03,0x00,0x8f,
    0xff,0xff,0xfb,0xfe,0xff,0xff,0xff,0xff,0xff,0xff,0xff,0xff,0xff,0xff,0xff,0xfc,0xff,0xff,0xb8,0x12,0x00,0x02,0x00,0x00,
    0x00,0x00,0x00,0x00,0x00,0x00,0x00,0x00,0x00,0x00,0x00,0x00,0x00,0x00,0x00,0x00,0x00,0x00,0x00,0x00,0x00,0x00,0x00,0x00,
    0x00,0x00,0x00,0x00,0x00,0x00,0x00,0x00,0x00,0x00,0x00,0x00,0x00,0x00,0x02,0x00,0x56,0xe5,0xff,0xff,0xfb,0xfc,0xfe,0xff,
    0xff,0xff,0xff,0xfe,0xfd,0xfb,0xfe,0xff,0xfb,0x80,0x00,0x00,0x01,0x00,0x00,0x00,0x00,0x00,0x00,0x00,0x00,0x00,0x00,0x00,
    0x00,0x00,0x00,0x00,0x00,0x00,0x00,0x00,0x00,0x00,0x00,0x00,0x00,0x00,0x00,0x00,0x00,0x00,0x00,0x00,0x00,0x00,0x01,0x00,
    0x00,0x00,0x00,0x00,0x00,0x00,0x00,0x04,0x00,0x1a,0x9e,0xf9,0xff,0xff,0xff,0xfe,0xfd,0xfd,0xfd,0xff,0xff,0xff,0xff,0xba,
    0x37,0x00,0x02,0x01,0x00,0x00,0x00,0x00,0x00,0x00,0x00,0x00,0x00,0x00,0x00,0x00,0x00,0x00,0x00,0x00,0x00,0x00,0x00,0x00,
    0x00,0x00,0x00,0x00,0x00,0x00,0x00,0x00,0x00,0x00,0x00,0x00,0x00,0x02,0x00,0x01,0x00,0x00,0x00,0x00,0x00,0x00,0x00,0x00,
    0x03,0x00,0x00,0x28,0x74,0xbc,0xeb,0xff,0xff,0xff,0xff,0xf0,0xca,0x8b,0x3a,0x00,0x00,0x03,0x00,0x00,0x00,0x00,0x00,0x00,
    0x00,0x00,0x00,0x00,0x00,0x00,0x00,0x00,0x00,0x00,0x00,0x00,0x00,0x00,0x00,0x00,0x00,0x00,0x00,0x00,0x00,0x00,0x00,0x00,
    0x00,0x00,0x00,0x00,0x00,0x00,0x10,0x00,0x00,0x00,0x00,0x00,0x00,0x00,0x00,0x00,0x00,0x01,0x03,0x00,0x00,0x00,0x0f,0x35,
    0x41,0x41,0x3e,0x14,0x00,0x00,0x00,0x01,0x02,0x00,0x00,0x00,0x00,0x00,0x00,0x00,0x00,0x00,0x00,0x00,0x00,0x00,0x00,0x00,
    0x00,0x00,0x00,0x00,0x00,0x00,0x00,0x00,0x00,0x00,0x00,0x00,0x00,0x00,0x00,0x00,0x00,0x00,0x00,0x02,0x01,0x61,0xed,0x94,
    0x07,0x02,0x00,0x00,0x00,0x00,0x00,0x00,0x00,0x00,0x00,0x02,0x04,0x02,0x00,0x00,0x00,0x00,0x00,0x00,0x01,0x04,0x03,0x00,
    0x00,0x00,0x00,0x00,0x00,0x00,0x00,0x00,0x00,0x00,0x00,0x00,0x00,0x00,0x00,0x00,0x00,0x00,0x00,0x00,0x00,0x00,0x00,0x00,
    0x00,0x00,0x00,0x00,0x00,0x00,0x00,0x00,0x00,0x00,0x01,0x00,0x11,0xff,0xff,0xff,0x42,0x00,0x03,0x00,0x00,0x00,0x00,0x00,
    0x00,0x00,0x00,0x00,0x00,0x00,0x01,0x03,0x03,0x03,0x03,0x01,0x00,0x00,0x00,0x00,0x00,0x00,0x00,0x00,0x00,0x00,0x00,0x00,
    0x00,0x00,0x00,0x00,0x00,0x00,0x00,0x00,0x00,0x00,0x00,0x00,0x00,0x00,0x00,0x00,0x00,0x00,0x00,0x00,0x00,0x00,0x00,0x00,
    0x00,0x00,0x00,0x02,0x05,0x95,0xff,0xc5,0x15,0x02,0x01,0x00,0x00,0x00,0x00,0x00,0x00,0x00,0x00,0x00,0x00,0x00,0x00,0x00,
    0x00,0x00,0x00,0x00,0x00,0x00,0x00,0x00,0x00,0x00,0x00,0x00,0x00,0x00,0x00,0x00,0x00,0x00,0x00,0x00,0x00,0x00,0x00,0x00,
    0x00,0x00,0x00,0x00,0x00,0x00,0x00,0x00,0x00,0x00,0x00,0x00,0x00,0x00,0x00,0x00,0x00,0x00,0x00,0x01,0x00,0x00,0x40,0x0e,
    0x00,0x01,0x00,0x00,0x00,0x00,0x00,0x00,0x00,0x00,0x00,0x00,0x00,0x00,0x00,0x00,0x00,0x00,0x00,0x00,0x00,0x00,0x00,0x00,
    0x00,0x00,0x00,0x00,0x00,0x00,0x00,0x00,0x00,0x00,0x00,0x00,0x00,0x00,0x00,0x00,0x00,0x00,0x00,0x00,0x00,0x00,0x00,0x00,
    0x00,0x00,0x00,0x00,0x00,0x00,0x00,0x00,0x00,0x00,0x00,0x00,0x00,0x01,0x00,0x00,0x01,0x00,0x00,0x00,0x00,0x00,0x00,0x00,
    0x00,0x00,0x00,0x00,0x00,0x00,0x00,0x00,0x00,0x00,0x00,0x00,0x00,0x00,0x00,0x00,0x00,0x00,0x00,0x00,0x00,0x00,0x00,0x00,
    0x00,0x00,0x00,0x00,0x00,0x00,0x00,0x00,0x00,0x00,0x00,0x00,0x00,0x00,0x00,0x00,0x00,0x00,0x00,0x00,0x00,0x00,0x00,0x00,
    0x00,0x00,0x00,0x00,0x00,0x00,0x03,0x01,0x00,0x00,0x00,0x00,0x00,0x00,0x00,0x00,0x00,0x00,0x00,0x00,0x00,0x00,0x00,0x00,
    0x00,0x00,0x00,0x00,0x00,0x00,0x00,0x00,0x00,0x00,0x00,0x00,0x00,0x00,0x00,0x00,0x00,0x00,0x00,0x00,0x00,0x00,0x00,0x00,
    0x00,0x00,0x00,0x00,0x00,0x00,0x00,0x00,0x00,0x00,0x00,0x00,0x00,0x00,0x00,0x00,0x00,0x00,0x00,0x00,0x00,0x00,0x00,0x00,
    0x00,0x00,0x00,0x00,0x00,0x00,0x00,0x00,0x00,0x00,0x00,0x00,0x00,0x00,0x00,0x00,0x00,0x00,0x00,0x00,0x00,0x00,0x00,0x00,
    0x00,0x00,0x00,0x00,0x00,0x00,0x00,0x00,0x00,0x00,0x00,0x00,0x00,0x00,0x00,0x00,0x00,0x00,0x00,0x00,0x00,0x00,0x00,0x00,
    0x00,0x00,0x00,0x00,0x00,0x00,0x00,0x00,0x00,0x00,0x00,0x00,0x00,0x00,0x00,0x00,0x00,0x00,0x00,0x00,0x00,0x00,0x00,0x00,
    0x00,0x00,0x00,0x00,0x00,0x00,0x00,0x00,0x00,0x00,0x00,0x00,0x00,0x00,0x00,0x00,0x00,0x00,0x00,0x00,0x00,0x00,0x00,0x00,
    0x00,0x00,0x00,0x00,0x00,0x00,0x00,0x00,0x00,0x00,0x00,0x00,0x00,0x00,0x00,0x00,0x00,0x00,0x00,0x00,0x00,0x00,0x00,0x00,
    0x00,0x00,0x00,0x00,0x00,0x00,0x00,0x00,0x00,0x00,0x00,0x00,0x00,0x00,0x00,0x00,0x00,0x00,0x00,0x00,0x00,0x00,0x00,0x00,
    0x00,0x00,0x00,0x00,0x00,0x00,0x00,0x00,0x00,0x00,0x00,0x00,0x00,0x00,0x00,0x00,0x00,0x00,0x00,0x00,0x00,0x00,0x00,0x00,
    0x00,0x00,0x00,0x00,0x00,0x00,0x00,0x00,0x00,0x00,0x00,0x00,0x00,0x00,0x00,0x00,0x00,0x00,0x00,0x00,0x00,0x00,0x00,0x00,
    0x00,0x00,0x00,0x00,0x00,0x00,0x00,0x00,0x00,0x00,0x00,0x00,0x00,0x00,0x00,0x00,0x00,0x00,0x00,0x00,0x00,0x00,0x00,0x00,
    0x00,0x00,0x00,0x00,0x00,0x00,0x00,0x00,0x00,0x00,0x00,0x00,0x00,0x00,0x00,0x00,0x00,0x00,0x00,0x00,0x00,0x00,0x00,0x00,
    0x00,0x00,0x00,0x00,0x00,0x00,0x00,0x00,0x00,0x00,0x00,0x00,0x00,0x00,0x00,0x00,0x00,0x00,0x00,0x00,0x00,0x00,0x00,0x00,
    0x00,0x00,0x00,0x00,0x00,0x00,0x00,0x00,0x00,0x00,0x00,0x00,0x00,0x00,0x00,0x00,0x00,0x00,0x00,0x00,0x00,0x00,0x00,0x00,
    0x00,0x00,0x00,0x00,0x00,0x00,0x00,0x00,0x00,0x00,0x00,0x00,0x00,0x00,0x00,0x00,0x00,0x00,0x00,0x00,0x00,0x00,0x00,0x00,
    0x00,0x00,0x00,0x00,0x00,0x00,0x00,0x00,0x00,0x00,0x00,0x00,0x00,0x00,0x00,0x00,0x00,0x00,0x00,0x00,0x00,0x00,0x00,0x00,
    0x00,0x00,0x00,0x00,0x00,0x00,0x00,0x00,0x00,0x00,0x00,0x00,0x00,0x00,0x00,0x00,0x00,0x00,0x00,0x00,0x00,0x00,0x00,0x00,
    0x00,0x00,0x00,0x00,0x00,0x00,0x00,0x00,0x00,0x00,0x00,0x00,0x00,0x00,0x00,0x00,0x00,0x00,0x00,0x00,0x00,0x00,0x00,0x00,
    0x00,0x00,0x00,0x00,0x00,0x00,0x00,0x00,0x00,0x00,0x00,0x00,0x00,0x00,0x00,0x00,0x00,0x00,0x00,0x00,0x00,0x00,0x00,0x00,
    0x00,0x00,0x00,0x00,0x00,0x00,0x00,0x00,0x00,0x00,0x00,0x00,0x00,0x00,0x00,0x00,0x00,0x00,0x00,0x00,0x00,0x00,0x00,0x00,
    0x00,0x00,0x00,0x00,0x00,0x00,0x00,0x00,0x00,0x00,0x00,0x00,0x00,0x00,0x00,0x00,0x00,0x00,0x00,0x00,0x00,0x00,0x00,0x00,
    0x00,0x00,0x00,0x00,0x00,0x00,0x00,0x00,0x00,0x00,0x00,0x00,0x00,0x00,0x00,0x00,0x00,0x00,0x00,0x00,0x00,0x00,0x00,0x00,
    0x00,0x00,0x00,0x00,0x00,0x00,0x00,0x00,0x00,0x00,0x00,0x00,0x00,0x00,0x00,0x00,0x00,0x00,0x00,0x00,0x00,0x00,0x00,0x00,
    0x00,0x00,0x00,0x00,0x00,0x00,0x00,0x00,0x00,0x00,0x00,0x00,0x00,0x00,0x00,0x00,0x00,0x00,0x00,0x00,0x00,0x00,0x00,0x00,
    0x00,0x00,0x00,0x00,0x00,0x00,0x00,0x00,0x00,0x00,0x00,0x00,0x00,0x00,0x00,0x00,0x00,0x00,0x00,0x00,0x00,0x00,0x00,0x00,
    0x00,0x00,0x00,0x00,0x00,0x00,0x00,0x00,0x00,0x00,0x00,0x00,0x00,0x00,0x00,0x00,0x00,0x00,0x00,0x00,0x00,0x00,0x00,0x00,
    0x00,0x00,0x00,0x00,0x00,0x00,0x00,0x00,0x00,0x00,0x00,0x00,0x00,0x00,0x00,0x00,0x00,0x00,0x00,0x00,0x00,0x00,0x00,0x00,
    0x00,0x00,0x00,0x00,0x00,0x00,0x00,0x00,0x00,0x00,0x00,0x00,0x00,0x00,0x00,0x00,0x00,0x00,0x00,0x00,0x00,0x00,0x00,0x00,
    0x00,0x00,0x00,0x00,0x00,0x00,0x00,0x00,0x00,0x00,0x00,0x00,0x00,0x00,0x00,0x00,0x00,0x00,0x00,0x00,0x00,0x00,0x00,0x00,
    0x00,0x00,0x00,0x00,0x00,0x00,0x00,0x00,0x00,0x00,0x00,0x00,0x00,0x00,0x00,0x00,0x00,0x00,0x00,0x00,0x00,0x00,0x00,0x00,
    0x00,0x00,0x00,0x00,0x00,0x00,0x00,0x00,0x00,0x00,0x00,0x00,0x00,0x00,0x00,0x00,0x00,0x00,0x00,0x00,0x00,0x00,0x00,0x00,
    0x00,0x00,0x00,0x00,0x00,0x00,0x00,0x00,0x00,0x00,0x00,0x00,0x00,0x00,0x00,0x00,0x00,0x00,0x00,0x00,0x00,0x00,0x00,0x00,
    0x00,0x00,0x00,0x00,0x00,0x00,0x00,0x00,0x00,0x00,0x00,0x00,0x00,0x00,0x00,0x00,0x00,0x00,0x00,0x00,0x00,0x00,0x00,0x00,
    0x00,0x00,0x00,0x00,0x00,0x00,0x00,0x00,0x00,0x00,0x00,0x00,0x00,0x00,0x00,0x00,0x00,0x00,0x00,0x00,0x00,0x00,0x00,0x00,
    0x00,0x00,0x00,0x00,0x00,0x00,0x00,0x00,0x00,0x00,0x00,0x00,0x00,0x00,0x00,0x00,0x00,0x00,0x00,0x00,0x00,0x00,0x00,0x00,
    0x00,0x00,0x00,0x00,0x00,0x00,0x00,0x00,0x00,0x00,0x00,0x00,0x00,0x00,0x00,0x00,0x00,0x00,0x00,0x00,0x00,0x00,0x00,0x00,
};

const lv_image_dsc_t weather_icon_clear_night = {
    .header = {
        .magic = LV_IMAGE_HEADER_MAGIC,
        .cf = LV_COLOR_FORMAT_RGB565A8,
        .flags = 0,
        .w = 64,
        .h = 64,
        .stride = 128,
        .reserved_2 = 0,
    },
    .data_size = sizeof(weather_icon_clear_night_map),
    .data = weather_icon_clear_night_map,
    .reserved = NULL,
};

static const WEATHER_ICON_ALIGN uint8_t weather_icon_partly_cloudy_map[] = {
    0x00,0x00,0x00,0x00,0x00,0x00,0x00,0x00,0x00,0x00,0x00,0x00,0x00,0x00,0x00,0x00,0x00,0x00,0x00,0x00,0x00,0x00,0x00,0x00,
    0x00,0x00,0x00,0x00,0x00,0x00,0x00,0x00,0x00,0x00,0x00,0x00,0x00,0x00,0x00,0x00,0x00,0x00,0x00,0x00,0x00,0x00,0x00,0x00,
    0x00,0x00,0x00,0x00,0x00,0x00,0x00,0x00,0x00,0x00,0x00,0x00,0x00,0x00,0x00,0x00,0x00,0x00,0x00,0x00,0x00,0x00,0x00,0x00,
    0x00,0x00,0x00,0x00,0x00,0x00,0x00,0x00,0x00,0x00,0x00,0x00,0x00,0x00,0x00,0x00,0x00,0x00,0x00,0x00,0x00,0x00,0x00,0x00,
    0x00,0x00,0x00,0x00,0x00,0x00,0x00,0x00,0x00,0x00,0x00,0x00,0x00,0x00,0x00,0x00,0x00,0x00,0x00,0x00,0x00,0x00,0x00,0x00,
    0x00,0x00,0x00,0x00,0x00,0x00,0x00,0x00,0x00,0x00,0x00,0x00,0x00,0x00,0x00,0x00,0x00,0x00,0x00,0x00,0x00,0x00,0x00,0x00,
    0x00,0x00,0x00,0x00,0x00,0x00,0x00,0x00,0x00,0x00,0x00,0x00,0x00,0x00,0x00,0x00,0x00,0x00,0x00,0x00,0x00,0x00,0x00,0x00,
    0xe0,0xfc,0x61,0xfd,0x61,0xfd,0xe0,0xfc,0x00,0x00,0x00,0x00,0x00,0x00,0x00,0x00,0x00,0x00,0x00,0x00,0x00,0x00,0x00,0x00,
    0x00,0x00,0x00,0x00,0x00,0x00,0x00,0x00,0x00,0x00,0x00,0x00,0x00,0x00,0x00,0x00,0x00,0x00,0x00,0x00,0x00,0x00,0x00,0x00,
    0x00,0x00,0x00,0x00,0x00,0x00,0x00,0x00,0x00,0x00,0x00,0x00,0x00,0x00,0x00,0x00,0x00,0x00,0x00,0x00,0x00,0x00,0x00,0x00,
    0x00,0x00,0x00,0x00,0x00,0x00,0x00,0x00,0x00,0x00,0x00,0x00,0x00,0x00,0x00,0x00,0x00,0x00,0x00,0x00,0x00,0x00,0x00,0x00,
    0x00,0x00,0x00,0x00,0x00,0x00,0x00,0x00,0x00,0x00,0x00,0x00,0x00,0x00,0x00,0x00,0x00,0x00,0x00,0x00,0x00,0x00,0x00,0x00,
    0x00,0x00,0x00,0x00,0xe0,0xfd,0x00,0x00,0xe1,0xf4,0x21,0xfd,0x21,0xfd,0xe1,0xf4,0x00,0x00,0xe0,0xfd,0x00,0x00,0x00,0x00,
    0x00,0x00,0x00,0x00,0x00,0x00,0x00,0x00,0x00,0x00,0x00,0x00,0x00,0x00,0x00,0x00,0x00,0x00,0x00,0x00,0x00,0x00,0x00,0x00,
    0x00,0x00,0x00,0x00,0x00,0x00,0x00,0x00,0x00,0x00,0x00,0x00,0x00,0x00,0x00,0x00,0x00,0x00,0x00,0x00,0x00,0x00,0x00,0x00,
    0x00,0x00,0x00,0x00,0x00,0x00,0x00,0x00,0x00,0x00,0x00,0x00,0x00,0x00,0x00,0x00,0x00,0x00,0x00,0x00,0x00,0x00,0x00,0x00,
    0x00,0x00,0x00,0x00,0x00,0x00,0x00,0x00,0x00,0x00,0x00,0x00,0x00,0x00,0x00,0x00,0x00,0x00,0x00,0x00,0x00,0x00,0x00,0x00,
    0x00,0x00,0x00,0x00,0x00,0x00,0x00,0x00,0x00,0x00,0x00,0x00,0xe0,0xfd,0x00,0x00,0xe1,0xf4,0x41,0xfd,0x41,0xfd,0xe1,0xf4,
    0x00,0x00,0xe0,0xfd,0x00,0x00,0x00,0x00,0x00,0x00,0x00,0x00,0x00,0x00,0x00,0x00,0x00,0x00,0x00,0x00,0x00,0x00,0x00,0x00,
    0x00,0x00,0x00,0x00,0x00,0x00,0x00,0x00,0x00,0x00,0x00,0x00,0x00,0x00,0x00,0x00,0x00,0x00,0x00,0x00,0x00,0x00,0x00,0x00,
    0x00,0x00,0x00,0x00,0x00,0x00,0x00,0x00,0x00,0x00,0x00,0x00,0x00,0x00,0x00,0x00,0x00,0x00,0x00,0x00,0x00,0x00,0x00,0x00,
    0x00,0x00,0x00,0x00,0x00,0x00,0x00,0x00,0x00,0x00,0x00,0x00,0x00,0x00,0x00,0x00,0x00,0x00,0x00,0x00,0x00,0x00,0x00,0x00,
    0x00,0x00,0x40,0xfd,0x00,0xf8,0x00,0x00,0x00,0x00,0x00,0x00,0x00,0x00,0x00,0x00,0x00,0x00,0x00,0x00,0xe0,0xfd,0x00,0x00,
    0xe1,0xf4,0x21,0xfd,0x21,0xfd,0xe1,0xf4,0x00,0x00,0xe0,0xfd,0x00,0x00,0x00,0x00,0x00,0x00,0x00,0x00,0x00,0x00,0x00,0x00,
    0x00,0x00,0x00,0x00,0x40,0xfd,0x00,0xf8,0x00,0x00,0x00,0x00,0x00,0x00,0x00,0x00,0x00,0x00,0x00,0x00,0x00,0x00,0x00,0x00,
    0x00,0x00,0x00,0x00,0x00,0x00,0x00,0x00,0x00,0x00,0x00,0x00,0x00,0x00,0x00,0x00,0x00,0x00,0x00,0x00,0x00,0x00,0x00,0x00,
    0x00,0x00,0x00,0x00,0x00,0x00,0x00,0x00,0x00,0x00,0x00,0x00,0x00,0x00,0x00,0x00,0x00,0x00,0x00,0x00,0x00,0x00,0x00,0x00,
    0x00,0x00,0x00,0x00,0x00,0x00,0x00,0x00,0xe0,0xfb,0x00,0x00,0x00,0x00,0x00,0x00,0x00,0x00,0x00,0x00,0x00,0x00,0x00,0x00,
    0x00,0x00,0x00,0x00,0xe0,0xfd,0x00,0x00,0xe1,0xf4,0x21,0xfd,0x21,0xfd,0xe1,0xf4,0x00,0x00,0xe0,0xfd,0x00,0x00,0x00,0x00,
    0x00,0x00,0x00,0x00,0x00,0x00,0x00,0x00,0x00,0x00,0xe0,0xfb,0x00,0x00,0x00,0x00,0x00,0x00,0x00,0x00,0x00,0x00,0x00,0x00,
    0x00,0x00,0x00,0x00,0x00,0x00,0x00,0x00,0x00,0x00,0x00,0x00,0x00,0x00,0x00,0x00,0x00,0x00,0x00,0x00,0x00,0x00,0x00,0x00,
    0x00,0x00,0x00,0x00,0x00,0x00,0x00,0x00,0x00,0x00,0x00,0x00,0x00,0x00,0x00,0x00,0x00,0x00,0x00,0x00,0x00,0x00,0x00,0x00,
    0x00,0x00,0x00,0x00,0x00,0x00,0x00,0x00,0x00,0x00,0x00,0x00,0x00,0x00,0xe0,0xff,0x00,0x00,0xc1,0xf4,0xe0,0xfb,0x00,0xf8,
    0xe0,0xff,0x00,0x00,0x00,0x00,0x00,0x00,0x00,0x00,0x00,0x00,0xe0,0xfd,0x00,0x00,0xe1,0xf4,0x21,0xfd,0x21,0xfd,0xe1,0xf4,
    0x00,0x00,0xe0,0xfd,0x00,0x00,0x00,0x00,0x00,0x00,0x00,0x00,0x00,0x00,0x00,0x00,0x40,0xfd,0x00,0x00,0xc1,0xf4,0xe0,0xfb,
    0x00,0x00,0x00,0xf8,0x00,0x00,0x00,0x00,0x00,0x00,0x00,0x00,0x00,0x00,0x00,0x00,0x00,0x00,0x00,0x00,0x00,0x00,0x00,0x00,
    0x00,0x00,0x00,0x00,0x00,0x00,0x00,0x00,0x00,0x00,0x00,0x00,0x00,0x00,0x00,0x00,0x00,0x00,0x00,0x00,0x00,0x00,0x00,0x00,
    0x00,0x00,0x00,0x00,0x00,0x00,0x00,0x00,0x00,0x00,0x00,0x00,0x00,0x00,0x00,0x00,0x00,0x00,0x00,0x00,0xe0,0xff,0x00,0x00,
    0xe1,0xf4,0x61,0xfd,0xe1,0xf4,0x00,0x00,0x40,0xfd,0xe0,0xff,0x00,0x00,0x00,0x00,0x00,0x00,0x00,0x00,0xe0,0xfd,0x00,0x00,
    0xe1,0xf4,0x61,0xfd,0x61,0xfd,0xe1,0xf4,0x00,0x00,0xe0,0xfd,0x00,0x00,0x00,0x00,0x00,0x00,0x00,0x00,0x00,0x00,0xe0,0xfd,
    0x00,0x00,0xe1,0xf4,0x61,0xfd,0xe1,0xf4,0xe0,0xbb,0xe0,0xff,0x00,0x00,0x00,0x00,0x00,0x00,0x00,0x00,0x00,0x00,0x00,0x00,
    0x00,0x00,0x00,0x00,0x00,0x00,0x00,0x00,0x00,0x00,0x00,0x00,0x00,0x00,0x00,0x00,0x00,0x00,0x00,0x00,0x00,0x00,0x00,0x00,
    0x00,0x00,0x00,0x00,0x00,0x00,0x00,0x00,0x00,0x00,0x00,0x00,0x00,0x00,0x00,0x00,0x00,0x00,0x00,0x00,0x00,0x00,0x00,0x00,
    0x00,0x00,0x40,0xfd,0x00,0x00,0xe1,0xf4,0x61,0xfd,0xe1,0xf4,0x41,0xfd,0xe1,0xf4,0x00,0x00,0xe0,0xff,0xe0,0xff,0x00,0x00,
    0x00,0x00,0x00,0x00,0xe0,0xff,0x00,0x00,0xc1,0xf4,0x41,0xfd,0x41,0xfd,0xc1,0xf4,0x00,0x00,0xe0,0xff,0x00,0x00,0x00,0x00,
    0x00,0x00,0x00,0x00,0xe0,0xfd,0x00,0x00,0xe1,0xf4,0x21,0xfd,0xe1,0xf4,0x81,0xfd,0xe1,0xf4,0x00,0x00,0x40,0xfd,0x00,0x00,
    0x00,0x00,0x00,0x00,0x00,0x00,0x00,0x00,0x00,0x00,0x00,0x00,0x00,0x00,0x00,0x00,0x00,0x00,0x00,0x00,0x00,0x00,0x00,0x00,
    0x00,0x00,0x00,0x00,0x00,0x00,0x00,0x00,0x00,0x00,0x00,0x00,0x00,0x00,0x00,0x00,0x00,0x00,0x00,0x00,0x00,0x00,0x00,0x00,
    0x00,0x00,0x00,0x00,0x00,0x00,0x00,0x00,0x00,0x00,0x00,0xf8,0xe0,0xfb,0xa2,0xfc,0x01,0xfd,0x41,0xfd,0xe1,0xf4,0x41,0xfd,
    0xe1,0xf4,0x00,0x00,0xe0,0xfb,0x00,0xf8,0x00,0x00,0x00,0x00,0x00,0x00,0x00,0x00,0x00,0x00,0x00,0x00,0x00,0x00,0x00,0x00,
    0x00,0x00,0x00,0x00,0x00,0x00,0x00,0x00,0x00,0x00,0xe0,0xff,0x00,0x00,0xc1,0xf4,0x21,0xfd,0xe1,0xf4,0x21,0xfd,0x01,0xfd,
    0xe1,0xec,0xe0,0xfb,0xe0,0xff,0x00,0x00,0x00,0x00,0x00,0x00,0x00,0x00,0x00,0x00,0x00,0x00,0x00,0x00,0x00,0x00,0x00,0x00,
    0x00,0x00,0x00,0x00,0x00,0x00,0x00,0x00,0x00,0x00,0x00,0x00,0x00,0x00,0x00,0x00,0x00,0x00,0x00,0x00,0x00,0x00,0x00,0x00,
    0x00,0x00,0x00,0x00,0x00,0x00,0x00,0x00,0x00,0x00,0x00,0x00,0x00,0x00,0x00,0x00,0x00,0x00,0x00,0x00,0x00,0xf8,0x00,0x00,
    0x00,0x00,0xe1,0xf4,0x41,0xfd,0xe1,0xf4,0x61,0xfd,0xe1,0xf4,0x40,0xfd,0xe0,0xff,0x00,0x00,0x00,0x00,0x00,0x00,0x00,0x00,
    0xe0,0xfb,0xe0,0xfd,0xe0,0xfd,0xe0,0xfb,0x00,0x00,0x00,0x00,0x00,0x00,0x00,0x00,0x40,0xfd,0x00,0x00,0xe1,0xf4,0x41,0xfd,
    0xe1,0xf4,0x21,0xfd,0x01,0xfd,0xa1,0xf4,0x00,0x00,0xe0,0xff,0x00,0x00,0x00,0x00,0x00,0x00,0x00,0x00,0x00,0x00,0x00,0x00,
    0x00,0x00,0x00,0x00,0x00,0x00,0x00,0x00,0x00,0x00,0x00,0x00,0x00,0x00,0x00,0x00,0x00,0x00,0x00,0x00,0x00,0x00,0x00,0x00,
    0x00,0x00,0x00,0x00,0x00,0x00,0x00,0x00,0x00,0x00,0x00,0x00,0x00,0x00,0x00,0x00,0x00,0x00,0x00,0x00,0x00,0x00,0x00,0x00,
    0x00,0x00,0x00,0x00,0x00,0x00,0xe0,0xff,0x40,0xfd,0x00,0x00,0x01,0xf5,0x61,0xfd,0x01,0xfd,0xe1,0xf4,0xe0,0xfb,0xe0,0xfb,
    0x00,0x00,0x00,0x00,0xe0,0xff,0xe7,0xfd,0x00,0xf8,0x00,0x00,0x00,0x00,0x00,0x00,0xea,0xff,0x40,0xfd,0x00,0x00,0x00,0x00,
    0xe0,0xfb,0xe0,0xff,0xe1,0xf4,0x01,0xfd,0x61,0xfd,0x01,0xfd,0xa1,0xf4,0x00,0x00,0xe0,0xff,0x00,0x00,0x00,0x00,0x00,0x00,
    0x00,0x00,0x00,0x00,0x00,0x00,0x00,0x00,0x00,0x00,0x00,0x00,0x00,0x00,0x00,0x00,0x00,0x00,0x00,0x00,0x00,0x00,0x00,0x00,
    0x00,0x00,0x00,0x00,0x00,0x00,0x00,0x00,0x00,0x00,0x00,0x00,0x00,0x00,0x00,0x00,0x00,0x00,0x00,0x00,0x00,0x00,0x00,0x00,
    0x00,0x00,0x00,0x00,0x00,0x00,0x00,0x00,0x00,0x00,0x00,0x00,0x00,0x00,0x00,0x00,0xe0,0xff,0xe0,0xff,0x00,0x00,0x01,0xf5,
    0xe1,0xf4,0x00,0x00,0xe0,0xfb,0x00,0x00,0x00,0x00,0x40,0xfd,0x00,0x00,0x00,0x00,0x00,0x00,0x63,0xfe,0xe5,0xfe,0x40,0xfd,
    0x00,0x00,0x00,0x00,0xe0,0xfb,0xe0,0xff,0x00,0x00,0xe0,0xfb,0x00,0x00,0xc1,0xec,0x21,0xfd,0x61,0xec,0x00,0x00,0xe0,0xff,
    0x00,0x00,0x00,0x00,0x00,0x00,0x00,0x00,0x00,0x00,0x00,0x00,0x00,0x00,0x00,0x00,0x00,0x00,0x00,0x00,0x00,0x00,0x00,0x00,
    0x00,0x00,0x00,0x00,0x00,0x00,0x00,0x00,0x00,0x00,0x00,0x00,0x00,0x00,0x00,0x00,0x00,0x00,0x00,0x00,0x00,0x00,0x00,0x00,
    0x00,0x00,0x00,0x00,0x00,0x00,0x00,0x00,0x00,0x00,0x00,0x00,0x00,0x00,0x00,0x00,0x00,0x00,0x00,0x00,0x00,0x00,0x00,0x00,
    0x00,0x00,0x00,0xf8,0x00,0xf8,0x00,0x00,0x00,0x00,0xe0,0xfb,0x00,0x00,0x00,0xf8,0xe0,0xfb,0x00,0x00,0xe4,0xfd,0x24,0xfe,
    0x04,0xfe,0xe4,0xfd,0x04,0xfe,0x04,0xfe,0x24,0xfe,0x24,0xfe,0x00,0x00,0x00,0x00,0xe0,0xfb,0x00,0x00,0xe0,0xfb,0x00,0x00,
    0x00,0x00,0x00,0x00,0xe0,0xff,0x00,0x00,0x00,0x00,0x00,0x00,0x00,0x00,0x00,0x00,0x00,0x00,0x00,0x00,0x00,0x00,0x00,0x00,
    0x00,0x00,0x00,0x00,0x00,0x00,0x00,0x00,0x00,0x00,0x00,0x00,0x00,0x00,0x00,0x00,0x00,0x00,0x00,0x00,0x00,0x00,0x00,0x00,
    0x00,0x00,0x00,0x00,0x00,0x00,0x00,0x00,0x00,0x00,0x00,0x00,0x00,0x00,0x00,0x00,0x00,0x00,0x00,0x00,0x00,0x00,0x00,0x00,
    0x00,0x00,0x00,0x00,0x00,0x00,0x00,0x00,0x00,0x00,0x00,0x00,0x00,0x00,0xe0,0xfb,0xe0,0xfb,0x00,0x00,0x00,0xf8,0xe0,0xff,
    0x00,0x00,0x04,0xfe,0x24,0xfe,0x64,0xfe,0x24,0xfe,0x04,0xfe,0x04,0xfe,0x24,0xfe,0x44,0xfe,0x44,0xfe,0x24,0xfe,0xc3,0xf5,
    0x00,0x00,0xe0,0xfb,0x00,0x00,0xe0,0xfb,0xe0,0xff,0xe0,0xff,0x00,0x00,0x00,0x00,0x00,0x00,0x00,0x00,0x00,0x00,0x00,0x00,
    0x00,0x00,0x00,0x00,0x00,0x00,0x00,0x00,0x00,0x00,0x00,0x00,0x00,0x00,0x00,0x00,0x00,0x00,0x00,0x00,0x00,0x00,0x00,0x00,
    0x00,0x00,0x00,0x00,0x00,0x00,0x00,0x00,0x00,0x00,0x00,0x00,0x00,0x00,0x00,0x00,0x00,0x00,0x00,0x00,0x00,0x00,0x00,0x00,
    0x00,0x00,0x00,0x00,0x00,0x00,0x00,0x00,0x00,0x00,0x00,0x00,0x00,0x00,0x00,0x00,0x00,0x00,0x00,0x00,0x00,0x00,0x00,0x00,
    0x00,0x00,0x00,0x00,0x40,0xfd,0xe0,0xff,0x04,0xfe,0x85,0xfe,0xe4,0xfd,0xe4,0xfd,0xe4,0xfd,0xe4,0xfd,0xe4,0xfd,0xe4,0xfd,
    0xe4,0xfd,0xe4,0xfd,0x64,0xfe,0x04,0xfe,0xc5,0xf5,0xe0,0xff,0xe0,0xff,0x00,0x00,0x00,0x00,0x00,0x00,0x00,0x00,0x00,0x00,
    0x00,0x00,0x00,0x00,0x00,0x00,0x00,0x00,0x00,0x00,0x00,0x00,0x00,0x00,0x00,0x00,0x00,0x00,0x00,0x00,0x00,0x00,0x00,0x00,
    0x00,0x00,0x00,0x00,0x00,0x00,0x00,0x00,0x00,0x00,0x00,0x00,0x00,0x00,0x00,0x00,0x00,0x00,0x00,0x00,0x00,0x00,0x00,0x00,
    0x00,0x00,0x00,0x00,0x00,0x00,0x00,0x00,0x00,0x00,0x00,0x00,0x00,0x00,0x00,0x00,0x00,0x00,0x00,0x00,0x00,0x00,0x00,0x00,
    0x00,0x00,0x00,0x00,0x00,0x00,0x00,0x00,0x00,0x00,0x40,0xfd,0x00,0x00,0xe4,0xfd,0x85,0xfe,0xe4,0xfd,0xe4,0xfd,0xe4,0xfd,
    0xe4,0xfd,0xe4,0xfd,0xe4,0xfd,0xe4,0xfd,0xe4,0xfd,0xe4,0xfd,0xe4,0xfd,0x64,0xfe,0xe4,0xfd,0xe0,0xfb,0xe0,0xff,0x00,0x00,
    0x00,0x00,0x00,0x00,0x00,0x00,0x00,0x00,0x00,0x00,0x00,0x00,0x00,0x00,0x00,0x00,0x00,0x00,0x00,0x00,0x00,0x00,0x00,0x00,
    0x00,0x00,0x00,0x00,0x00,0x00,0x00,0x00,0x00,0x00,0x00,0x00,0x00,0x00,0x00,0x00,0x00,0x00,0x00,0x00,0x00,0x00,0x00,0x00,
    0x00,0x00,0x00,0x00,0x00,0x00,0x00,0x00,0x00,0x00,0x00,0x00,0x00,0x00,0x00,0x00,0x00,0x00,0x00,0x00,0x00,0x00,0xe0,0xfd,
    0xe0,0xfd,0xe0,0xfd,0xe0,0xfd,0xe0,0xfd,0xe0,0xfd,0xe0,0xff,0x00,0x00,0x00,0x00,0xe0,0xff,0x00,0x00,0x04,0xfe,0x24,0xfe,
    0x04,0xfe,0xe4,0xfd,0xe4,0xfd,0xe4,0xfd,0xe4,0xfd,0xe4,0xfd,0xe4,0xfd,0xe4,0xfd,0xe4,0xfd,0xe4,0xfd,0xe4,0xfd,0xe4,0xfd,
    0x64,0xfe,0xe4,0xfd,0x00,0x00,0xe0,0xff,0x00,0x00,0x00,0x00,0x00,0x00,0x40,0xfd,0x40,0xfd,0x40,0xfd,0x40,0xfd,0x40,0xfd,
    0x40,0xfd,0x00,0xf8,0x00,0x00,0x00,0x00,0x00,0x00,0x00,0x00,0x00,0x00,0x00,0x00,0x00,0x00,0x00,0x00,0x00,0x00,0x00,0x00,
    0x00,0x00,0x00,0x00,0x00,0x00,0x00,0x00,0x00,0x00,0x00,0x00,0x00,0x00,0x00,0x00,0x00,0x00,0x00,0x00,0x00,0x00,0x00,0x00,
    0x00,0x00,0x00,0x00,0x00,0x00,0x00,0x00,0x00,0x00,0x00,0x00,0x00,0x00,0x00,0x00,0x00,0x00,0x00,0x00,0x00,0x00,0x00,0x00,
    0xe7,0xfd,0x00,0x00,0xe4,0xfd,0x64,0xfe,0xe4,0xfd,0xe4,0xfd,0xe4,0xfd,0xe4,0xfd,0xe4,0xfd,0xe4,0xfd,0xe4,0xfd,0xe4,0xfd,
    0xe4,0xfd,0xe4,0xfd,0xe4,0xfd,0xe4,0xfd,0x24,0xfe,0xe4,0xfd,0xe0,0xfb,0xe0,0xff,0x00,0x00,0x00,0x00,0x00,0x00,0x00,0x00,
    0x00,0x00,0x00,0x00,0x00,0x00,0x00,0x00,0x00,0x00,0x00,0x00,0x00,0x00,0x00,0x00,0x00,0x00,0x00,0x00,0x00,0x00,0x00,0x00,
    0x00,0x00,0x00,0x00,0x00,0x00,0x00,0x00,0x00,0x00,0x00,0x00,0x00,0x00,0x00,0x00,0x00,0x00,0x00,0x00,0x00,0x00,0x00,0x00,
    0x00,0x00,0x00,0x00,0x00,0x00,0x00,0x00,0xe0,0xff,0x00,0x00,0x63,0xe4,0xe1,0xf4,0x01,0xfd,0xe1,0xf4,0xe1,0xf4,0xe1,0xf4,
    0x21,0xfd,0x01,0xf5,0x00,0x00,0xe0,0xfb,0xe0,0xff,0xe7,0xfd,0xe4,0xfd,0x24,0xfe,0xe4,0xfd,0xe4,0xfd,0xe4,0xfd,0xe4,0xfd,
    0xe4,0xfd,0xe4,0xfd,0xe4,0xfd,0xe4,0xfd,0xe4,0xfd,0xe4,0xfd,0xe4,0xfd,0xe4,0xfd,0x04,0xfe,0x04,0xfe,0xc4,0xf5,0x00,0x00,
    0xe0,0xff,0x1f,0x00,0xeb,0xbc,0xe2,0xf4,0x00,0xfd,0xe0,0xfc,0xe0,0xfc,0xe0,0xf4,0x22,0xfd,0xc6,0xdc,0xff,0xff,0xe0,0xff,
    0x00,0x00,0x00,0x00,0x00,0x00,0x00,0x00,0x00,0x00,0x00,0x00,0x00,0x00,0x00,0x00,0x00,0x00,0x00,0x00,0x00,0x00,0x00,0x00,
    0x00,0x00,0x00,0x00,0x00,0x00,0x00,0x00,0x00,0x00,0x00,0x00,0x00,0x00,0x00,0x00,0xe0,0xff,0x00,0x00,0xc1,0xf4,0xe1,0xf4,
    0x41,0xfd,0x21,0xfd,0x21,0xfd,0x21,0xfd,0x61,0xfd,0xe1,0xf4,0x00,0x00,0xe0,0xfd,0x00,0x00,0xa3,0xf5,0xe4,0xfd,0x04,0xfe,
    0xe4,0xfd,0xe4,0xfd,0xe4,0xfd,0xe4,0xfd,0xe4,0xfd,0xe4,0xfd,0xe4,0xfd,0xe4,0xfd,0xe4,0xfd,0xe4,0xfd,0xe4,0xfd,0xe4,0xfd,
    0xe4,0xfd,0x44,0xfe,0x04,0xfe,0x00,0x00,0xa9,0xdd,0x00,0x00,0xa0,0xfa,0xe0,0xfc,0x41,0xfd,0x23,0xfd,0x22,0xfd,0x22,0xfd,
    0x60,0xfd,0xe0,0xfc,0x00,0x00,0x89,0xb4,0x00,0x00,0x00,0x00,0x00,0x00,0x00,0x00,0x00,0x00,0x00,0x00,0x00,0x00,0x00,0x00,
    0x00,0x00,0x00,0x00,0x00,0x00,0x00,0x00,0x00,0x00,0x00,0x00,0x00,0x00,0x00,0x00,0x00,0x00,0x00,0x00,0x00,0x00,0x00,0x00,
    0xe0,0xff,0x00,0x00,0xc1,0xf4,0xe1,0xf4,0x41,0xfd,0x21,0xfd,0x21,0xfd,0x21,0xfd,0x61,0xfd,0xe1,0xf4,0x00,0x00,0xe0,0xfd,
    0x00,0x00,0xc3,0xf5,0x04,0xfe,0x04,0xfe,0xe4,0xfd,0xe4,0xfd,0xe4,0xfd,0xe4,0xfd,0xe4,0xfd,0xe4,0xfd,0xe4,0xfd,0xe4,0xfd,
    0xe4,0xfd,0xe4,0xfd,0xe4,0xfd,0xe4,0xfd,0xe4,0xfd,0x44,0xfe,0xe4,0xfd,0x55,0xad,0x00,0x00,0xd9,0x64,0x35,0xa5,0x2f,0xbd,
    0x14,0xa5,0x16,0x9d,0x15,0x9d,0x15,0x9d,0x30,0xbd,0x32,0xad,0x17,0x95,0x00,0x00,0xff,0xff,0xff,0xff,0x00,0x00,0x00,0x00,
    0x00,0x00,0x00,0x00,0x00,0x00,0x00,0x00,0x00,0x00,0x00,0x00,0x00,0x00,0x00,0x00,0x00,0x00,0x00,0x00,0x00,0x00,0x00,0x00,
    0x00,0x00,0x00,0x00,0x00,0x00,0x00,0x00,0xe0,0xff,0x00,0x00,0x63,0xe4,0xe1,0xf4,0x01,0xfd,0xe1,0xf4,0xe1,0xf4,0xe1,0xf4,
    0x21,0xfd,0x01,0xf5,0x00,0x00,0xe0,0xfb,0xe0,0xff,0xe3,0xfd,0xe4,0xfd,0x24,0xfe,0xe4,0xfd,0xe4,0xfd,0xe4,0xfd,0xe4,0xfd,
    0xe4,0xfd,0xe4,0xfd,0xe4,0xfd,0xe4,0xfd,0xe4,0xfd,0xe4,0xfd,0xe4,0xfd,0xe4,0xfd,0xe4,0xfd,0x04,0xfe,0xe5,0xfd,0x00,0x00,
    0x16,0x95,0x57,0x9d,0x78,0x9d,0x38,0x8d,0x17,0x95,0x17,0x95,0x17,0x95,0x17,0x95,0x18,0x8d,0x78,0x9d,0x37,0x9d,0x37,0x95,
    0x00,0x00,0x00,0x00,0xef,0x7b,0x00,0x00,0x00,0x00,0x00,0x00,0x00,0x00,0x00,0x00,0x00,0x00,0x00,0x00,0x00,0x00,0x00,0x00,
    0x00,0x00,0x00,0x00,0x00,0x00,0x00,0x00,0x00,0x00,0x00,0x00,0x00,0x00,0x00,0x00,0x00,0x00,0x00,0x00,0x00,0x00,0x00,0x00,
    0x00,0x00,0x00,0x00,0x00,0x00,0x00,0x00,0x00,0x00,0x00,0x00,0x00,0x00,0x00,0x00,0xea,0xff,0x00,0x00,0xe4,0xfd,0x64,0xfe,
    0xe4,0xfd,0xe4,0xfd,0xe4,0xfd,0xe4,0xfd,0xe4,0xfd,0xe4,0xfd,0xe4,0xfd,0xe4,0xfd,0xe4,0xfd,0xe4,0xfd,0xe4,0xfd,0xe4,0xfd,
    0x24,0xfe,0xe4,0xfd,0x00,0x00,0x17,0x95,0x78,0x9d,0x57,0x9d,0x16,0x95,0x16,0x95,0x16,0x95,0x16,0x95,0x16,0x95,0x16,0x95,
    0x16,0x95,0x16,0x95,0x37,0x95,0x78,0xa5,0x37,0x95,0xd5,0x8c,0x00,0x00,0xef,0x7b,0x00,0x00,0x00,0x00,0x00,0x00,0x00,0x00,
    0x00,0x00,0x00,0x00,0x00,0x00,0x00,0x00,0x00,0x00,0x00,0x00,0x00,0x00,0x00,0x00,0x00,0x00,0x00,0x00,0x00,0x00,0x00,0x00,
    0x00,0x00,0x00,0x00,0x00,0x00,0xe0,0xfd,0xe0,0xfd,0xe0,0xfd,0xe0,0xfd,0xe0,0xfd,0xe0,0xfd,0xe0,0xff,0x00,0x00,0x00,0x00,
    0x40,0xfd,0x00,0x00,0xe4,0xfd,0x44,0xfe,0xe4,0xfd,0xe4,0xfd,0xe4,0xfd,0xe4,0xfd,0xe4,0xfd,0xe4,0xfd,0xe4,0xfd,0xe4,0xfd,
    0xe4,0xfd,0xe4,0xfd,0xe4,0xfd,0xe4,0xfd,0x65,0xfe,0x02,0xfe,0xf9,0x84,0xb9,0xa5,0x17,0x95,0x16,0x95,0x17,0x95,0x17,0x95,
    0x17,0x95,0x17,0x95,0x17,0x95,0x17,0x95,0x17,0x95,0x17,0x95,0x16,0x95,0x16,0x95,0x98,0xa5,0x37,0x95,0x17,0x95,0xef,0x7b,
    0xff,0xff,0x00,0x00,0x00,0x00,0x00,0x00,0x00,0x00,0x00,0x00,0x00,0x00,0x00,0x00,0x00,0x00,0x00,0x00,0x00,0x00,0x00,0x00,
    0x00,0x00,0x00,0x00,0x00,0x00,0x00,0x00,0x00,0x00,0x00,0x00,0x00,0x00,0x00,0x00,0x00,0x00,0x00,0x00,0x00,0x00,0x00,0x00,
    0x00,0x00,0x00,0x00,0x00,0x00,0x00,0x00,0x00,0x00,0x40,0xfd,0x00,0x00,0xe4,0xfd,0x85,0xfe,0xe4,0xfd,0xe4,0xfd,0xe4,0xfd,
    0xe4,0xfd,0xe4,0xfd,0xe4,0xfd,0xe4,0xfd,0xe4,0xfd,0xe4,0xfd,0xe4,0xfd,0x65,0xfe,0x02,0xfe,0x15,0x95,0x99,0xa5,0x16,0x95,
    0x17,0x95,0x17,0x95,0x17,0x95,0x17,0x95,0x17,0x95,0x17,0x95,0x17,0x95,0x17,0x95,0x17,0x95,0x17,0x95,0x17,0x95,0x17,0x95,
    0x16,0x95,0x98,0xa5,0x17,0x95,0x00,0x00,0x55,0xad,0x00,0x00,0x00,0x00,0x00,0x00,0x00,0x00,0x00,0x00,0x00,0x00,0x00,0x00,
    0x00,0x00,0x00,0x00,0x00,0x00,0x00,0x00,0x00,0x00,0x00,0x00,0x00,0x00,0x00,0x00,0x00,0x00,0x00,0x00,0x00,0x00,0x00,0x00,
    0x00,0x00,0x00,0x00,0x00,0x00,0x00,0x00,0x00,0x00,0x00,0x00,0x00,0x00,0x00,0x00,0x00,0x00,0xe0,0xff,0xe0,0xff,0xc3,0xf5,
    0x04,0xfe,0x64,0xfe,0xe4,0xfd,0xe4,0xfd,0xe4,0xfd,0xe4,0xfd,0xe4,0xfd,0x04,0xfe,0xe4,0xfd,0xe4,0xfd,0x24,0xfe,0x23,0xfe,
    0x6d,0xc5,0x38,0x95,0x37,0x9d,0x16,0x95,0x17,0x95,0x17,0x95,0x17,0x95,0x17,0x95,0x17,0x95,0x17,0x95,0x17,0x95,0x17,0x95,
    0x17,0x95,0x17,0x95,0x17,0x95,0x17,0x95,0x17,0x95,0x16,0x95,0x78,0x9d,0x16,0x95,0x00,0x00,0x55,0xad,0x00,0x00,0x00,0x00,
    0x00,0x00,0x00,0x00,0x00,0x00,0x00,0x00,0x00,0x00,0x00,0x00,0x00,0x00,0x00,0x00,0x00,0x00,0x00,0x00,0x00,0x00,0x00,0x00,
    0x00,0x00,0x00,0x00,0x00,0x00,0x00,0x00,0x00,0x00,0x00,0x00,0x00,0x00,0x00,0x00,0x00,0x00,0x00,0x00,0x00,0x00,0x40,0xfd,
    0xe0,0xfb,0x00,0x00,0xe0,0xfb,0x00,0x00,0x43,0xf5,0x04,0xfe,0x64,0xfe,0x24,0xfe,0x04,0xfe,0x05,0xfe,0xe4,0xfd,0xe2,0xfd,
    0xe3,0xfd,0x26,0xfe,0x46,0xfe,0x69,0xfe,0x18,0x8d,0x78,0xa5,0x16,0x95,0x17,0x95,0x17,0x95,0x17,0x95,0x17,0x95,0x17,0x95,
    0x17,0x95,0x17,0x95,0x17,0x95,0x17,0x95,0x17,0x95,0x17,0x95,0x17,0x95,0x17,0x95,0x17,0x95,0x16,0x95,0x37,0x9d,0x37,0x95,
    0x56,0x9d,0xff,0x07,0xff,0xff,0x00,0x00,0x00,0x00,0x00,0x00,0x00,0x00,0x00,0x00,0x00,0x00,0x00,0x00,0x00,0x00,0x00,0x00,
    0x00,0x00,0x00,0x00,0x00,0x00,0x00,0x00,0x00,0x00,0x00,0x00,0x00,0x00,0x00,0x00,0x00,0x00,0x00,0x00,0x00,0x00,0x00,0x00,
    0x00,0x00,0x00,0x00,0xe0,0xfb,0x00,0x00,0x00,0x00,0xe0,0xfb,0x00,0x00,0xe0,0xfb,0x00,0x00,0x00,0x00,0x04,0xfe,0x24,0xfe,
    0x04,0xfe,0xc2,0xfd,0x06,0xfe,0x90,0xee,0xf7,0xee,0x3c,0xe7,0x5e,0xe7,0xfd,0xd6,0x57,0x9d,0x16,0x95,0x17,0x95,0x17,0x95,
    0x17,0x95,0x17,0x95,0x17,0x95,0x17,0x95,0x17,0x95,0x17,0x95,0x17,0x95,0x17,0x95,0x17,0x95,0x17,0x95,0x17,0x95,0x17,0x95,
    0x37,0x95,0x37,0x95,0x16,0x95,0x78,0x9d,0x16,0x95,0xff,0xff,0xfb,0xbd,0xff,0xff,0x00,0x00,0x00,0x00,0x00,0x00,0x00,0x00,
    0x00,0x00,0x00,0x00,0x00,0x00,0x00,0x00,0x00,0x00,0x00,0x00,0x00,0x00,0x00,0x00,0x00,0x00,0x00,0x00,0x00,0x00,0x00,0x00,
    0x00,0x00,0x00,0x00,0x00,0x00,0x00,0x00,0x00,0x00,0xe0,0xfd,0x00,0x00,0xe1,0xf4,0xc1,0xf4,0x00,0x00,0xe0,0xfb,0x00,0x00,
    0xe0,0xff,0x00,0xf8,0x00,0x00,0x00,0x00,0x22,0xfe,0xf4,0xee,0x5c,0xef,0x5f,0xdf,0x5f,0xe7,0x3e,0xe7,0x9f,0xef,0x7b,0xc6,
    0xf6,0x8c,0x37,0x95,0x17,0x95,0x17,0x95,0x17,0x95,0x17,0x95,0x17,0x95,0x17,0x95,0x17,0x95,0x17,0x95,0x17,0x95,0x17,0x95,
    0x17,0x95,0x17,0x95,0x37,0x95,0x16,0x95,0xf6,0x8c,0xf6,0x8c,0x37,0x95,0x98,0xa5,0x37,0x9d,0x00,0x00,0x00,0x00,0x00,0x00,
    0xff,0xff,0x00,0x00,0x00,0x00,0x00,0x00,0x00,0x00,0x00,0x00,0x00,0x00,0x00,0x00,0x00,0x00,0x00,0x00,0x00,0x00,0x00,0x00,
    0x00,0x00,0x00,0x00,0x00,0x00,0x00,0x00,0x00,0x00,0x00,0x00,0x00,0x00,0x00,0x00,0xe0,0xfd,0x00,0x00,0xe1,0xf4,0x41,0xfd,
    0x01,0xfd,0xe1,0xf4,0xe0,0xff,0xe0,0xfb,0x00,0x00,0xef,0xff,0xe7,0xfd,0x3c,0xe7,0x7f,0xe7,0x9f,0xe7,0x5e,0xe7,0x3d,0xe7,
    0x3d,0xe7,0x3d,0xe7,0x5e,0xe7,0xb8,0xad,0xf6,0x94,0x37,0x95,0x17,0x95,0x17,0x95,0x17,0x95,0x17,0x95,0x17,0x95,0x17,0x95,
    0x17,0x95,0x17,0x95,0x17,0x95,0x17,0x95,0x17,0x95,0x37,0x95,0xf6,0x8c,0x37,0x95,0xf9,0xb5,0x9b,0xce,0x1d,0xdf,0x3d,0xdf,
    0x3d,0xdf,0x7e,0xe7,0x9f,0xef,0x5e,0xe7,0x00,0x00,0xff,0xff,0x00,0x00,0x00,0x00,0x00,0x00,0x00,0x00,0x00,0x00,0x00,0x00,
    0x00,0x00,0x00,0x00,0x00,0x00,0x00,0x00,0x00,0x00,0x00,0x00,0x00,0x00,0x00,0x00,0x00,0x00,0x00,0x00,0x00,0x00,0x40,0xfd,
    0x00,0x00,0xe1,0xf4,0x21,0xfd,0xe1,0xf4,0x61,0xfd,0xe1,0xf4,0xe0,0xbb,0x40,0xfd,0xe0,0xff,0xff,0xff,0xff,0xff,0x5e,0xe7,
    0xff,0xff,0x3d,0xe7,0x5d,0xe7,0x5e,0xe7,0x5e,0xe7,0x5e,0xe7,0x3d,0xdf,0x57,0x9d,0x16,0x95,0x17,0x95,0x17,0x95,0x17,0x95,
    0x17,0x95,0x17,0x95,0x17,0x95,0x17,0x95,0x17,0x95,0x17,0x95,0x17,0x95,0x17,0x95,0x37,0x95,0xf6,0x8c,0xb8,0xad,0xfd,0xde,
    0x7e,0xef,0x7e,0xe7,0x5e,0xe7,0x5e,0xe7,0x5e,0xe7,0xbf,0xef,0xdf,0xf7,0x7e,0xef,0x5e,0xe7,0x00,0x00,0xff,0xff,0xff,0xff,
    0x00,0x00,0x00,0x00,0x00,0x00,0x00,0x00,0x00,0x00,0x00,0x00,0x00,0x00,0x00,0x00,0x00,0x00,0x00,0x00,0x00,0x00,0x00,0x00,
    0x00,0x00,0x00,0x00,0xe0,0xff,0x00,0x00,0xe1,0xf4,0x21,0xfd,0xe1,0xf4,0x41,0xfd,0x01,0xf5,0xc1,0xf4,0xe0,0xff,0xe0,0xff,
    0xff,0xff,0x00,0x00,0x5d,0xe7,0xdf,0xf7,0x3d,0xe7,0x5e,0xe7,0x5e,0xe7,0x5e,0xe7,0x5e,0xe7,0x5e,0xe7,0x3d,0xdf,0x37,0x9d,
    0x16,0x95,0x17,0x95,0x17,0x95,0x17,0x95,0x17,0x95,0x17,0x95,0x17,0x95,0x17,0x95,0x17,0x95,0x17,0x95,0x17,0x95,0x37,0x95,
    0xf6,0x8c,0xf9,0xb5,0x7e,0xe7,0x5e,0xe7,0x3d,0xe7,0x3d,0xe7,0x5e,0xe7,0x5e,0xe7,0x3d,0xe7,0x3d,0xe7,0x3d,0xe7,0x5e,0xe7,
    0xff,0xf7,0x3e,0xe7,0xff,0xff,0xff,0xff,0x00,0x00,0x00,0x00,0x00,0x00,0x00,0x00,0x00,0x00,0x00,0x00,0x00,0x00,0x00,0x00,
    0x00,0x00,0x00,0x00,0x00,0x00,0x00,0x00,0x00,0x00,0x40,0xfd,0x00,0x00,0xe1,0xf4,0x61,0xfd,0xe1,0xf4,0x21,0xfd,0x01,0xfd,
    0xa1,0xf4,0x00,0x00,0xe0,0xff,0xff,0xff,0xff,0xff,0x3e,0xe7,0x5e,0xe7,0x7e,0xe7,0x3d,0xe7,0x5e,0xe7,0x5e,0xe7,0x5e,0xe7,
    0x5e,0xe7,0x5e,0xe7,0x3d,0xdf,0x37,0x9d,0x16,0x95,0x17,0x95,0x17,0x95,0x17,0x95,0x17,0x95,0x17,0x95,0x17,0x95,0x17,0x95,
    0x17,0x95,0x17,0x95,0x37,0x95,0xf6,0x8c,0xb8,0xad,0x7e,0xe7,0x5e,0xe7,0x3d,0xe7,0x5e,0xe7,0x5e,0xe7,0x5e,0xe7,0x5e,0xe7,
    0x5e,0xe7,0x5e,0xe7,0x5e,0xe7,0x3d,0xe7,0x5e,0xe7,0xff,0xff,0x3d,0xdf,0x00,0x00,0xff,0xff,0x00,0x00,0x00,0x00,0x00,0x00,
    0x00,0x00,0x00,0x00,0x00,0x00,0x00,0x00,0x00,0x00,0x00,0x00,0x00,0x00,0x00,0x00,0x00,0x00,0x00,0xf8,0xe0,0xfb,0x42,0xfd,
    0x01,0xfd,0x81,0xfd,0x01,0xfd,0x61,0xe4,0x00,0x00,0xe0,0xff,0x00,0x00,0xff,0xff,0x00,0x00,0x3d,0xe7,0xdf,0xf7,0x3d,0xe7,
    0x5e,0xe7,0x5e,0xe7,0x5e,0xe7,0x5e,0xe7,0x5e,0xe7,0x5e,0xe7,0x3d,0xdf,0x57,0x9d,0x16,0x95,0x17,0x95,0x17,0x95,0x17,0x95,
    0x17,0x95,0x17,0x95,0x17,0x95,0x17,0x95,0x17,0x95,0x17,0x95,0x17,0x95,0x37,0x95,0xfd,0xde,0x5e,0xe7,0x3d,0xe7,0x5e,0xe7,
    0x5e,0xe7,0x5e,0xe7,0x5e,0xe7,0x5e,0xe7,0x5e,0xe7,0x5e,0xe7,0x5e,0xe7,0x5e,0xe7,0x3d,0xe7,0x5e,0xe7,0x7e,0xef,0x3e,0xe7,
    0x00,0x00,0xff,0xff,0x00,0x00,0x00,0x00,0x00,0x00,0x00,0x00,0x00,0x00,0x00,0x00,0x00,0x00,0x00,0x00,0x00,0x00,0x00,0x00,
    0x00,0x00,0x00,0x00,0x00,0xf8,0x00,0x00,0x00,0x00,0x01,0xf5,0xc1,0xec,0x00,0x00,0xe0,0xff,0x00,0x00,0x00,0x00,0xff,0xff,
    0xf7,0xbd,0x5d,0xe7,0xbf,0xef,0x3d,0xe7,0x5e,0xe7,0x5e,0xe7,0x5e,0xe7,0x5e,0xe7,0x5e,0xe7,0x3d,0xe7,0x5e,0xe7,0x98,0xa5,
    0xf6,0x94,0x37,0x95,0x17,0x95,0x17,0x95,0x17,0x95,0x17,0x95,0x17,0x95,0x17,0x95,0x17,0x95,0x37,0x95,0xf6,0x8c,0xf9,0xb5,
    0x7e,0xef,0x3d,0xe7,0x5e,0xe7,0x5e,0xe7,0x5e,0xe7,0x5e,0xe7,0x5e,0xe7,0x5e,0xe7,0x5e,0xe7,0x5e,0xe7,0x5e,0xe7,0x5e,0xe7,
    0x5e,0xe7,0x3d,0xe7,0xdf,0xf7,0x3d,0xe7,0x00,0x00,0xff,0xff,0x00,0x00,0x00,0x00,0x00,0x00,0x00,0x00,0x00,0x00,0x00,0x00,
    0x00,0x00,0x00,0x00,0x00,0x00,0x00,0x00,0x00,0x00,0x00,0x00,0x00,0x00,0x00,0x00,0xe0,0xff,0x00,0x00,0x00,0x00,0xe0,0xff,
    0x00,0x00,0x00,0x00,0xff,0xff,0xff,0xff,0xff,0xff,0x5e,0xe7,0x7e,0xe7,0x3d,0xe7,0x5e,0xe7,0x5e,0xe7,0x5e,0xe7,0x5e,0xe7,
    0x5e,0xe7,0x3d,0xe7,0x7e,0xef,0x1a,0xb6,0xf6,0x8c,0x37,0x95,0x17,0x95,0x17,0x95,0x17,0x95,0x17,0x95,0x17,0x95,0x17,0x95,
    0x17,0x95,0x37,0x95,0xf6,0x8c,0x9b,0xce,0x7e,0xe7,0x3d,0xe7,0x5e,0xe7,0x5e,0xe7,0x5e,0xe7,0x5e,0xe7,0x5e,0xe7,0x5e,0xe7,
    0x5e,0xe7,0x5e,0xe7,0x5e,0xe7,0x5e,0xe7,0x5e,0xe7,0x3d,0xe7,0x7e,0xe7,0x5d,0xe7,0x3f,0xe7,0x00,0x00,0xff,0xff,0x00,0x00,
    0x00,0x00,0x00,0x00,0x00,0x00,0x00,0x00,0x00,0x00,0x00,0x00,0x00,0x00,0x00,0x00,0x00,0x00,0x00,0x00,0x00,0x00,0x00,0x00,
    0x00,0x00,0x40,0xfd,0xe0,0xff,0x00,0x00,0x00,0x00,0xff,0xff,0xff,0xff,0x00,0x00,0x78,0xa5,0x5e,0xe7,0x5e,0xe7,0x5e,0xe7,
    0x5e,0xe7,0x5e,0xe7,0x5e,0xe7,0x5e,0xe7,0x5e,0xe7,0x3d,0xe7,0x7e,0xe7,0xdc,0xd6,0x16,0x95,0x37,0x95,0x17,0x95,0x17,0x95,
    0x17,0x95,0x17,0x95,0x17,0x95,0x17,0x95,0x17,0x95,0x17,0x95,0x37,0x95,0x1d,0xdf,0x5e,0xe7,0x5e,0xe7,0x5e,0xe7,0x5e,0xe7,
    0x5e,0xe7,0x5e,0xe7,0x5e,0xe7,0x5e,0xe7,0x5e,0xe7,0x5e,0xe7,0x5e,0xe7,0x5e,0xe7,0x5e,0xe7,0x5e,0xe7,0x3d,0xe7,0x7e,0xef,
    0x3e,0xe7,0x00,0x00,0xff,0xff,0x00,0x00,0x00,0x00,0x00,0x00,0x00,0x00,0x00,0x00,0x00,0x00,0x00,0x00,0x00,0x00,0x00,0x00,
    0x00,0x00,0x00,0x00,0x00,0x00,0x00,0x00,0x00,0x00,0x00,0x00,0x00,0x00,0x00,0x00,0x00,0x00,0x55,0xad,0xff,0xff,0x16,0x95,
    0xb9,0xa5,0x3d,0xdf,0x5e,0xe7,0x5e,0xe7,0x5e,0xe7,0x5e,0xe7,0x5e,0xe7,0x5e,0xe7,0x5e,0xe7,0x5e,0xe7,0x5e,0xe7,0x5e,0xe7,
    0x78,0xa5,0x16,0x95,0x37,0x95,0x17,0x95,0x17,0x95,0x17,0x95,0x17,0x95,0x17,0x95,0x17,0x95,0x16,0x95,0x37,0x9d,0x3d,0xdf,
    0x5e,0xe7,0x5e,0xe7,0x5e,0xe7,0x5e,0xe7,0x5e,0xe7,0x5e,0xe7,0x5e,0xe7,0x5e,0xe7,0x5e,0xe7,0x5e,0xe7,0x5e,0xe7,0x5e,0xe7,
    0x5e,0xe7,0x5e,0xe7,0x3d,0xe7,0x9f,0xef,0x5e,0xe7,0x00,0x00,0xff,0xff,0x00,0x00,0x00,0x00,0x00,0x00,0x00,0x00,0x00,0x00,
    0x00,0x00,0x00,0x00,0x00,0x00,0x00,0x00,0x00,0x00,0x00,0x00,0x00,0x00,0x00,0x00,0x00,0x00,0x00,0x00,0x00,0x00,0x00,0x00,
    0x55,0xad,0x00,0x00,0x16,0x95,0x99,0xa5,0x16,0x95,0xdc,0xd6,0x5e,0xe7,0x3d,0xe7,0x5e,0xe7,0x5e,0xe7,0x5e,0xe7,0x5e,0xe7,
    0x5e,0xe7,0x5e,0xe7,0x3d,0xe7,0x7e,0xe7,0x9b,0xce,0xf6,0x8c,0x37,0x95,0x17,0x95,0x17,0x95,0x17,0x95,0x17,0x95,0x17,0x95,
    0x17,0x95,0x16,0x95,0x37,0x9d,0x1d,0xdf,0x5e,0xe7,0x5e,0xe7,0x5e,0xe7,0x5e,0xe7,0x5e,0xe7,0x5e,0xe7,0x5e,0xe7,0x5e,0xe7,
    0x5e,0xe7,0x5e,0xe7,0x5e,0xe7,0x5e,0xe7,0x5e,0xe7,0x5e,0xe7,0x3d,0xe7,0x9f,0xef,0x3e,0xe7,0x00,0x00,0xff,0xff,0x00,0x00,
    0x00,0x00,0x00,0x00,0x00,0x00,0x00,0x00,0x00,0x00,0x00,0x00,0x00,0x00,0x00,0x00,0x00,0x00,0x00,0x00,0x00,0x00,0x00,0x00,
    0x00,0x00,0x00,0x00,0x00,0x00,0xff,0xff,0x00,0x00,0x37,0x95,0x37,0x95,0x37,0x95,0xf6,0x8c,0x5a,0xbe,0x7e,0xef,0x3d,0xe7,
    0x5e,0xe7,0x5e,0xe7,0x5e,0xe7,0x5e,0xe7,0x5e,0xe7,0x5e,0xe7,0x5e,0xe7,0x3d,0xe7,0x7e,0xe7,0xd9,0xad,0xf6,0x8c,0x37,0x95,
    0x17,0x95,0x17,0x95,0x17,0x95,0x17,0x95,0x17,0x95,0x37,0x95,0x16,0x95,0xbc,0xce,0x7e,0xe7,0x3d,0xe7,0x5e,0xe7,0x5e,0xe7,
    0x5e,0xe7,0x5e,0xe7,0x5e,0xe7,0x5e,0xe7,0x5e,0xe7,0x5e,0xe7,0x5e,0xe7,0x5e,0xe7,0x5e,0xe7,0x3d,0xe7,0x7e,0xe7,0x5e,0xe7,
    0x3e,0xe7,0x00,0x00,0xff,0xff,0x00,0x00,0x00,0x00,0x00,0x00,0x00,0x00,0x00,0x00,0x00,0x00,0x00,0x00,0x00,0x00,0x00,0x00,
    0x00,0x00,0x00,0x00,0x00,0x00,0x00,0x00,0x00,0x00,0x00,0x00,0x00,0x00,0xf7,0xbd,0x00,0x00,0x17,0x95,0x78,0x9d,0x16,0x95,
    0x16,0x95,0x78,0xa5,0x5e,0xe7,0x5e,0xe7,0x5e,0xe7,0x5e,0xe7,0x5e,0xe7,0x5e,0xe7,0x5e,0xe7,0x5e,0xe7,0x5e,0xe7,0x5e,0xe7,
    0x5e,0xe7,0x3d,0xdf,0x98,0xa5,0xf6,0x8c,0x37,0x95,0x17,0x95,0x17,0x95,0x17,0x95,0x17,0x95,0x37,0x95,0xf6,0x8c,0x3a,0xbe,
    0x7e,0xef,0x3d,0xe7,0x5e,0xe7,0x5e,0xe7,0x5e,0xe7,0x5e,0xe7,0x5e,0xe7,0x5e,0xe7,0x5e,0xe7,0x5e,0xe7,0x5e,0xe7,0x5e,0xe7,
    0x5e,0xe7,0x3d,0xe7,0xbf,0xef,0x3d,0xe7,0x00,0x00,0xff,0xff,0x00,0x00,0x00,0x00,0x00,0x00,0x00,0x00,0x00,0x00,0x00,0x00,
    0x00,0x00,0x00,0x00,0x00,0x00,0x00,0x00,0x00,0x00,0x00,0x00,0x00,0x00,0x00,0x00,0x00,0x00,0x00,0x00,0x00,0x00,0xff,0xff,
    0xf7,0xbd,0x17,0x95,0x58,0x9d,0x16,0x95,0x37,0x95,0xf6,0x8c,0x7b,0xc6,0x7e,0xef,0x3d,0xe7,0x5e,0xe7,0x5e,0xe7,0x5e,0xe7,
    0x5e,0xe7,0x5e,0xe7,0x5e,0xe7,0x5e,0xe7,0x3d,0xe7,0x5e,0xe7,0x3d,0xdf,0x98,0xa5,0xf6,0x8c,0x16,0x95,0x17,0x95,0x17,0x95,
    0x17,0x95,0x17,0x95,0x16,0x95,0x57,0x9d,0x3d,0xe7,0x5e,0xe7,0x5e,0xe7,0x5e,0xe7,0x5e,0xe7,0x5e,0xe7,0x5e,0xe7,0x5e,0xe7,
    0x5e,0xe7,0x5e,0xe7,0x5e,0xe7,0x5e,0xe7,0x5e,0xe7,0x5e,0xe7,0xbf,0xf7,0x5e,0xe7,0x00,0x00,0xff,0xff,0x00,0x00,0x00,0x00,
    0x00,0x00,0x00,0x00,0x00,0x00,0x00,0x00,0x00,0x00,0x00,0x00,0x00,0x00,0x00,0x00,0x00,0x00,0x00,0x00,0x00,0x00,0x00,0x00,
    0x00,0x00,0x00,0x00,0xff,0xff,0x00,0x00,0x36,0x95,0x17,0x95,0x37,0x95,0x16,0x95,0x17,0x95,0x17,0x95,0x37,0x95,0x1d,0xdf,
    0x7e,0xe7,0x3d,0xe7,0x5e,0xe7,0x5e,0xe7,0x5e,0xe7,0x5e,0xe7,0x5e,0xe7,0x5e,0xe7,0x5e,0xe7,0x3d,0xe7,0x5e,0xe7,0x5e,0xe7,
    0x1a,0xb6,0x37,0x9d,0x17,0x95,0x17,0x95,0x17,0x95,0x17,0x95,0x37,0x95,0xf6,0x8c,0x19,0xb6,0x7e,0xef,0x3d,0xe7,0x5e,0xe7,
    0x5e,0xe7,0x5e,0xe7,0x5e,0xe7,0x5e,0xe7,0x5e,0xe7,0x5e,0xe7,0x5e,0xe7,0x5e,0xe7,0x3d,0xe7,0xff,0xf7,0x3d,0xdf,0x00,0x00,
    0xff,0xff,0x00,0x00,0x00,0x00,0x00,0x00,0x00,0x00,0x00,0x00,0x00,0x00,0x00,0x00,0x00,0x00,0x00,0x00,0x00,0x00,0x00,0x00,
    0x00,0x00,0x00,0x00,0x00,0x00,0x00,0x00,0x00,0x00,0x00,0x00,0xff,0xff,0x00,0x00,0x57,0x9d,0x16,0x95,0x37,0x95,0x16,0x95,
    0x17,0x95,0x37,0x95,0x16,0x95,0x98,0xa5,0x3d,0xdf,0x7e,0xe7,0x3d,0xe7,0x3d,0xe7,0x5e,0xe7,0x5e,0xe7,0x5e,0xe7,0x5e,0xe7,
    0x5e,0xe7,0x3d,0xe7,0x3d,0xe7,0x5e,0xe7,0x7e,0xef,0xb9,0xad,0x16,0x95,0x37,0x95,0x17,0x95,0x17,0x95,0x17,0x95,0x37,0x95,
    0x16,0x95,0x7b,0xc6,0x7e,0xef,0x5e,0xe7,0x3d,0xe7,0x5e,0xe7,0x5e,0xe7,0x5e,0xe7,0x5e,0xe7,0x5e,0xe7,0x3d,0xe7,0x3d,0xe7,
    0xff,0xf7,0x7e,0xe7,0x1e,0xe7,0xff,0xff,0xff,0xff,0x00,0x00,0x00,0x00,0x00,0x00,0x00,0x00,0x00,0x00,0x00,0x00,0x00,0x00,
    0x00,0x00,0x00,0x00,0x00,0x00,0x00,0x00,0x00,0x00,0x00,0x00,0x00,0x00,0x00,0x00,0x00,0x00,0x00,0x00,0x00,0x00,0xff,0x07,
    0xf7,0x9c,0x17,0x95,0x57,0x9d,0x17,0x95,0x17,0x95,0x17,0x95,0x37,0x95,0x16,0x95,0x57,0x9d,0xbc,0xce,0x5e,0xe7,0x7e,0xe7,
    0x5e,0xe7,0x3e,0xe7,0x3d,0xe7,0x3d,0xe7,0x5e,0xe7,0x5e,0xe7,0x7e,0xe7,0xfd,0xd6,0x98,0xa5,0x16,0x95,0x37,0x95,0x17,0x95,
    0x17,0x95,0x17,0x95,0x17,0x95,0x17,0x95,0x17,0x95,0x16,0x95,0x3a,0xbe,0x5e,0xe7,0x7e,0xef,0x5e,0xe7,0x5e,0xe7,0x3d,0xe7,
    0x3e,0xe7,0x5e,0xe7,0x7e,0xe7,0x9f,0xef,0x5e,0xe7,0x1e,0xe7,0x00,0x00,0xff,0xff,0x00,0x00,0x00,0x00,0x00,0x00,0x00,0x00,
    0x00,0x00,0x00,0x00,0x00,0x00,0x00,0x00,0x00,0x00,0x00,0x00,0x00,0x00,0x00,0x00,0x00,0x00,0x00,0x00,0x00,0x00,0x00,0x00,
    0x00,0x00,0x00,0x00,0x00,0x00,0xff,0xaf,0x00,0x00,0x16,0x95,0x78,0x9d,0x16,0x95,0x17,0x95,0x17,0x95,0x17,0x95,0x37,0x95,
    0x16,0x95,0x16,0x95,0xb8,0xad,0xbc,0xce,0x3d,0xdf,0x5e,0xe7,0x5e,0xe7,0x5e,0xe7,0x3d,0xe7,0xdc,0xd6,0xf9,0xb5,0x17,0x95,
    0x16,0x95,0x37,0x95,0x17,0x95,0x17,0x95,0x17,0x95,0x17,0x95,0x17,0x95,0x17,0x95,0x17,0x95,0x17,0x95,0xf6,0x8c,0x98,0xa5,
    0x7b,0xc6,0x1d,0xdf,0x5e,0xe7,0x5e,0xe7,0x5e,0xe7,0x3d,0xdf,0xdc,0xd6,0xf9,0xb5,0x00,0x00,0x00,0x00,0xff,0xff,0x00,0x00,
    0x00,0x00,0x00,0x00,0x00,0x00,0x00,0x00,0x00,0x00,0x00,0x00,0x00,0x00,0x00,0x00,0x00,0x00,0x00,0x00,0x00,0x00,0x00,0x00,
    0x00,0x00,0x00,0x00,0x00,0x00,0x00,0x00,0x00,0x00,0x00,0x00,0x00,0x00,0x55,0xad,0x00,0x00,0x16,0x95,0x58,0x9d,0x16,0x95,
    0x17,0x95,0x17,0x95,0x17,0x95,0x17,0x95,0x17,0x95,0x37,0x95,0xf6,0x94,0xf6,0x94,0x57,0x9d,0xb8,0xa5,0xb8,0xad,0xb8,0xad,
    0x57,0x9d,0x16,0x95,0xf6,0x8c,0x17,0x95,0x37,0x95,0x17,0x95,0x17,0x95,0x17,0x95,0x17,0x95,0x17,0x95,0x17,0x95,0x17,0x95,
    0x17,0x95,0x17,0x95,0x37,0x95,0x16,0x95,0xf6,0x8c,0x37,0x95,0x98,0xa5,0xb8,0xad,0xb8,0xa5,0x37,0x9d,0x78,0x9d,0xd6,0x8c,
    0x00,0x00,0x79,0x9e,0x00,0x00,0x00,0x00,0x00,0x00,0x00,0x00,0x00,0x00,0x00,0x00,0x00,0x00,0x00,0x00,0x00,0x00,0x00,0x00,
    0x00,0x00,0x00,0x00,0x00,0x00,0x00,0x00,0x00,0x00,0x00,0x00,0x00,0x00,0x00,0x00,0x00,0x00,0x00,0x00,0x00,0x00,0x00,0x00,
    0x55,0xad,0x00,0x00,0x16,0x95,0x99,0xa5,0x16,0x95,0x17,0x95,0x17,0x95,0x17,0x95,0x17,0x95,0x17,0x95,0x37,0x95,0x37,0x95,
    0x16,0x95,0xf6,0x94,0xf6,0x94,0xf6,0x94,0x16,0x95,0x17,0x95,0x37,0x95,0x17,0x95,0x17,0x95,0x17,0x95,0x17,0x95,0x17,0x95,
    0x17,0x95,0x17,0x95,0x17,0x95,0x17,0x95,0x17,0x95,0x17,0x95,0x17,0x95,0x37,0x95,0x37,0x95,0x16,0x95,0x16,0x95,0xf6,0x94,
    0xf6,0x8c,0x58,0x9d,0x37,0x95,0xd9,0xad,0xff,0x7f,0xff,0xff,0x00,0x00,0x00,0x00,0x00,0x00,0x00,0x00,0x00,0x00,0x00,0x00,
    0x00,0x00,0x00,0x00,0x00,0x00,0x00,0x00,0x00,0x00,0x00,0x00,0x00,0x00,0x00,0x00,0x00,0x00,0x00,0x00,0x00,0x00,0x00,0x00,
    0x00,0x00,0x00,0x00,0x00,0x00,0x00,0x00,0xff,0xff,0xff,0x7b,0x57,0x8d,0x37,0x95,0x98,0xa5,0x16,0x95,0x17,0x95,0x17,0x95,
    0x17,0x95,0x17,0x95,0x17,0x95,0x17,0x95,0x17,0x95,0x37,0x95,0x37,0x95,0x37,0x95,0x17,0x95,0x17,0x95,0x17,0x95,0x17,0x95,
    0x17,0x95,0x17,0x95,0x17,0x95,0x17,0x95,0x17,0x95,0x17,0x95,0x17,0x95,0x17,0x95,0x17,0x95,0x17,0x95,0x17,0x95,0x17,0x95,
    0x17,0x95,0x17,0x95,0x37,0x95,0x16,0x95,0x58,0x9d,0x57,0x9d,0x16,0x95,0x00,0x00,0xff,0x7f,0x00,0x00,0x00,0x00,0x00,0x00,
    0x00,0x00,0x00,0x00,0x00,0x00,0x00,0x00,0x00,0x00,0x00,0x00,0x00,0x00,0x00,0x00,0x00,0x00,0x00,0x00,0x00,0x00,0x00,0x00,
    0x00,0x00,0x00,0x00,0x00,0x00,0x00,0x00,0x00,0x00,0x00,0x00,0x00,0x00,0x00,0x00,0x00,0x00,0xef,0x7b,0x00,0x00,0xd5,0x8c,
    0x37,0x9d,0x78,0x9d,0x58,0x9d,0x37,0x95,0x16,0x95,0x16,0x95,0x16,0x95,0x16,0x95,0x16,0x95,0x16,0x95,0x16,0x95,0x16,0x95,
    0x16,0x95,0x16,0x95,0x16,0x95,0x16,0x95,0x16,0x95,0x16,0x95,0x16,0x95,0x16,0x95,0x16,0x95,0x16,0x95,0x16,0x95,0x16,0x95,
    0x16,0x95,0x16,0x95,0x16,0x95,0x16,0x95,0x16,0x95,0x17,0x95,0x57,0x9d,0x98,0xa5,0x57,0x9d,0xf6,0x94,0x00,0x00,0x55,0xad,
    0x00,0x00,0x00,0x00,0x00,0x00,0x00,0x00,0x00,0x00,0x00,0x00,0x00,0x00,0x00,0x00,0x00,0x00,0x00,0x00,0x00,0x00,0x00,0x00,
    0x00,0x00,0x00,0x00,0x00,0x00,0x00,0x00,0x00,0x00,0x00,0x00,0x00,0x00,0x00,0x00,0x00,0x00,0x00,0x00,0x00,0x00,0x00,0x00,
    0x00,0x00,0x00,0x00,0xef,0x7b,0x00,0x00,0x00,0x00,0x37,0x95,0x37,0x95,0x37,0x95,0x58,0x9d,0x58,0x9d,0x58,0x9d,0x58,0x9d,
    0x58,0x9d,0x58,0x9d,0x58,0x9d,0x58,0x9d,0x58,0x9d,0x58,0x9d,0x58,0x9d,0x58,0x9d,0x58,0x9d,0x58,0x9d,0x58,0x9d,0x58,0x9d,
    0x58,0x9d,0x58,0x9d,0x58,0x9d,0x58,0x9d,0x58,0x9d,0x58,0x9d,0x58,0x9d,0x58,0x9d,0x58,0x9d,0x37,0x95,0x37,0x9d,0x57,0x9d,
    0xd5,0x8c,0x00,0x00,0x55,0xad,0x00,0x00,0x00,0x00,0x00,0x00,0x00,0x00,0x00,0x00,0x00,0x00,0x00,0x00,0x00,0x00,0x00,0x00,
    0x00,0x00,0x00,0x00,0x00,0x00,0x00,0x00,0x00,0x00,0x00,0x00,0x00,0x00,0x00,0x00,0x00,0x00,0x00,0x00,0x00,0x00,0x00,0x00,
    0x00,0x00,0x00,0x00,0x00,0x00,0x00,0x00,0x00,0x00,0x00,0x00,0x00,0x00,0xff,0xff,0xff,0xff,0x00,0x00,0x00,0x00,0x78,0x9d,
    0x57,0x9d,0x17,0x95,0x37,0x95,0x37,0x95,0x37,0x95,0x37,0x95,0x37,0x95,0x37,0x95,0x37,0x95,0x37,0x95,0x37,0x95,0x37,0x95,
    0x37,0x95,0x37,0x95,0x37,0x95,0x37,0x95,0x37,0x95,0x37,0x95,0x37,0x95,0x37,0x95,0x37,0x95,0x37,0x95,0x37,0x95,0x17,0x95,
    0x78,0x9d,0x78,0x9d,0x55,0xad,0x00,0x00,0x00,0x00,0xef,0x7b,0x00,0x00,0x00,0x00,0x00,0x00,0x00,0x00,0x00,0x00,0x00,0x00,
    0x00,0x00,0x00,0x00,0x00,0x00,0x00,0x00,0x00,0x00,0x00,0x00,0x00,0x00,0x00,0x00,0x00,0x00,0x00,0x00,0x00,0x00,0x00,0x00,
    0x00,0x00,0x00,0x00,0x00,0x00,0x00,0x00,0x00,0x00,0x00,0x00,0x00,0x00,0x00,0x00,0x00,0x00,0x00,0x00,0x00,0x00,0x00,0x00,
    0x00,0x00,0x55,0xad,0xff,0xff,0x00,0x00,0x00,0x00,0x00,0x00,0x00,0x00,0x00,0x00,0x00,0x00,0x00,0x00,0x00,0x00,0x00,0x00,
    0x00,0x00,0x00,0x00,0x00,0x00,0x00,0x00,0x00,0x00,0x00,0x00,0x00,0x00,0x00,0x00,0x00,0x00,0x00,0x00,0x00,0x00,0x00,0x00,
    0x00,0x00,0x00,0x00,0x00,0x00,0x00,0x00,0x00,0x00,0x00,0x00,0x00,0x00,0x5f,0xad,0xff,0xff,0x00,0x00,0x00,0x00,0x00,0x00,
    0x00,0x00,0x00,0x00,0x00,0x00,0x00,0x00,0x00,0x00,0x00,0x00,0x00,0x00,0x00,0x00,0x00,0x00,0x00,0x00,0x00,0x00,0x00,0x00,
    0x00,0x00,0x00,0x00,0x00,0x00,0x00,0x00,0x00,0x00,0x00,0x00,0x00,0x00,0x00,0x00,0x00,0x00,0x00,0x00,0x00,0x00,0x00,0x00,
    0x00,0x00,0x00,0x00,0x00,0x00,0x00,0x00,0x00,0x00,0x00,0x00,0x00,0x00,0xef,0x7b,0x55,0xad,0x55,0xad,0x55,0xad,0x55,0xad,
    0x55,0xad,0x55,0xad,0x55,0xad,0x55,0xad,0x55,0xad,0x55,0xad,0x55,0xad,0x55,0xad,0x55,0xad,0x55,0xad,0x55,0xad,0x55,0xad,
    0x55,0xad,0x55,0xad,0x55,0xad,0x55,0xad,0x55,0xad,0x55,0xad,0x55,0xad,0x55,0xad,0x55,0xad,0xff,0x7b,0x00,0x00,0x00,0x00,
    0x00,0x00,0x00,0x00,0x00,0x00,0x00,0x00,0x00,0x00,0x00,0x00,0x00,0x00,0x00,0x00,0x00,0x00,0x00,0x00,0x00,0x00,0x00,0x00,
    0x00,0x00,0x00,0x00,0x00,0x00,0x00,0x00,0x00,0x00,0x00,0x00,0x00,0x00,0x00,0x00,0x00,0x00,0x00,0x00,0x00,0x00,0x00,0x00,
    0x00,0x00,0x00,0x00,0x00,0x00,0x00,0x00,0x00,0x00,0x00,0x00,0x00,0x00,0x00,0x00,0x00,0x00,0x00,0x00,0x00,0x00,0x00,0x00,
    0x00,0x00,0x00,0x00,0x00,0x00,0x00,0x00,0x00,0x00,0x00,0x00,0x00,0x00,0x00,0x00,0x00,0x00,0x00,0x00,0x00,0x00,0x00,0x00,
    0x00,0x00,0x00,0x00,0x00,0x00,0x00,0x00,0x00,0x00,0x00,0x00,0x00,0x00,0x00,0x00,0x00,0x00,0x00,0x00,0x00,0x00,0x00,0x00,
    0x00,0x00,0x00,0x00,0x00,0x00,0x00,0x00,0x00,0x00,0x00,0x00,0x00,0x00,0x00,0x00,0x00,0x00,0x00,0x00,0x00,0x00,0x00,0x00,
    0x00,0x00,0x00,0x00,0x00,0x00,0x00,0x00,0x00,0x00,0x00,0x00,0x00,0x00,0x00,0x00,0x00,0x00,0x00,0x00,0x00,0x00,0x00,0x00,
    0x00,0x00,0x00,0x00,0x00,0x00,0x00,0x00,0x00,0x00,0x00,0x00,0x00,0x00,0x00,0x00,0x00,0x00,0x00,0x00,0x00,0x00,0x00,0x00,
    0x00,0x00,0x00,0x00,0x00,0x00,0x00,0x00,0x00,0x00,0x00,0x00,0x00,0x00,0x00,0x00,0x00,0x00,0x00,0x00,0x00,0x00,0x00,0x00,
    0x00,0x00,0x00,0x00,0x00,0x00,0x00,0x00,0x00,0x00,0x00,0x00,0x00,0x00,0x00,0x00,0x00,0x00,0x00,0x00,0x00,0x00,0x00,0x00,
    0x00,0x00,0x00,0x00,0x00,0x00,0x00,0x00,0x00,0x00,0x00,0x00,0x00,0x00,0x00,0x00,0x00,0x00,0x00,0x00,0x00,0x00,0x00,0x00,
    0x00,0x00,0x00,0x00,0x00,0x00,0x00,0x00,0x00,0x00,0x00,0x00,0x00,0x00,0x00,0x00,0x00,0x00,0x00,0x00,0x00,0x00,0x00,0x00,
    0x00,0x00,0x00,0x00,0x00,0x00,0x00,0x00,0x00,0x00,0x00,0x00,0x00,0x00,0x00,0x00,0x00,0x00,0x00,0x00,0x00,0x00,0x00,0x00,
    0x00,0x00,0x00,0x00,0x00,0x00,0x00,0x00,0x00,0x00,0x00,0x00,0x00,0x00,0x00,0x00,0x00,0x00,0x00,0x00,0x00,0x00,0x00,0x00,
    0x00,0x00,0x00,0x00,0x00,0x00,0x00,0x00,0x00,0x00,0x00,0x00,0x00,0x00,0x00,0x00,0x00,0x00,0x00,0x00,0x00,0x00,0x00,0x00,
    0x00,0x00,0x00,0x00,0x00,0x00,0x00,0x00,0x00,0x00,0x00,0x00,0x00,0x00,0x00,0x00,0x00,0x00,0x00,0x00,0x00,0x00,0x00,0x00,
    0x00,0x00,0x00,0x00,0x00,0x00,0x00,0x00,0x00,0x00,0x00,0x00,0x00,0x00,0x00,0x00,0x00,0x00,0x00,0x00,0x00,0x00,0x00,0x00,
    0x00,0x00,0x00,0x00,0x00,0x00,0x00,0x00,0x00,0x00,0x00,0x00,0x00,0x00,0x00,0x00,0x00,0x00,0x00,0x00,0x00,0x00,0x00,0x00,
    0x00,0x00,0x00,0x00,0x00,0x00,0x00,0x00,0x00,0x00,0x00,0x00,0x00,0x00,0x00,0x00,0x00,0x00,0x00,0x00,0x00,0x00,0x00,0x00,
    0x00,0x00,0x00,0x00,0x00,0x00,0x00,0x00,0x00,0x00,0x00,0x00,0x00,0x00,0x00,0x00,0x00,0x00,0x00,0x00,0x00,0x00,0x00,0x00,
    0x00,0x00,0x00,0x00,0x00,0x00,0x00,0x00,0x00,0x00,0x00,0x00,0x00,0x00,0x00,0x00,0x00,0x00,0x00,0x00,0x00,0x00,0x00,0x00,
    0x00,0x00,0x00,0x00,0x00,0x00,0x00,0x00,0x00,0x00,0x00,0x00,0x00,0x00,0x00,0x00,0x00,0x00,0x00,0x00,0x00,0x00,0x00,0x00,
    0x00,0x00,0x00,0x00,0x00,0x00,0x00,0x00,0x00,0x00,0x00,0x00,0x00,0x00,0x00,0x00,0x00,0x00,0x00,0x00,0x00,0x00,0x00,0x00,
    0x00,0x00,0x00,0x00,0x00,0x00,0x00,0x00,0x00,0x00,0x00,0x00,0x00,0x00,0x00,0x00,0x00,0x00,0x00,0x00,0x00,0x00,0x00,0x00,
    0x00,0x00,0x00,0x00,0x00,0x00,0x00,0x00,0x00,0x00,0x00,0x00,0x00,0x00,0x00,0x00,0x00,0x00,0x00,0x00,0x00,0x00,0x00,0x00,
    0x00,0x00,0x00,0x00,0x00,0x00,0x00,0x00,0x00,0x00,0x00,0x00,0x00,0x00,0x00,0x00,0x00,0x00,0x00,0x00,0x00,0x00,0x00,0x00,
    0x00,0x00,0x00,0x00,0x00,0x00,0x00,0x00,0x00,0x00,0x00,0x00,0x00,0x00,0x00,0x00,0x00,0x00,0x00,0x00,0x00,0x00,0x00,0x00,
    0x00,0x00,0x00,0x00,0x00,0x00,0x00,0x00,0x00,0x00,0x00,0x00,0x00,0x00,0x00,0x00,0x00,0x00,0x00,0x00,0x00,0x00,0x00,0x00,
    0x00,0x00,0x00,0x00,0x00,0x00,0x00,0x00,0x00,0x00,0x00,0x00,0x00,0x00,0x00,0x00,0x00,0x00,0x00,0x00,0x00,0x00,0x00,0x00,
    0x00,0x00,0x00,0x00,0x00,0x00,0x00,0x00,0x00,0x00,0x00,0x00,0x00,0x00,0x00,0x00,0x00,0x00,0x00,0x00,0x00,0x00,0x00,0x00,
    0x00,0x00,0x00,0x00,0x00,0x00,0x00,0x00,0x00,0x00,0x00,0x00,0x00,0x00,0x00,0x00,0x00,0x00,0x00,0x00,0x00,0x00,0x00,0x00,
    0x00,0x00,0x00,0x00,0x00,0x00,0x00,0x00,0x00,0x00,0x00,0x00,0x00,0x00,0x00,0x00,0x00,0x00,0x00,0x00,0x00,0x00,0x00,0x00,
    0x00,0x00,0x00,0x00,0x00,0x00,0x00,0x00,0x00,0x00,0x00,0x00,0x00,0x00,0x00,0x00,0x00,0x00,0x00,0x00,0x00,0x00,0x00,0x00,
    0x00,0x00,0x00,0x00,0x00,0x00,0x00,0x00,0x00,0x00,0x00,0x00,0x00,0x00,0x00,0x00,0x00,0x00,0x00,0x00,0x00,0x00,0x00,0x00,
    0x00,0x00,0x00,0x00,0x00,0x00,0x00,0x00,0x00,0x00,0x00,0x00,0x00,0x00,0x00,0x00,0x00,0x00,0x00,0x00,0x00,0x00,0x00,0x00,
    0x00,0x00,0x00,0x00,0x00,0x00,0x00,0x00,0x00,0x00,0x00,0x00,0x00,0x00,0x00,0x00,0x00,0x00,0x00,0x00,0x00,0x00,0x00,0x00,
    0x00,0x00,0x00,0x00,0x00,0x00,0x00,0x00,0x00,0x00,0x00,0x00,0x00,0x00,0x00,0x00,0x00,0x00,0x00,0x00,0x00,0x00,0x00,0x00,
    0x00,0x00,0x00,0x00,0x00,0x00,0x00,0x00,0x00,0x00,0x00,0x00,0x00,0x00,0x00,0x00,0x00,0x00,0x00,0x00,0x00,0x00,0x00,0x00,
    0x00,0x00,0x00,0x00,0x00,0x00,0x00,0x00,0x00,0x00,0x00,0x00,0x00,0x00,0x00,0x00,0x00,0x00,0x00,0x00,0x00,0x00,0x00,0x00,
    0x00,0x00,0x00,0x00,0x00,0x00,0x00,0x00,0x00,0x00,0x00,0x00,0x00,0x00,0x00,0x00,0x00,0x00,0x00,0x00,0x00,0x00,0x00,0x00,
    0x00,0x00,0x00,0x00,0x00,0x00,0x00,0x00,0x00,0x00,0x00,0x00,0x00,0x00,0x00,0x00,0x00,0x00,0x00,0x00,0x00,0x00,0x00,0x00,
    0x00,0x00,0x00,0x00,0x00,0x00,0x00,0x00,0x00,0x00,0x00,0x00,0x00,0x00,0x00,0x00,0x00,0x00,0x00,0x00,0x00,0x00,0x00,0x00,
    0x00,0x00,0x00,0x00,0x00,0x00,0x00,0x00,0x00,0x00,0x00,0x00,0x00,0x00,0x00,0x00,0x00,0x00,0x00,0x00,0x00,0x00,0x00,0x00,
    0x00,0x00,0x00,0x00,0x00,0x00,0x00,0x00,0x00,0x00,0x00,0x00,0x00,0x00,0x00,0x00,0x00,0x00,0x00,0x00,0x00,0x00,0x00,0x00,
    0x00,0x00,0x00,0x00,0x00,0x00,0x00,0x00,0x00,0x00,0x00,0x00,0x00,0x00,0x00,0x00,0x00,0x00,0x00,0x00,0x00,0x00,0x00,0x00,
    0x00,0x00,0x00,0x00,0x00,0x00,0x00,0x00,0x00,0x00,0x00,0x00,0x00,0x00,0x00,0x00,0x00,0x00,0x00,0x00,0x00,0x00,0x00,0x00,
    0x00,0x00,0x00,0x00,0x00,0x00,0x00,0x00,0x00,0x00,0x00,0x00,0x00,0x00,0x00,0x00,0x00,0x00,0x00,0x00,0x00,0x00,0x00,0x00,
    0x00,0x00,0x00,0x00,0x00,0x00,0x00,0x00,0x00,0x00,0x00,0x00,0x00,0x00,0x00,0x00,0x00,0x00,0x00,0x00,0x00,0x00,0x00,0x00,
    0x00,0x00,0x00,0x00,0x00,0x00,0x00,0x00,0x00,0x00,0x00,0x00,0x00,0x00,0x00,0x00,0x00,0x00,0x00,0x00,0x00,0x00,0x00,0x00,
    0x00,0x00,0x00,0x00,0x00,0x00,0x00,0x00,0x00,0x00,0x00,0x00,0x00,0x00,0x00,0x00,0x00,0x00,0x00,0x00,0x00,0x00,0x00,0x00,
    0x00,0x00,0x00,0x00,0x00,0x00,0x00,0x00,0x00,0x00,0x00,0x00,0x00,0x00,0x00,0x00,0x00,0x00,0x00,0x00,0x00,0x00,0x00,0x00,
    0x00,0x00,0x00,0x00,0x00,0x00,0x00,0x00,0x00,0x00,0x00,0x00,0x00,0x00,0x00,0x00,0x00,0x00,0x00,0x00,0x00,0x00,0x00,0x00,
    0x00,0x00,0x00,0x00,0x00,0x00,0x00,0x00,0x00,0x00,0x00,0x00,0x00,0x00,0x00,0x00,0x00,0x00,0x00,0x00,0x08,0x10,0x10,0x08,
    0x00,0x00,0x00,0x00,0x00,0x00,0x00,0x00,0x00,0x00,0x00,0x00,0x00,0x00,0x00,0x00,0x00,0x00,0x00,0x00,0x00,0x00,0x00,0x00,
    0x00,0x00,0x00,0x00,0x00,0x00,0x00,0x00,0x00,0x00,0x00,0x00,0x00,0x00,0x00,0x00,0x00,0x00,0x00,0x00,0x00,0x00,0x00,0x00,
    0x00,0x00,0x00,0x00,0x00,0x00,0x00,0x00,0x00,0x00,0x04,0x00,0x78,0xf0,0xf0,0x78,0x00,0x04,0x00,0x00,0x00,0x00,0x00,0x00,
    0x00,0x00,0x00,0x00,0x00,0x00,0x00,0x00,0x00,0x00,0x00,0x00,0x00,0x00,0x00,0x00,0x00,0x00,0x00,0x00,0x00,0x00,0x00,0x00,
    0x00,0x00,0x00,0x00,0x00,0x00,0x00,0x00,0x00,0x00,0x00,0x00,0x00,0x00,0x00,0x00,0x00,0x00,0x00,0x00,0x00,0x00,0x00,0x00,
    0x00,0x00,0x04,0x00,0x82,0xff,0xff,0x82,0x00,0x04,0x00,0x00,0x00,0x00,0x00,0x00,0x00,0x00,0x00,0x00,0x00,0x00,0x00,0x00,
    0x00,0x00,0x00,0x00,0x00,0x00,0x00,0x00,0x00,0x00,0x00,0x00,0x00,0x00,0x00,0x00,0x00,0x00,0x00,0x00,0x00,0x00,0x00,0x00,
    0x00,0x00,0x00,0x00,0x00,0x00,0x00,0x00,0x00,0x03,0x01,0x00,0x00,0x00,0x00,0x00,0x00,0x00,0x04,0x00,0x7f,0xfe,0xfe,0x7f,
    0x00,0x04,0x00,0x00,0x00,0x00,0x00,0x00,0x00,0x00,0x03,0x01,0x00,0x00,0x00,0x00,0x00,0x00,0x00,0x00,0x00,0x00,0x00,0x00,
    0x00,0x00,0x00,0x00,0x00,0x00,0x00,0x00,0x00,0x00,0x00,0x00,0x00,0x00,0x00,0x00,0x00,0x00,0x00,0x00,0x00,0x00,0x00,0x00,
    0x02,0x00,0x00,0x00,0x00,0x00,0x00,0x00,0x00,0x00,0x04,0x00,0x80,0xff,0xff,0x80,0x00,0x04,0x00,0x00,0x00,0x00,0x00,0x00,
    0x00,0x02,0x00,0x00,0x00,0x00,0x00,0x00,0x00,0x00,0x00,0x00,0x00,0x00,0x00,0x00,0x00,0x00,0x00,0x00,0x00,0x00,0x00,0x00,
    0x00,0x00,0x00,0x00,0x00,0x00,0x00,0x00,0x00,0x00,0x00,0x00,0x00,0x00,0x00,0x01,0x00,0x40,0x02,0x01,0x01,0x00,0x00,0x00,
    0x00,0x00,0x04,0x00,0x7f,0xfd,0xfd,0x7f,0x00,0x04,0x00,0x00,0x00,0x00,0x00,0x00,0x03,0x00,0x40,0x02,0x00,0x01,0x00,0x00,
    0x00,0x00,0x00,0x00,0x00,0x00,0x00,0x00,0x00,0x00,0x00,0x00,0x00,0x00,0x00,0x00,0x00,0x00,0x00,0x00,0x00,0x00,0x00,0x00,
    0x00,0x00,0x00,0x00,0x00,0x00,0x02,0x00,0x60,0xff,0x9a,0x00,0x03,0x01,0x00,0x00,0x00,0x00,0x04,0x00,0x86,0xff,0xff,0x86,
    0x00,0x04,0x00,0x00,0x00,0x00,0x00,0x04,0x00,0x63,0xff,0x98,0x04,0x02,0x00,0x00,0x00,0x00,0x00,0x00,0x00,0x00,0x00,0x00,
    0x00,0x00,0x00,0x00,0x00,0x00,0x00,0x00,0x00,0x00,0x00,0x00,0x00,0x00,0x00,0x00,0x00,0x00,0x00,0x00,0x00,0x03,0x00,0x41,
    0xff,0xf8,0xff,0x9a,0x00,0x02,0x01,0x00,0x00,0x00,0x01,0x00,0x21,0x41,0x41,0x21,0x00,0x01,0x00,0x00,0x00,0x00,0x04,0x00,
    0x65,0xff,0xf7,0xff,0x7c,0x00,0x03,0x00,0x00,0x00,0x00,0x00,0x00,0x00,0x00,0x00,0x00,0x00,0x00,0x00,0x00,0x00,0x00,0x00,
    0x00,0x00,0x00,0x00,0x00,0x00,0x00,0x00,0x00,0x00,0x00,0x00,0x00,0x01,0x02,0x0c,0x99,0xff,0xf6,0xff,0x9a,0x00,0x02,0x01,
    0x00,0x00,0x00,0x00,0x00,0x00,0x00,0x00,0x00,0x00,0x00,0x00,0x00,0x02,0x00,0x64,0xff,0xf8,0xff,0xc8,0x1f,0x02,0x01,0x00,
    0x00,0x00,0x00,0x00,0x00,0x00,0x00,0x00,0x00,0x00,0x00,0x00,0x00,0x00,0x00,0x00,0x00,0x00,0x00,0x00,0x00,0x00,0x00,0x00,
    0x00,0x00,0x00,0x00,0x00,0x00,0x01,0x00,0x00,0x9a,0xff,0xf5,0xff,0xa0,0x03,0x02,0x00,0x00,0x00,0x00,0x02,0x04,0x04,0x02,
    0x00,0x00,0x00,0x00,0x03,0x00,0x66,0xff,0xf7,0xff,0xca,0x11,0x00,0x01,0x00,0x00,0x00,0x00,0x00,0x00,0x00,0x00,0x00,0x00,
    0x00,0x00,0x00,0x00,0x00,0x00,0x00,0x00,0x00,0x00,0x00,0x00,0x00,0x00,0x00,0x00,0x00,0x00,0x00,0x00,0x00,0x00,0x00,0x01,
    0x03,0x00,0x99,0xff,0xff,0x71,0x02,0x02,0x00,0x00,0x02,0x04,0x01,0x00,0x00,0x00,0x03,0x03,0x00,0x00,0x02,0x01,0x43,0xeb,
    0xff,0xc9,0x11,0x00,0x02,0x00,0x00,0x00,0x00,0x00,0x00,0x00,0x00,0x00,0x00,0x00,0x00,0x00,0x00,0x00,0x00,0x00,0x00,0x00,
    0x00,0x00,0x00,0x00,0x00,0x00,0x00,0x00,0x00,0x00,0x00,0x00,0x00,0x00,0x00,0x00,0x01,0x02,0x00,0x9f,0x70,0x00,0x02,0x00,
    0x00,0x03,0x00,0x00,0x00,0x10,0x10,0x03,0x00,0x00,0x02,0x01,0x00,0x02,0x00,0x3a,0xb5,0x10,0x00,0x02,0x00,0x00,0x00,0x00,
    0x00,0x00,0x00,0x00,0x00,0x00,0x00,0x00,0x00,0x00,0x00,0x00,0x00,0x00,0x00,0x00,0x00,0x00,0x00,0x00,0x00,0x00,0x00,0x00,
    0x00,0x00,0x00,0x00,0x00,0x00,0x00,0x00,0x00,0x01,0x01,0x00,0x00,0x02,0x00,0x01,0x02,0x00,0x2c,0x8b,0xc9,0xee,0xee,0xd5,
    0x9e,0x46,0x00,0x00,0x02,0x00,0x02,0x00,0x00,0x00,0x01,0x00,0x00,0x00,0x00,0x00,0x00,0x00,0x00,0x00,0x00,0x00,0x00,0x00,
    0x00,0x00,0x00,0x00,0x00,0x00,0x00,0x00,0x00,0x00,0x00,0x00,0x00,0x00,0x00,0x00,0x00,0x00,0x00,0x00,0x00,0x00,0x00,0x00,
    0x00,0x00,0x00,0x02,0x02,0x00,0x01,0x01,0x00,0x7f,0xf9,0xff,0xff,0xff,0xff,0xff,0xff,0xff,0xa7,0x12,0x00,0x02,0x00,0x02,
    0x01,0x01,0x00,0x00,0x00,0x00,0x00,0x00,0x00,0x00,0x00,0x00,0x00,0x00,0x00,0x00,0x00,0x00,0x00,0x00,0x00,0x00,0x00,0x00,
    0x00,0x00,0x00,0x00,0x00,0x00,0x00,0x00,0x00,0x00,0x00,0x00,0x00,0x00,0x00,0x00,0x00,0x00,0x00,0x00,0x00,0x00,0x03,0x01,
    0x9a,0xff,0xfe,0xfb,0xfd,0xfe,0xfe,0xfd,0xfb,0xfc,0xff,0xca,0x13,0x01,0x01,0x00,0x00,0x00,0x00,0x00,0x00,0x00,0x00,0x00,
    0x00,0x00,0x00,0x00,0x00,0x00,0x00,0x00,0x00,0x00,0x00,0x00,0x00,0x00,0x00,0x00,0x00,0x00,0x00,0x00,0x00,0x00,0x00,0x00,
    0x00,0x00,0x00,0x00,0x00,0x00,0x00,0x00,0x00,0x00,0x00,0x00,0x00,0x03,0x00,0x7f,0xff,0xf9,0xfe,0xff,0xff,0xff,0xff,0xff,
    0xff,0xff,0xf9,0xff,0xbb,0x02,0x02,0x00,0x00,0x00,0x00,0x00,0x00,0x00,0x00,0x00,0x00,0x00,0x00,0x00,0x00,0x00,0x00,0x00,
    0x00,0x00,0x00,0x00,0x00,0x00,0x00,0x00,0x00,0x00,0x00,0x00,0x00,0x00,0x00,0x00,0x00,0x00,0x00,0x04,0x04,0x04,0x04,0x04,
    0x04,0x01,0x00,0x00,0x02,0x00,0x29,0xfa,0xfc,0xfe,0xff,0xff,0xff,0xff,0xff,0xff,0xff,0xff,0xff,0xfa,0xff,0x60,0x00,0x03,
    0x00,0x00,0x00,0x03,0x03,0x03,0x03,0x03,0x03,0x01,0x00,0x00,0x00,0x00,0x00,0x00,0x00,0x00,0x00,0x00,0x00,0x00,0x00,0x00,
    0x00,0x00,0x00,0x00,0x00,0x00,0x00,0x00,0x00,0x00,0x00,0x00,0x00,0x00,0x00,0x00,0x00,0x00,0x00,0x00,0x04,0x00,0x8d,0xff,
    0xfb,0xff,0xff,0xff,0xff,0xff,0xff,0xff,0xff,0xff,0xff,0xfc,0xfe,0xcb,0x02,0x02,0x00,0x00,0x00,0x00,0x00,0x00,0x00,0x00,
    0x00,0x00,0x00,0x00,0x00,0x00,0x00,0x00,0x00,0x00,0x00,0x00,0x00,0x00,0x00,0x00,0x00,0x00,0x00,0x00,0x00,0x00,0x00,0x00,
    0x01,0x00,0x09,0x77,0x80,0x7f,0x80,0x7f,0x80,0x21,0x00,0x02,0x01,0x04,0xcd,0xfe,0xfd,0xff,0xff,0xff,0xff,0xff,0xff,0xff,
    0xff,0xff,0xff,0xfe,0xfe,0xf4,0x1e,0x00,0x02,0x01,0x08,0x3d,0x41,0x41,0x41,0x41,0x41,0x14,0x01,0x01,0x00,0x00,0x00,0x00,
    0x00,0x00,0x00,0x00,0x00,0x00,0x00,0x00,0x00,0x00,0x00,0x00,0x00,0x00,0x00,0x00,0x01,0x00,0x12,0xfc,0xff,0xff,0xff,0xff,
    0xff,0x45,0x00,0x04,0x00,0x11,0xee,0xff,0xfe,0xff,0xff,0xff,0xff,0xff,0xff,0xff,0xff,0xff,0xff,0xff,0xfd,0xff,0x42,0x00,
    0x07,0x00,0x03,0xf8,0xff,0xff,0xff,0xff,0xff,0x37,0x00,0x07,0x00,0x00,0x00,0x00,0x00,0x00,0x00,0x00,0x00,0x00,0x00,0x00,
    0x00,0x00,0x00,0x00,0x00,0x00,0x00,0x00,0x01,0x00,0x12,0xfc,0xff,0xff,0xff,0xff,0xff,0x45,0x00,0x04,0x00,0x12,0xf0,0xff,
    0xfe,0xff,0xff,0xff,0xff,0xff,0xff,0xff,0xff,0xff,0xff,0xff,0xfd,0xff,0x44,0x03,0x00,0x05,0x66,0xf4,0xfb,0xfc,0xfd,0xfb,
    0xfc,0x90,0x16,0x00,0x01,0x01,0x00,0x00,0x00,0x00,0x00,0x00,0x00,0x00,0x00,0x00,0x00,0x00,0x00,0x00,0x00,0x00,0x00,0x00,
    0x01,0x00,0x09,0x77,0x80,0x7f,0x80,0x7f,0x80,0x21,0x00,0x02,0x01,0x08,0xd9,0xff,0xfd,0xff,0xff,0xff,0xff,0xff,0xff,0xff,
    0xff,0xff,0xff,0xff,0xfe,0xfa,0x2c,0x00,0x58,0xd4,0xff,0xff,0xff,0xff,0xff,0xff,0xfe,0xff,0xe9,0x7c,0x00,0x00,0x02,0x00,
    0x00,0x00,0x00,0x00,0x00,0x00,0x00,0x00,0x00,0x00,0x00,0x00,0x00,0x00,0x00,0x00,0x00,0x00,0x00,0x00,0x00,0x00,0x00,0x00,
    0x00,0x00,0x00,0x00,0x03,0x00,0xa1,0xfe,0xfb,0xff,0xff,0xff,0xff,0xff,0xff,0xff,0xff,0xff,0xff,0xfd,0xfe,0xd9,0x00,0x8e,
    0xff,0xff,0xfc,0xff,0xff,0xff,0xff,0xff,0xff,0xfc,0xff,0xff,0xb8,0x12,0x00,0x02,0x00,0x00,0x00,0x00,0x00,0x00,0x00,0x00,
    0x00,0x00,0x00,0x00,0x00,0x00,0x00,0x00,0x00,0x00,0x00,0x04,0x04,0x04,0x04,0x04,0x04,0x01,0x00,0x00,0x03,0x00,0x42,0xff,
    0xfb,0xff,0xff,0xff,0xff,0xff,0xff,0xff,0xff,0xff,0xff,0xfa,0xff,0x77,0x8a,0xff,0xfc,0xfd,0xff,0xff,0xff,0xff,0xff,0xff,
    0xff,0xff,0xfe,0xfa,0xff,0xca,0x13,0x02,0x01,0x00,0x00,0x00,0x00,0x00,0x00,0x00,0x00,0x00,0x00,0x00,0x00,0x00,0x00,0x00,
    0x00,0x00,0x00,0x00,0x00,0x00,0x00,0x00,0x00,0x00,0x00,0x00,0x00,0x03,0x00,0xaa,0xff,0xf9,0xff,0xff,0xff,0xff,0xff,0xff,
    0xff,0xff,0xfc,0xff,0xce,0x88,0xff,0xfa,0xff,0xff,0xff,0xff,0xff,0xff,0xff,0xff,0xff,0xff,0xff,0xff,0xfa,0xff,0xbb,0x00,
    0x03,0x00,0x00,0x00,0x00,0x00,0x00,0x00,0x00,0x00,0x00,0x00,0x00,0x00,0x00,0x00,0x00,0x00,0x00,0x00,0x00,0x00,0x00,0x00,
    0x00,0x00,0x00,0x00,0x00,0x01,0x02,0x12,0xca,0xff,0xfa,0xfc,0xfe,0xff,0xff,0xff,0xff,0xfe,0xff,0xe0,0x60,0xef,0xfc,0xfe,
    0xff,0xff,0xff,0xff,0xff,0xff,0xff,0xff,0xff,0xff,0xff,0xff,0xff,0xfa,0xff,0x6b,0x00,0x03,0x00,0x00,0x00,0x00,0x00,0x00,
    0x00,0x00,0x00,0x00,0x00,0x00,0x00,0x00,0x00,0x00,0x00,0x00,0x00,0x00,0x00,0x00,0x00,0x00,0x00,0x03,0x02,0x00,0x02,0x00,
    0x12,0xb8,0xff,0xff,0xff,0xff,0xff,0xff,0xfe,0xfd,0xe3,0x3a,0xb2,0xff,0xfc,0xff,0xff,0xff,0xff,0xff,0xff,0xff,0xff,0xff,
    0xff,0xff,0xff,0xff,0xff,0xfe,0xfd,0xee,0x15,0x01,0x01,0x00,0x00,0x00,0x00,0x00,0x00,0x00,0x00,0x00,0x00,0x00,0x00,0x00,
    0x00,0x00,0x00,0x00,0x00,0x00,0x00,0x00,0x00,0x00,0x02,0x00,0x00,0x02,0x00,0x02,0x00,0x00,0x62,0xc7,0xf5,0xfb,0xff,0xff,
    0xff,0xff,0xf0,0xe8,0xff,0xfe,0xff,0xff,0xff,0xff,0xff,0xff,0xff,0xff,0xff,0xff,0xff,0xff,0xff,0xff,0xff,0xff,0xfc,0xff,
    0x60,0x02,0x08,0x02,0x00,0x00,0x00,0x00,0x00,0x00,0x00,0x00,0x00,0x00,0x00,0x00,0x00,0x00,0x00,0x00,0x00,0x00,0x00,0x00,
    0x00,0x04,0x00,0x66,0x40,0x00,0x02,0x00,0x01,0x01,0x00,0x00,0x1a,0xbe,0xfe,0xfe,0xff,0xff,0xff,0xff,0xfe,0xff,0xff,0xff,
    0xff,0xff,0xff,0xff,0xff,0xff,0xff,0xff,0xff,0xff,0xff,0xff,0xff,0xff,0xfc,0xfe,0xb5,0x00,0x00,0x00,0x03,0x00,0x00,0x00,
    0x00,0x00,0x00,0x00,0x00,0x00,0x00,0x00,0x00,0x00,0x00,0x00,0x00,0x00,0x00,0x00,0x04,0x00,0x64,0xff,0xee,0x3e,0x01,0x02,
    0x00,0x02,0x04,0x14,0xb1,0xfe,0xfe,0xff,0xff,0xff,0xfe,0xfe,0xff,0xff,0xff,0xff,0xff,0xff,0xff,0xff,0xff,0xff,0xff,0xff,
    0xff,0xff,0xff,0xff,0xff,0xff,0xff,0xff,0xf9,0xbc,0x74,0x22,0x00,0x02,0x00,0x00,0x00,0x00,0x00,0x00,0x00,0x00,0x00,0x00,
    0x00,0x00,0x00,0x00,0x00,0x00,0x00,0x03,0x00,0x65,0xff,0xf7,0xff,0xbd,0x04,0x03,0x01,0x03,0x02,0xbb,0xff,0xfc,0xff,0xff,
    0xff,0xff,0xff,0xff,0xff,0xff,0xff,0xff,0xff,0xff,0xff,0xff,0xff,0xff,0xff,0xff,0xff,0xff,0xff,0xff,0xff,0xff,0xff,0xff,
    0xff,0xff,0xff,0xf0,0x6d,0x00,0x02,0x01,0x00,0x00,0x00,0x00,0x00,0x00,0x00,0x00,0x00,0x00,0x00,0x00,0x00,0x00,0x02,0x00,
    0x63,0xff,0xf8,0xff,0xc9,0x14,0x01,0x01,0x03,0x00,0x7a,0xff,0xf9,0xff,0xff,0xff,0xff,0xff,0xff,0xff,0xff,0xff,0xff,0xff,
    0xff,0xff,0xff,0xff,0xff,0xff,0xff,0xff,0xff,0xff,0xff,0xff,0xff,0xff,0xff,0xff,0xff,0xfc,0xfb,0xff,0xff,0x9a,0x01,0x03,
    0x00,0x00,0x00,0x00,0x00,0x00,0x00,0x00,0x00,0x00,0x00,0x00,0x00,0x03,0x00,0x41,0xff,0xf7,0xff,0xca,0x11,0x00,0x01,0x01,
    0x01,0x15,0xed,0xfd,0xfe,0xff,0xff,0xff,0xff,0xff,0xff,0xff,0xff,0xff,0xff,0xff,0xff,0xff,0xff,0xff,0xff,0xff,0xff,0xff,
    0xff,0xff,0xff,0xff,0xff,0xff,0xff,0xff,0xff,0xff,0xff,0xfe,0xf9,0xff,0x7f,0x00,0x03,0x00,0x00,0x00,0x00,0x00,0x00,0x00,
    0x00,0x00,0x00,0x00,0x00,0x01,0x02,0x0c,0x97,0xff,0xc8,0x12,0x00,0x02,0x00,0x04,0x00,0x76,0xff,0xfb,0xff,0xff,0xff,0xff,
    0xff,0xff,0xff,0xff,0xff,0xff,0xff,0xff,0xff,0xff,0xff,0xff,0xff,0xff,0xff,0xff,0xff,0xff,0xff,0xff,0xff,0xff,0xff,0xff,
    0xff,0xff,0xff,0xff,0xfe,0xfb,0xfa,0x34,0x00,0x02,0x00,0x00,0x00,0x00,0x00,0x00,0x00,0x00,0x00,0x00,0x00,0x00,0x01,0x00,
    0x00,0x7a,0x17,0x00,0x02,0x00,0x00,0x02,0x04,0xc0,0xfe,0xfc,0xff,0xff,0xff,0xff,0xff,0xff,0xff,0xff,0xff,0xff,0xff,0xff,
    0xff,0xff,0xff,0xff,0xff,0xff,0xff,0xff,0xff,0xff,0xff,0xff,0xff,0xff,0xff,0xff,0xff,0xff,0xff,0xff,0xff,0xfb,0xff,0xa4,
    0x00,0x03,0x00,0x00,0x00,0x00,0x00,0x00,0x00,0x00,0x00,0x00,0x00,0x00,0x00,0x00,0x01,0x00,0x00,0x01,0x00,0x00,0x01,0x01,
    0x01,0xea,0xff,0xfe,0xff,0xff,0xff,0xff,0xff,0xff,0xff,0xff,0xff,0xff,0xff,0xff,0xff,0xff,0xff,0xff,0xff,0xff,0xff,0xff,
    0xff,0xff,0xff,0xff,0xff,0xff,0xff,0xff,0xff,0xff,0xff,0xff,0xff,0xfe,0xff,0xe4,0x0a,0x00,0x01,0x00,0x00,0x00,0x00,0x00,
    0x00,0x00,0x00,0x00,0x00,0x00,0x00,0x00,0x00,0x03,0x01,0x00,0x00,0x01,0x01,0x00,0x81,0xfb,0xfe,0xff,0xff,0xff,0xff,0xff,
    0xff,0xff,0xff,0xff,0xff,0xff,0xff,0xff,0xff,0xff,0xff,0xff,0xff,0xff,0xff,0xff,0xff,0xff,0xff,0xff,0xff,0xff,0xff,0xff,
    0xff,0xff,0xff,0xff,0xff,0xff,0xfe,0xfc,0x35,0x00,0x03,0x00,0x00,0x00,0x00,0x00,0x00,0x00,0x00,0x00,0x00,0x00,0x00,0x00,
    0x00,0x00,0x00,0x00,0x00,0x03,0x01,0x9a,0xff,0xfd,0xff,0xff,0xff,0xff,0xff,0xff,0xff,0xff,0xff,0xff,0xff,0xff,0xff,0xff,
    0xff,0xff,0xff,0xff,0xff,0xff,0xff,0xff,0xff,0xff,0xff,0xff,0xff,0xff,0xff,0xff,0xff,0xff,0xff,0xff,0xff,0xff,0xfd,0xff,
    0x44,0x00,0x03,0x00,0x00,0x00,0x00,0x00,0x00,0x00,0x00,0x00,0x00,0x00,0x00,0x00,0x00,0x00,0x00,0x00,0x03,0x00,0x7f,0xff,
    0xf9,0xff,0xff,0xff,0xff,0xff,0xff,0xff,0xff,0xff,0xff,0xff,0xff,0xff,0xff,0xff,0xff,0xff,0xff,0xff,0xff,0xff,0xff,0xff,
    0xff,0xff,0xff,0xff,0xff,0xff,0xff,0xff,0xff,0xff,0xff,0xff,0xff,0xff,0xfd,0xfe,0x3e,0x00,0x03,0x00,0x00,0x00,0x00,0x00,
    0x00,0x00,0x00,0x00,0x00,0x00,0x00,0x00,0x00,0x00,0x00,0x02,0x00,0x29,0xfa,0xfc,0xfe,0xff,0xff,0xff,0xff,0xff,0xff,0xff,
    0xff,0xff,0xff,0xff,0xff,0xff,0xff,0xff,0xff,0xff,0xff,0xff,0xff,0xff,0xff,0xff,0xff,0xff,0xff,0xff,0xff,0xff,0xff,0xff,
    0xff,0xff,0xff,0xff,0xff,0xfe,0xff,0xee,0x13,0x00,0x01,0x00,0x00,0x00,0x00,0x00,0x00,0x00,0x00,0x00,0x00,0x00,0x00,0x00,
    0x00,0x00,0x00,0x04,0x00,0x8d,0xff,0xfb,0xff,0xff,0xff,0xff,0xff,0xff,0xff,0xff,0xff,0xff,0xff,0xff,0xff,0xff,0xff,0xff,
    0xff,0xff,0xff,0xff,0xff,0xff,0xff,0xff,0xff,0xff,0xff,0xff,0xff,0xff,0xff,0xff,0xff,0xff,0xff,0xff,0xff,0xfc,0xfe,0xb8,
    0x00,0x03,0x00,0x00,0x00,0x00,0x00,0x00,0x00,0x00,0x00,0x00,0x00,0x00,0x00,0x00,0x00,0x00,0x00,0x01,0x04,0xcd,0xfe,0xfd,
    0xff,0xff,0xff,0xff,0xff,0xff,0xff,0xff,0xff,0xff,0xff,0xff,0xff,0xff,0xff,0xff,0xff,0xff,0xff,0xff,0xff,0xff,0xff,0xff,
    0xff,0xff,0xff,0xff,0xff,0xff,0xff,0xff,0xff,0xff,0xff,0xff,0xff,0xfa,0xff,0x51,0x00,0x03,0x00,0x00,0x00,0x00,0x00,0x00,
    0x00,0x00,0x00,0x00,0x00,0x00,0x00,0x00,0x00,0x00,0x01,0x00,0x11,0xee,0xff,0xfe,0xff,0xff,0xff,0xff,0xff,0xff,0xff,0xff,
    0xff,0xff,0xff,0xff,0xff,0xff,0xff,0xff,0xff,0xff,0xff,0xff,0xff,0xff,0xff,0xff,0xff,0xff,0xff,0xff,0xff,0xff,0xff,0xff,
    0xff,0xff,0xff,0xff,0xf9,0xff,0xaa,0x00,0x03,0x00,0x00,0x00,0x00,0x00,0x00,0x00,0x00,0x00,0x00,0x00,0x00,0x00,0x00,0x00,
    0x00,0x00,0x01,0x00,0x12,0xf0,0xff,0xfe,0xff,0xff,0xff,0xff,0xff,0xff,0xff,0xff,0xff,0xff,0xff,0xff,0xff,0xff,0xff,0xff,
    0xff,0xff,0xff,0xff,0xff,0xff,0xff,0xff,0xff,0xff,0xff,0xff,0xff,0xff,0xff,0xff,0xff,0xff,0xff,0xfc,0xff,0xca,0x12,0x02,
    0x01,0x00,0x00,0x00,0x00,0x00,0x00,0x00,0x00,0x00,0x00,0x00,0x00,0x00,0x00,0x00,0x00,0x00,0x00,0x01,0x08,0xd9,0xff,0xfd,
    0xff,0xff,0xff,0xff,0xff,0xff,0xff,0xff,0xff,0xff,0xff,0xff,0xff,0xff,0xff,0xff,0xff,0xff,0xff,0xff,0xff,0xff,0xff,0xff,
    0xff,0xff,0xff,0xff,0xff,0xff,0xff,0xff,0xff,0xff,0xfd,0xff,0xaa,0x11,0x00,0x02,0x00,0x00,0x00,0x00,0x00,0x00,0x00,0x00,
    0x00,0x00,0x00,0x00,0x00,0x00,0x00,0x00,0x00,0x00,0x00,0x03,0x00,0xa1,0xfe,0xfb,0xff,0xff,0xff,0xff,0xff,0xff,0xff,0xff,
    0xff,0xff,0xff,0xff,0xff,0xff,0xff,0xff,0xff,0xff,0xff,0xff,0xff,0xff,0xff,0xff,0xff,0xff,0xff,0xff,0xff,0xff,0xff,0xff,
    0xff,0xfd,0xfd,0xdd,0x00,0x00,0x02,0x00,0x00,0x00,0x00,0x00,0x00,0x00,0x00,0x00,0x00,0x00,0x00,0x00,0x00,0x00,0x00,0x00,
    0x00,0x00,0x00,0x03,0x00,0x42,0xff,0xfb,0xff,0xff,0xff,0xff,0xff,0xff,0xff,0xff,0xff,0xff,0xff,0xff,0xff,0xff,0xff,0xff,
    0xff,0xff,0xff,0xff,0xff,0xff,0xff,0xff,0xff,0xff,0xff,0xff,0xff,0xff,0xff,0xff,0xff,0xfa,0xff,0x7f,0x00,0x05,0x00,0x00,
    0x00,0x00,0x00,0x00,0x00,0x00,0x00,0x00,0x00,0x00,0x00,0x00,0x00,0x00,0x00,0x00,0x00,0x00,0x00,0x00,0x03,0x00,0xaa,0xff,
    0xf9,0xff,0xff,0xff,0xff,0xff,0xff,0xff,0xff,0xff,0xff,0xff,0xff,0xff,0xff,0xff,0xff,0xff,0xff,0xff,0xff,0xff,0xff,0xff,
    0xff,0xff,0xff,0xff,0xff,0xff,0xff,0xff,0xfb,0xff,0xde,0x0f,0x02,0x01,0x00,0x00,0x00,0x00,0x00,0x00,0x00,0x00,0x00,0x00,
    0x00,0x00,0x00,0x00,0x00,0x00,0x00,0x00,0x00,0x00,0x00,0x00,0x01,0x02,0x12,0xca,0xff,0xfa,0xfc,0xfe,0xff,0xff,0xff,0xff,
    0xff,0xff,0xff,0xff,0xff,0xff,0xff,0xff,0xff,0xff,0xff,0xff,0xff,0xff,0xff,0xff,0xff,0xff,0xff,0xff,0xff,0xfe,0xfd,0xfa,
    0xff,0xee,0x34,0x00,0x02,0x00,0x00,0x00,0x00,0x00,0x00,0x00,0x00,0x00,0x00,0x00,0x00,0x00,0x00,0x00,0x00,0x00,0x00,0x00,
    0x00,0x00,0x00,0x00,0x00,0x02,0x00,0x12,0xb8,0xff,0xff,0xff,0xfd,0xfd,0xfd,0xfd,0xfd,0xfd,0xfd,0xfd,0xfd,0xfd,0xfd,0xfd,
    0xfd,0xfd,0xfd,0xfd,0xfd,0xfd,0xfd,0xfd,0xfd,0xfd,0xfd,0xfd,0xfd,0xff,0xff,0xff,0xd9,0x35,0x00,0x03,0x00,0x00,0x00,0x00,
    0x00,0x00,0x00,0x00,0x00,0x00,0x00,0x00,0x00,0x00,0x00,0x00,0x00,0x00,0x00,0x00,0x00,0x00,0x00,0x00,0x00,0x00,0x02,0x00,
    0x00,0x62,0xc6,0xf4,0xff,0xff,0xff,0xff,0xff,0xff,0xff,0xff,0xff,0xff,0xff,0xff,0xff,0xff,0xff,0xff,0xff,0xff,0xff,0xff,
    0xff,0xff,0xff,0xff,0xff,0xfb,0xd5,0x80,0x0f,0x00,0x03,0x00,0x00,0x00,0x00,0x00,0x00,0x00,0x00,0x00,0x00,0x00,0x00,0x00,
    0x00,0x00,0x00,0x00,0x00,0x00,0x00,0x00,0x00,0x00,0x00,0x00,0x00,0x00,0x00,0x01,0x01,0x00,0x00,0x1d,0x41,0x41,0x41,0x41,
    0x41,0x41,0x41,0x41,0x41,0x41,0x41,0x41,0x41,0x41,0x41,0x41,0x41,0x41,0x41,0x41,0x41,0x41,0x41,0x41,0x41,0x29,0x03,0x00,
    0x00,0x02,0x00,0x00,0x00,0x00,0x00,0x00,0x00,0x00,0x00,0x00,0x00,0x00,0x00,0x00,0x00,0x00,0x00,0x00,0x00,0x00,0x00,0x00,
    0x00,0x00,0x00,0x00,0x00,0x00,0x00,0x00,0x00,0x03,0x01,0x00,0x00,0x00,0x00,0x00,0x00,0x00,0x00,0x00,0x00,0x00,0x00,0x00,
    0x00,0x00,0x00,0x00,0x00,0x00,0x00,0x00,0x00,0x00,0x00,0x00,0x00,0x00,0x00,0x03,0x01,0x00,0x00,0x00,0x00,0x00,0x00,0x00,
    0x00,0x00,0x00,0x00,0x00,0x00,0x00,0x00,0x00,0x00,0x00,0x00,0x00,0x00,0x00,0x00,0x00,0x00,0x00,0x00,0x00,0x00,0x00,0x00,
    0x00,0x00,0x00,0x02,0x03,0x03,0x03,0x03,0x03,0x03,0x03,0x03,0x03,0x03,0x03,0x03,0x03,0x03,0x03,0x03,0x03,0x03,0x03,0x03,
    0x03,0x03,0x03,0x03,0x03,0x02,0x01,0x00,0x00,0x00,0x00,0x00,0x00,0x00,0x00,0x00,0x00,0x00,0x00,0x00,0x00,0x00,0x00,0x00,
    0x00,0x00,0x00,0x00,0x00,0x00,0x00,0x00,0x00,0x00,0x00,0x00,0x00,0x00,0x00,0x00,0x00,0x00,0x00,0x00,0x00,0x00,0x00,0x00,
    0x00,0x00,0x00,0x00,0x00,0x00,0x00,0x00,0x00,0x00,0x00,0x00,0x00,0x00,0x00,0x00,0x00,0x00,0x00,0x00,0x00,0x00,0x00,0x00,
    0x00,0x00,0x00,0x00,0x00,0x00,0x00,0x00,0x00,0x00,0x00,0x00,0x00,0x00,0x00,0x00,0x00,0x00,0x00,0x00,0x00,0x00,0x00,0x00,
    0x00,0x00,0x00,0x00,0x00,0x00,0x00,0x00,0x00,0x00,0x00,0x00,0x00,0x00,0x00,0x00,0x00,0x00,0x00,0x00,0x00,0x00,0x00,0x00,
    0x00,0x00,0x00,0x00,0x00,0x00,0x00,0x00,0x00,0x00,0x00,0x00,0x00,0x00,0x00,0x00,0x00,0x00,0x00,0x00,0x00,0x00,0x00,0x00,
    0x00,0x00,0x00,0x00,0x00,0x00,0x00,0x00,0x00,0x00,0x00,0x00,0x00,0x00,0x00,0x00,0x00,0x00,0x00,0x00,0x00,0x00,0x00,0x00,
    0x00,0x00,0x00,0x00,0x00,0x00,0x00,0x00,0x00,0x00,0x00,0x00,0x00,0x00,0x00,0x00,0x00,0x00,0x00,0x00,0x00,0x00,0x00,0x00,
    0x00,0x00,0x00,0x00,0x00,0x00,0x00,0x00,0x00,0x00,0x00,0x00,0x00,0x00,0x00,0x00,0x00,0x00,0x00,0x00,0x00,0x00,0x00,0x00,
    0x00,0x00,0x00,0x00,0x00,0x00,0x00,0x00,0x00,0x00,0x00,0x00,0x00,0x00,0x00,0x00,0x00,0x00,0x00,0x00,0x00,0x00,0x00,0x00,
    0x00,0x00,0x00,0x00,0x00,0x00,0x00,0x00,0x00,0x00,0x00,0x00,0x00,0x00,0x00,0x00,0x00,0x00,0x00,0x00,0x00,0x00,0x00,0x00,
    0x00,0x00,0x00,0x00,0x00,0x00,0x00,0x00,0x00,0x00,0x00,0x00,0x00,0x00,0x00,0x00,0x00,0x00,0x00,0x00,0x00,0x00,0x00,0x00,
    0x00,0x00,0x00,0x00,0x00,0x00,0x00,0x00,0x00,0x00,0x00,0x00,0x00,0x00,0x00,0x00,0x00,0x00,0x00,0x00,0x00,0x00,0x00,0x00,
    0x00,0x00,0x00,0x00,0x00,0x00,0x00,0x00,0x00,0x00,0x00,0x00,0x00,0x00,0x00,0x00,0x00,0x00,0x00,0x00,0x00,0x00,0x00,0x00,
    0x00,0x00,0x00,0x00,0x00,0x00,0x00,0x00,0x00,0x00,0x00,0x00,0x00,0x00,0x00,0x00,0x00,0x00,0x00,0x00,0x00,0x00,0x00,0x00,
    0x00,0x00,0x00,0x00,0x00,0x00,0x00,0x00,0x00,0x00,0x00,0x00,0x00,0x00,0x00,0x00,0x00,0x00,0x00,0x00,0x00,0x00,0x00,0x00,
    0x00,0x00,0x00,0x00,0x00,0x00,0x00,0x00,0x00,0x00,0x00,0x00,0x00,0x00,0x00,0x00,0x00,0x00,0x00,0x00,0x00,0x00,0x00,0x00,
    0x00,0x00,0x00,0x00,0x00,0x00,0x00,0x00,0x00,0x00,0x00,0x00,0x00,0x00,0x00,0x00,0x00,0x00,0x00,0x00,0x00,0x00,0x00,0x00,
    0x00,0x00,0x00,0x00,0x00,0x00,0x00,0x00,0x00,0x00,0x00,0x00,0x00,0x00,0x00,0x00,0x00,0x00,0x00,0x00,0x00,0x00,0x00,0x00,
    0x00,0x00,0x00,0x00,0x00,0x00,0x00,0x00,0x00,0x00,0x00,0x00,0x00,0x00,0x00,0x00,0x00,0x00,0x00,0x00,0x00,0x00,0x00,0x00,
    0x00,0x00,0x00,0x00,0x00,0x00,0x00,0x00,0x00,0x00,0x00,0x00,0x00,0x00,0x00,0x00,0x00,0x00,0x00,0x00,0x00,0x00,0x00,0x00,
    0x00,0x00,0x00,0x00,0x00,0x00,0x00,0x00,0x00,0x00,0x00,0x00,0x00,0x00,0x00,0x00,0x00,0x00,0x00,0x00,0x00,0x00,0x00,0x00,
    0x00,0x00,0x00,0x00,0x00,0x00,0x00,0x00,0x00,0x00,0x00,0x00,0x00,0x00,0x00,0x00,0x00,0x00,0x00,0x00,0x00,0x00,0x00,0x00,
    0x00,0x00,0x00,0x00,0x00,0x00,0x00,0x00,0x00,0x00,0x00,0x00,0x00,0x00,0x00,0x00,0x00,0x00,0x00,0x00,0x00,0x00,0x00,0x00,
    0x00,0x00,0x00,0x00,0x00,0x00,0x00,0x00,0x00,0x00,0x00,0x00,0x00,0x00,0x00,0x00,0x00,0x00,0x00,0x00,0x00,0x00,0x00,0x00,
};

const lv_image_dsc_t weather_icon_partly_cloudy = {
    .header = {
        .magic = LV_IMAGE_HEADER_MAGIC,
        .cf = LV_COLOR_FORMAT_RGB565A8,
        .flags = 0,
        .w = 64,
        .h = 64,
        .stride = 128,
        .reserved_2 = 0,
    },
    .data_size = sizeof(weather_icon_partly_cloudy_map),
    .data = weather_icon_partly_cloudy_map,
    .reserved = NULL,
};

static const WEATHER_ICON_ALIGN uint8_t weather_icon_cloudy_map[] = {
    0x00,0x00,0x00,0x00,0x00,0x00,0x00,0x00,0x00,0x00,0x00,0x00,0x00,0x00,0x00,0x00,0x00,0x00,0x00,0x00,0x00,0x00,0x00,0x00,
    0x00,0x00,0x00,0x00,0x00,0x00,0x00,0x00,0x00,0x00,0x00,0x00,0x00,0x00,0x00,0x00,0x00,0x00,0x00,0x00,0x00,0x00,0x00,0x00,
    0x00,0x00,0x00,0x00,0x00,0x00,0x00,0x00,0x00,0x00,0x00,0x00,0x00,0x00,0x00,0x00,0x00,0x00,0x00,0x00,0x00,0x00,0x00,0x00,
    0x00,0x00,0x00,0x00,0x00,0x00,0x00,0x00,0x00,0x00,0x00,0x00,0x00,0x00,0x00,0x00,0x00,0x00,0x00,0x00,0x00,0x00,0x00,0x00,
    0x00,0x00,0x00,0x00,0x00,0x00,0x00,0x00,0x00,0x00,0x00,0x00,0x00,0x00,0x00,0x00,0x00,0x00,0x00,0x00,0x00,0x00,0x00,0x00,
    0x00,0x00,0x00,0x00,0x00,0x00,0x00,0x00,0x00,0x00,0x00,0x00,0x00,0x00,0x00,0x00,0x00,0x00,0x00,0x00,0x00,0x00,0x00,0x00,
    0x00,0x00,0x00,0x00,0x00,0x00,0x00,0x00,0x00,0x00,0x00,0x00,0x00,0x00,0x00,0x00,0x00,0x00,0x00,0x00,0x00,0x00,0x00,0x00,
    0x00,0x00,0x00,0x00,0x00,0x00,0x00,0x00,0x00,0x00,0x00,0x00,0x00,0x00,0x00,0x00,0x00,0x00,0x00,0x00,0x00,0x00,0x00,0x00,
    0x00,0x00,0x00,0x00,0x00,0x00,0x00,0x00,0x00,0x00,0x00,0x00,0x00,0x00,0x00,0x00,0x00,0x00,0x00,0x00,0x00,0x00,0x00,0x00,
    0x00,0x00,0x00,0x00,0x00,0x00,0x00,0x00,0x00,0x00,0x00,0x00,0x00,0x00,0x00,0x00,0x00,0x00,0x00,0x00,0x00,0x00,0x00,0x00,
    0x00,0x00,0x00,0x00,0x00,0x00,0x00,0x00,0x00,0x00,0x00,0x00,0x00,0x00,0x00,0x00,0x00,0x00,0x00,0x00,0x00,0x00,0x00,0x00,
    0x00,0x00,0x00,0x00,0x00,0x00,0x00,0x00,0x00,0x00,0x00,0x00,0x00,0x00,0x00,0x00,0x00,0x00,0x00,0x00,0x00,0x00,0x00,0x00,
    0x00,0x00,0x00,0x00,0x00,0x00,0x00,0x00,0x00,0x00,0x00,0x00,0x00,0x00,0x00,0x00,0x00,0x00,0x00,0x00,0x00,0x00,0x00,0x00,
    0x00,0x00,0x00,0x00,0x00,0x00,0x00,0x00,0x00,0x00,0x00,0x00,0x00,0x00,0x00,0x00,0x00,0x00,0x00,0x00,0x00,0x00,0x00,0x00,
    0x00,0x00,0x00,0x00,0x00,0x00,0x00,0x00,0x00,0x00,0x00,0x00,0x00,0x00,0x00,0x00,0x00,0x00,0x00,0x00,0x00,0x00,0x00,0x00,
    0x00,0x00,0x00,0x00,0x00,0x00,0x00,0x00,0x00,0x00,0x00,0x00,0x00,0x00,0x00,0x00,0x00,0x00,0x00,0x00,0x00,0x00,0x00,0x00,
    0x00,0x00,0x00,0x00,0x00,0x00,0x00,0x00,0x00,0x00,0x00,0x00,0x00,0x00,0x00,0x00,0x00,0x00,0x00,0x00,0x00,0x00,0x00,0x00,
    0x00,0x00,0x00,0x00,0x00,0x00,0x00,0x00,0x00,0x00,0x00,0x00,0x00,0x00,0x00,0x00,0x00,0x00,0x00,0x00,0x00,0x00,0x00,0x00,
    0x00,0x00,0x00,0x00,0x00,0x00,0x00,0x00,0x00,0x00,0x00,0x00,0x00,0x00,0x00,0x00,0x00,0x00,0x00,0x00,0x00,0x00,0x00,0x00,
    0x00,0x00,0x00,0x00,0x00,0x00,0x00,0x00,0x00,0x00,0x00,0x00,0x00,0x00,0x00,0x00,0x00,0x00,0x00,0x00,0x00,0x00,0x00,0x00,
    0x00,0x00,0x00,0x00,0x00,0x00,0x00,0x00,0x00,0x00,0x00,0x00,0x00,0x00,0x00,0x00,0x00,0x00,0x00,0x00,0x00,0x00,0x00,0x00,
    0x00,0x00,0x00,0x00,0x00,0x00,0x00,0x00,0x00,0x00,0x00,0x00,0x00,0x00,0x00,0x00,0x00,0x00,0x00,0x00,0x00,0x00,0x00,0x00,
    0x00,0x00,0x00,0x00,0x00,0x00,0x00,0x00,0x00,0x00,0x00,0x00,0x00,0x00,0x00,0x00,0x00,0x00,0x00,0x00,0x00,0x00,0x00,0x00,
    0x00,0x00,0x00,0x00,0x00,0x00,0x00,0x00,0x00,0x00,0x00,0x00,0x00,0x00,0x00,0x00,0x00,0x00,0x00,0x00,0x00,0x00,0x00,0x00,
    0x00,0x00,0x00,0x00,0x00,0x00,0x00,0x00,0x00,0x00,0x00,0x00,0x00,0x00,0x00,0x00,0x00,0x00,0x00,0x00,0x00,0x00,0x00,0x00,
    0x00,0x00,0x00,0x00,0x00,0x00,0x00,0x00,0x00,0x00,0x00,0x00,0x00,0x00,0x00,0x00,0x00,0x00,0x00,0x00,0x00,0x00,0x00,0x00,
    0x00,0x00,0x00,0x00,0x00,0x00,0x00,0x00,0x00,0x00,0x00,0x00,0x00,0x00,0x00,0x00,0x00,0x00,0x00,0x00,0x00,0x00,0x00,0x00,
    0x00,0x00,0x00,0x00,0x00,0x00,0x00,0x00,0x00,0x00,0x00,0x00,0x00,0x00,0x00,0x00,0x00,0x00,0x00,0x00,0x00,0x00,0x00,0x00,
    0x00,0x00,0x00,0x00,0x00,0x00,0x00,0x00,0x00,0x00,0x00,0x00,0x00,0x00,0x00,0x00,0x00,0x00,0x00,0x00,0x00,0x00,0x00,0x00,
    0x00,0x00,0x00,0x00,0x00,0x00,0x00,0x00,0x00,0x00,0x00,0x00,0x00,0x00,0x00,0x00,0x00,0x00,0x00,0x00,0x00,0x00,0x00,0x00,
    0x00,0x00,0x00,0x00,0x00,0x00,0x00,0x00,0x00,0x00,0x00,0x00,0x00,0x00,0x00,0x00,0x00,0x00,0x00,0x00,0x00,0x00,0x00,0x00,
    0x00,0x00,0x00,0x00,0x00,0x00,0x00,0x00,0x00,0x00,0x00,0x00,0x00,0x00,0x00,0x00,0x00,0x00,0x00,0x00,0x00,0x00,0x00,0x00,
    0x00,0x00,0x00,0x00,0x00,0x00,0x00,0x00,0x00,0x00,0x00,0x00,0x00,0x00,0x00,0x00,0x00,0x00,0x00,0x00,0x00,0x00,0x00,0x00,
    0x00,0x00,0x00,0x00,0x00,0x00,0x00,0x00,0x00,0x00,0x00,0x00,0x00,0x00,0x00,0x00,0x00,0x00,0x00,0x00,0x00,0x00,0x00,0x00,
    0x00,0x00,0x00,0x00,0x00,0x00,0x00,0x00,0x00,0x00,0x00,0x00,0x00,0x00,0x00,0x00,0x00,0x00,0x00,0x00,0x00,0x00,0x00,0x00,
    0x00,0x00,0x00,0x00,0x00,0x00,0x00,0x00,0x00,0x00,0x00,0x00,0x00,0x00,0x00,0x00,0x00,0x00,0x00,0x00,0x00,0x00,0x00,0x00,
    0x00,0x00,0x00,0x00,0x00,0x00,0x00,0x00,0x00,0x00,0x00,0x00,0x00,0x00,0x00,0x00,0x00,0x00,0x00,0x00,0x00,0x00,0x00,0x00,
    0x00,0x00,0x00,0x00,0x00,0x00,0x00,0x00,0x00,0x00,0x00,0x00,0x00,0x00,0x00,0x00,0x00,0x00,0x00,0x00,0x00,0x00,0x00,0x00,
    0x00,0x00,0x00,0x00,0x00,0x00,0x00,0x00,0x00,0x00,0x00,0x00,0x00,0x00,0x00,0x00,0x00,0x00,0x00,0x00,0x00,0x00,0x00,0x00,
    0x00,0x00,0x00,0x00,0x00,0x00,0x00,0x00,0x00,0x00,0x00,0x00,0x00,0x00,0x00,0x00,0x00,0x00,0x00,0x00,0x00,0x00,0x00,0x00,
    0x00,0x00,0x00,0x00,0x00,0x00,0x00,0x00,0x00,0x00,0x00,0x00,0x00,0x00,0x00,0x00,0x00,0x00,0x00,0x00,0x00,0x00,0x00,0x00,
    0x00,0x00,0x00,0x00,0x00,0x00,0x00,0x00,0x00,0x00,0x00,0x00,0x00,0x00,0x00,0x00,0x00,0x00,0x00,0x00,0x00,0x00,0x00,0x00,
    0x00,0x00,0x00,0x00,0x00,0x00,0x00,0x00,0x00,0x00,0x00,0x00,0x00,0x00,0x00,0x00,0x00,0x00,0x00,0x00,0x00,0x00,0x00,0x00,
    0x00,0x00,0x00,0x00,0x00,0x00,0x00,0x00,0x00,0x00,0x00,0x00,0x00,0x00,0x00,0x00,0x00,0x00,0x00,0x00,0x00,0x00,0x00,0x00,
    0x00,0x00,0x00,0x00,0x00,0x00,0x00,0x00,0x00,0x00,0x00,0x00,0x00,0x00,0x00,0x00,0x00,0x00,0x00,0x00,0x00,0x00,0x00,0x00,
    0x00,0x00,0x00,0x00,0x00,0x00,0x00,0x00,0x00,0x00,0x00,0x00,0x00,0x00,0x00,0x00,0x00,0x00,0x00,0x00,0x00,0x00,0x00,0x00,
    0x00,0x00,0x00,0x00,0x00,0x00,0x00,0x00,0x00,0x00,0x00,0x00,0x00,0x00,0x00,0x00,0x00,0x00,0x00,0x00,0x00,0x00,0x00,0x00,
    0x00,0x00,0x00,0x00,0x00,0x00,0x00,0x00,0x00,0x00,0x00,0x00,0x00,0x00,0x00,0x00,0x00,0x00,0x00,0x00,0x00,0x00,0x00,0x00,
    0x00,0x00,0x00,0x00,0x00,0x00,0x00,0x00,0x00,0x00,0x00,0x00,0x00,0x00,0x00,0x00,0x00,0x00,0x00,0x00,0x00,0x00,0x00,0x00,
    0x00,0x00,0x00,0x00,0x00,0x00,0x00,0x00,0x00,0x00,0x00,0x00,0x00,0x00,0x00,0x00,0x00,0x00,0x00,0x00,0x00,0x00,0x00,0x00,
    0x00,0x00,0x00,0x00,0x00,0x00,0x00,0x00,0x00,0x00,0x00,0x00,0x00,0x00,0x00,0x00,0x00,0x00,0x00,0x00,0x00,0x00,0x00,0x00,
    0x00,0x00,0x00,0x00,0x00,0x00,0x00,0x00,0x00,0x00,0x00,0x00,0x00,0x00,0x00,0x00,0x00,0x00,0x00,0x00,0x00,0x00,0x00,0x00,
    0x00,0x00,0x00,0x00,0x00,0x00,0x00,0x00,0x00,0x00,0x00,0x00,0x00,0x00,0x00,0x00,0x00,0x00,0x00,0x00,0x00,0x00,0x00,0x00,
    0x00,0x00,0x00,0x00,0x00,0x00,0x00,0x00,0x00,0x00,0x00,0x00,0x00,0x00,0x00,0x00,0x00,0x00,0x00,0x00,0x00,0x00,0x00,0x00,
    0x00,0x00,0x00,0x00,0x00,0x00,0x00,0x00,0x00,0x00,0x00,0x00,0x00,0x00,0x00,0x00,0x00,0x00,0x00,0x00,0x00,0x00,0x00,0x00,
    0x00,0x00,0x00,0x00,0x00,0x00,0x00,0x00,0x00,0x00,0x00,0x00,0x00,0x00,0x00,0x00,0x00,0x00,0x00,0x00,0x00,0x00,0x00,0x00,
    0x00,0x00,0x00,0x00,0x00,0x00,0x00,0x00,0x00,0x00,0x00,0x00,0x00,0x00,0x00,0x00,0x00,0x00,0x00,0x00,0x00,0x00,0x00,0x00,
    0x00,0x00,0x00,0x00,0x00,0x00,0x00,0x00,0x00,0x00,0x00,0x00,0x00,0x00,0x00,0x00,0x00,0x00,0x00,0x00,0x00,0x00,0x00,0x00,
    0x00,0x00,0x00,0x00,0x00,0x00,0x00,0x00,0x00,0x00,0x00,0x00,0x00,0x00,0x00,0x00,0x00,0x00,0x00,0x00,0x00,0x00,0x00,0x00,
    0x00,0x00,0x00,0x00,0x00,0x00,0x00,0x00,0x00,0x00,0x00,0x00,0x00,0x00,0x00,0x00,0x00,0x00,0x00,0x00,0x00,0x00,0x00,0x00,
    0x00,0x00,0x00,0x00,0x00,0x00,0x00,0x00,0x00,0x00,0x00,0x00,0x00,0x00,0x00,0x00,0x00,0x00,0x00,0x00,0x00,0x00,0x00,0x00,
    0x00,0x00,0x00,0x00,0x00,0x00,0x00,0x00,0x00,0x00,0x00,0x00,0x00,0x00,0x00,0x00,0x00,0x00,0x00,0x00,0x00,0x00,0x00,0x00,
    0x00,0x00,0x00,0x00,0x00,0x00,0x00,0x00,0x00,0x00,0x00,0x00,0x00,0x00,0x00,0x00,0x00,0x00,0x00,0x00,0x00,0x00,0x00,0x00,
    0x00,0x00,0x00,0x00,0x00,0x00,0x00,0x00,0x00,0x00,0x00,0x00,0x00,0x00,0x00,0x00,0x00,0x00,0x00,0x00,0x00,0x00,0x00,0x00,
    0x00,0x00,0x00,0x00,0x00,0x00,0x00,0x00,0x00,0x00,0x00,0x00,0x00,0x00,0x00,0x00,0x00,0x00,0x00,0x00,0x00,0x00,0x00,0x00,
    0x00,0x00,0x00,0x00,0x00,0x00,0x00,0x00,0x00,0x00,0x00,0x00,0x00,0x00,0x00,0x00,0x00,0x00,0x00,0x00,0x00,0x00,0x00,0x00,
    0x00,0x00,0x00,0x00,0x00,0x00,0x00,0x00,0x00,0x00,0x00,0x00,0x00,0x00,0x00,0x00,0x00,0x00,0x00,0x00,0x00,0x00,0x00,0x00,
    0x00,0x00,0x00,0x00,0x00,0x00,0x00,0x00,0x00,0x00,0x00,0x00,0x00,0x00,0x00,0x00,0x00,0x00,0x00,0x00,0x00,0x00,0x00,0x00,
    0x00,0x00,0x00,0x00,0x00,0x00,0x00,0x00,0x00,0x00,0x00,0x00,0x00,0x00,0x00,0x00,0x00,0x00,0x00,0x00,0x00,0x00,0x00,0x00,
    0x00,0x00,0x00,0x00,0x00,0x00,0x00,0x00,0x00,0x00,0x00,0x00,0x00,0x00,0x00,0x00,0x00,0x00,0x00,0x00,0x00,0x00,0x00,0x00,
    0x00,0x00,0x00,0x00,0x00,0x00,0x00,0x00,0x00,0x00,0x00,0x00,0x00,0x00,0x00,0x00,0x00,0x00,0x00,0x00,0x00,0x00,0x00,0x00,
    0x00,0x00,0x00,0x00,0x00,0x00,0x00,0x00,0x00,0x00,0x00,0x00,0x00,0x00,0x00,0x00,0x00,0x00,0x00,0x00,0x00,0x00,0x00,0x00,
    0x00,0x00,0x00,0x00,0x00,0x00,0x00,0x00,0x00,0x00,0x00,0x00,0x00,0x00,0x00,0x00,0x00,0x00,0x00,0x00,0x00,0x00,0x00,0x00,
    0x00,0x00,0x00,0x00,0x00,0x00,0x00,0x00,0x00,0x00,0x00,0x00,0x00,0x00,0x00,0x00,0x00,0x00,0x00,0x00,0x00,0x00,0x00,0x00,
    0x00,0x00,0x00,0x00,0x00,0x00,0x00,0x00,0x00,0x00,0x00,0x00,0x00,0x00,0x00,0x00,0x00,0x00,0x00,0x00,0x00,0x00,0x00,0x00,
    0x00,0x00,0x00,0x00,0x00,0x00,0x00,0x00,0x00,0x00,0x00,0x00,0x00,0x00,0x00,0x00,0x00,0x00,0x00,0x00,0x00,0x00,0x00,0x00,
    0x00,0x00,0x00,0x00,0x00,0x00,0x00,0x00,0x00,0x00,0x00,0x00,0x00,0x00,0x00,0x00,0x00,0x00,0x00,0x00,0x00,0x00,0x00,0x00,
    0x00,0x00,0x00,0x00,0x00,0x00,0x00,0x00,0x00,0x00,0x00,0x00,0x00,0x00,0x00,0x00,0x00,0x00,0xff,0x07,0xff,0x07,0x00,0x00,
    0x00,0x00,0x00,0x00,0x00,0x00,0x00,0x00,0x00,0x00,0x00,0x00,0x00,0x00,0x00,0x00,0x00,0x00,0x00,0x00,0x00,0x00,0x00,0x00,
    0x00,0x00,0x00,0x00,0x00,0x00,0x00,0x00,0x00,0x00,0x00,0x00,0x00,0x00,0x00,0x00,0x00,0x00,0x00,0x00,0x00,0x00,0x00,0x00,
    0x00,0x00,0x00,0x00,0x00,0x00,0x00,0x00,0x00,0x00,0x00,0x00,0x00,0x00,0x00,0x00,0x00,0x00,0x00,0x00,0x00,0x00,0x00,0x00,
    0x00,0x00,0x00,0x00,0x00,0x00,0x00,0x00,0x00,0x00,0x00,0x00,0x00,0x00,0x00,0x00,0x00,0x00,0x00,0x00,0x00,0x00,0x00,0x00,
    0x00,0x00,0x00,0x00,0x00,0x00,0x00,0x00,0x00,0x00,0x00,0x00,0x00,0x00,0x00,0x00,0x00,0x00,0x00,0x00,0x55,0x55,0x55,0x55,
    0x00,0x00,0x00,0x00,0x00,0x00,0x00,0x00,0xb5,0x52,0xef,0x7b,0xff,0xff,0x00,0x00,0x00,0x00,0x00,0x00,0x00,0x00,0x00,0x00,
    0x00,0x00,0x00,0x00,0x00,0x00,0x00,0x00,0x00,0x00,0x00,0x00,0x00,0x00,0x00,0x00,0x00,0x00,0x00,0x00,0x00,0x00,0x00,0x00,
    0x00,0x00,0x00,0x00,0x00,0x00,0x00,0x00,0x00,0x00,0x00,0x00,0x00,0x00,0x00,0x00,0x00,0x00,0x00,0x00,0x00,0x00,0x00,0x00,
    0x00,0x00,0x00,0x00,0x00,0x00,0x00,0x00,0x00,0x00,0x00,0x00,0x00,0x00,0x00,0x00,0x00,0x00,0x00,0x00,0x00,0x00,0x00,0x00,
    0x00,0x00,0x00,0x00,0x00,0x00,0x00,0x00,0x00,0x00,0x00,0x00,0x00,0x00,0x00,0x00,0x00,0x00,0x00,0x00,0x00,0x00,0x00,0x00,
    0xb5,0x52,0x00,0x00,0x00,0x00,0x00,0x00,0xb5,0x52,0xf3,0x6b,0xf1,0x6b,0x91,0x73,0x00,0x00,0x00,0x00,0x00,0x00,0x55,0x55,
    0x00,0x00,0x00,0x00,0x00,0x00,0x00,0x00,0x00,0x00,0x00,0x00,0x00,0x00,0x00,0x00,0x00,0x00,0x00,0x00,0x00,0x00,0x00,0x00,
    0x00,0x00,0x00,0x00,0x00,0x00,0x00,0x00,0x00,0x00,0x00,0x00,0x00,0x00,0x00,0x00,0x00,0x00,0x00,0x00,0x00,0x00,0x00,0x00,
    0x00,0x00,0x00,0x00,0x00,0x00,0x00,0x00,0x00,0x00,0x00,0x00,0x00,0x00,0x00,0x00,0x00,0x00,0x00,0x00,0x00,0x00,0x00,0x00,
    0x00,0x00,0x00,0x00,0x00,0x00,0x00,0x00,0x00,0x00,0x00,0x00,0x00,0x00,0x00,0x00,0x00,0x00,0x00,0x00,0x00,0x00,0x00,0x00,
    0x00,0x00,0x00,0x00,0x00,0x00,0x55,0x55,0x00,0x00,0xaf,0x52,0xb1,0x63,0xb1,0x63,0xb1,0x63,0xb1,0x63,0xb1,0x63,0xb1,0x63,
    0xb1,0x63,0xd1,0x63,0x91,0x6b,0x00,0x00,0xff,0xff,0xff,0x07,0x00,0x00,0x00,0x00,0x00,0x00,0x00,0x00,0x00,0x00,0x00,0x00,
    0x00,0x00,0x00,0x00,0x00,0x00,0x00,0x00,0x00,0x00,0x00,0x00,0x00,0x00,0x00,0x00,0x00,0x00,0x00,0x00,0x00,0x00,0x00,0x00,
    0x00,0x00,0x00,0x00,0x00,0x00,0x00,0x00,0x00,0x00,0x00,0x00,0x00,0x00,0x00,0x00,0x00,0x00,0x00,0x00,0x00,0x00,0x00,0x00,
    0x00,0x00,0x00,0x00,0x00,0x00,0x00,0x00,0x00,0x00,0x00,0x00,0x00,0x00,0x00,0x00,0x00,0x00,0x00,0x00,0x00,0x00,0x00,0x00,
    0x00,0x00,0x00,0x00,0x00,0x00,0x00,0x00,0x00,0x00,0x00,0x00,0xef,0x7b,0x00,0x00,0x91,0x63,0xd2,0x63,0xd2,0x6b,0xd2,0x6b,
    0xd2,0x63,0xb1,0x63,0xb1,0x63,0xb1,0x63,0xd2,0x6b,0xf2,0x6b,0xb1,0x63,0xb1,0x63,0x00,0x00,0x00,0x00,0xef,0x7b,0x00,0x00,
    0x00,0x00,0x00,0x00,0x00,0x00,0x00,0x00,0x00,0x00,0x00,0x00,0x00,0x00,0x00,0x00,0x00,0x00,0x00,0x00,0x00,0x00,0x00,0x00,
    0x00,0x00,0x00,0x00,0x00,0x00,0x00,0x00,0x00,0x00,0x00,0x00,0x00,0x00,0x00,0x00,0x00,0x00,0x00,0x00,0x00,0x00,0x00,0x00,
    0x00,0x00,0x00,0x00,0x00,0x00,0x00,0x00,0x00,0x00,0x00,0x00,0x00,0x00,0x00,0x00,0x00,0x00,0x00,0x00,0x00,0x00,0x00,0x00,
    0x00,0x00,0x00,0x00,0x00,0x00,0x00,0x00,0x00,0x00,0x00,0x00,0x00,0x00,0x00,0x00,0x00,0x00,0xff,0xff,0x00,0x00,0x91,0x63,
    0xd2,0x6b,0xd2,0x6b,0x91,0x63,0x91,0x63,0x91,0x63,0xb1,0x63,0xb1,0x63,0x91,0x63,0x91,0x63,0x91,0x63,0xb1,0x63,0xf2,0x6b,
    0xb1,0x63,0x8f,0x53,0x00,0x00,0xef,0x7b,0x00,0x00,0x00,0x00,0x00,0x00,0x00,0x00,0x00,0x00,0x00,0x00,0x00,0x00,0x00,0x00,
    0x00,0x00,0x00,0x00,0x00,0x00,0x00,0x00,0x00,0x00,0x00,0x00,0x00,0x00,0x00,0x00,0x00,0x00,0x00,0x00,0x00,0x00,0x00,0x00,
    0x00,0x00,0x00,0x00,0x00,0x00,0x00,0x00,0x00,0x00,0x00,0x00,0x00,0x00,0x00,0x00,0x00,0x00,0x00,0x00,0x00,0x00,0x00,0x00,
    0x00,0x00,0x00,0x00,0x00,0x00,0x00,0x00,0x00,0x00,0x00,0x00,0x00,0x00,0x00,0x00,0x00,0x00,0x00,0x00,0x00,0x00,0x00,0x00,
    0x55,0x55,0xff,0x07,0x91,0x63,0xf2,0x6b,0xb1,0x63,0x91,0x63,0xb1,0x63,0xb1,0x63,0xb1,0x63,0xb1,0x63,0xb1,0x63,0xb1,0x63,
    0xb1,0x63,0xb1,0x63,0x91,0x63,0x91,0x63,0xf2,0x6b,0xb1,0x63,0xd0,0x5b,0xef,0x7b,0xff,0x07,0x00,0x00,0x00,0x00,0x00,0x00,
    0x00,0x00,0x00,0x00,0x00,0x00,0x00,0x00,0x00,0x00,0x00,0x00,0x00,0x00,0x00,0x00,0x00,0x00,0x00,0x00,0x00,0x00,0x00,0x00,
    0x00,0x00,0x00,0x00,0x00,0x00,0x00,0x00,0x00,0x00,0x00,0x00,0x00,0x00,0x00,0x00,0x00,0x00,0x00,0x00,0x00,0x00,0x00,0x00,
    0x00,0x00,0x00,0x00,0x00,0x00,0x00,0x00,0x00,0x00,0x00,0x00,0x00,0x00,0x00,0x00,0x00,0x00,0x00,0x00,0x00,0x00,0x00,0x00,
    0x00,0x00,0xff,0xff,0xff,0xff,0xf7,0x7b,0x00,0x00,0x91,0x63,0xf3,0x6b,0x91,0x63,0xb1,0x63,0xb1,0x63,0xb1,0x63,0xb1,0x63,
    0xb1,0x63,0xb1,0x63,0xb1,0x63,0xb1,0x63,0xb1,0x63,0xb1,0x63,0xb1,0x63,0xb1,0x63,0x91,0x63,0xf2,0x6b,0x91,0x63,0x00,0x00,
    0xb5,0x52,0x00,0x00,0x00,0x00,0x00,0x00,0x00,0x00,0x00,0x00,0x00,0x00,0x00,0x00,0x00,0x00,0x00,0x00,0x00,0x00,0x00,0x00,
    0x00,0x00,0x00,0x00,0x00,0x00,0x00,0x00,0x00,0x00,0x00,0x00,0x00,0x00,0x00,0x00,0x00,0x00,0x00,0x00,0x00,0x00,0x00,0x00,
    0x00,0x00,0x00,0x00,0x00,0x00,0x00,0x00,0x00,0x00,0x00,0x00,0x00,0x00,0x00,0x00,0x00,0x00,0x00,0x00,0x00,0x00,0x00,0x00,
    0x00,0x00,0x00,0x00,0xff,0xff,0xf7,0x7d,0xff,0x7b,0x00,0x00,0x00,0x00,0x00,0x00,0xb1,0x63,0xd1,0x6b,0xb1,0x63,0x91,0x63,
    0xb1,0x63,0xb1,0x63,0xb1,0x63,0xb1,0x63,0xb1,0x63,0x91,0x63,0x91,0x63,0x91,0x63,0xb1,0x63,0xb1,0x63,0xb1,0x63,0xb1,0x63,
    0xb1,0x63,0xb1,0x63,0xf2,0x6b,0xb1,0x63,0x00,0x00,0xb5,0x52,0x00,0x00,0x00,0x00,0x00,0x00,0x00,0x00,0x00,0x00,0x00,0x00,
    0x00,0x00,0x00,0x00,0x00,0x00,0x00,0x00,0x00,0x00,0x00,0x00,0x00,0x00,0x00,0x00,0x00,0x00,0x00,0x00,0x00,0x00,0x00,0x00,
    0x00,0x00,0x00,0x00,0x00,0x00,0x00,0x00,0x00,0x00,0x00,0x00,0x00,0x00,0x00,0x00,0x00,0x00,0x00,0x00,0x00,0x00,0x00,0x00,
    0x00,0x00,0x00,0x00,0x00,0x00,0x00,0x00,0x00,0x00,0x55,0xad,0x00,0x00,0x00,0x00,0x00,0x00,0x57,0x9d,0x15,0x95,0xd6,0x8c,
    0xb1,0x63,0xd2,0x6b,0x91,0x63,0xb1,0x63,0xb1,0x63,0xb1,0x63,0x91,0x63,0x91,0x63,0xb1,0x63,0xb1,0x63,0xb1,0x63,0xb1,0x63,
    0x91,0x63,0x91,0x63,0x91,0x63,0xb1,0x63,0xb1,0x63,0x91,0x63,0xb1,0x63,0xb1,0x63,0xd2,0x63,0x00,0x00,0xff,0x07,0x00,0x00,
    0x00,0x00,0x00,0x00,0x00,0x00,0x00,0x00,0x00,0x00,0x00,0x00,0x00,0x00,0x00,0x00,0x00,0x00,0x00,0x00,0x00,0x00,0x00,0x00,
    0x00,0x00,0x00,0x00,0x00,0x00,0x00,0x00,0x00,0x00,0x00,0x00,0x00,0x00,0x00,0x00,0x00,0x00,0x00,0x00,0x00,0x00,0x00,0x00,
    0x00,0x00,0x00,0x00,0x00,0x00,0x00,0x00,0x00,0x00,0x00,0x00,0x00,0x00,0xff,0xff,0xff,0xff,0x00,0x00,0x17,0x95,0x37,0x95,
    0x37,0x95,0x17,0x95,0x37,0x95,0xf6,0x8c,0xb1,0x63,0x91,0x63,0xb1,0x63,0xb1,0x63,0x91,0x63,0xb1,0x63,0x33,0x74,0x94,0x84,
    0xf6,0x8c,0x16,0x95,0x16,0x95,0xf6,0x8c,0xb5,0x84,0x53,0x7c,0xd1,0x6b,0x91,0x63,0xb1,0x63,0xb1,0x63,0x91,0x63,0xd2,0x6b,
    0x91,0x63,0xef,0x7b,0xf3,0x7b,0xef,0x7b,0x00,0x00,0x00,0x00,0x00,0x00,0x00,0x00,0x00,0x00,0x00,0x00,0x00,0x00,0x00,0x00,
    0x00,0x00,0x00,0x00,0x00,0x00,0x00,0x00,0x00,0x00,0x00,0x00,0x00,0x00,0x00,0x00,0x00,0x00,0x00,0x00,0x00,0x00,0x00,0x00,
    0x00,0x00,0x00,0x00,0x00,0x00,0x00,0x00,0x00,0x00,0x00,0x00,0x00,0x00,0x00,0x00,0x00,0x00,0x00,0x00,0xff,0xff,0x00,0x00,
    0x00,0x00,0x37,0x95,0x37,0x9d,0x78,0x9d,0x58,0x9d,0x37,0x95,0x57,0x9d,0x94,0x84,0x90,0x63,0xb1,0x63,0xb1,0x63,0x91,0x63,
    0x13,0x74,0xf6,0x8c,0x37,0x95,0x37,0x95,0x37,0x95,0x37,0x95,0x37,0x95,0x37,0x95,0x37,0x95,0x37,0x9d,0x16,0x95,0x54,0x7c,
    0x91,0x63,0x91,0x63,0xb1,0x63,0xf2,0x6b,0xb1,0x63,0x00,0x00,0x00,0x00,0x00,0x00,0x55,0xad,0x00,0x00,0x00,0x00,0x00,0x00,
    0x00,0x00,0x00,0x00,0x00,0x00,0x00,0x00,0x00,0x00,0x00,0x00,0x00,0x00,0x00,0x00,0x00,0x00,0x00,0x00,0x00,0x00,0x00,0x00,
    0x00,0x00,0x00,0x00,0x00,0x00,0x00,0x00,0x00,0x00,0x00,0x00,0x00,0x00,0x00,0x00,0x00,0x00,0x00,0x00,0x00,0x00,0x00,0x00,
    0x00,0x00,0xff,0xff,0xff,0xff,0x17,0x95,0x37,0x95,0x78,0xa5,0x37,0x95,0x16,0x95,0x17,0x95,0x16,0x95,0x37,0x95,0x12,0x74,
    0x91,0x63,0xb1,0x63,0x91,0x63,0x74,0x7c,0x37,0x95,0x37,0x95,0x16,0x95,0x16,0x95,0x17,0x95,0x17,0x95,0x17,0x95,0x17,0x95,
    0x16,0x95,0x16,0x95,0x37,0x95,0x37,0x9d,0xb5,0x84,0x95,0x84,0xf6,0x8c,0x16,0x95,0x16,0x95,0x37,0x95,0x57,0x9d,0x36,0x95,
    0x00,0x00,0xef,0x7b,0x00,0x00,0x00,0x00,0x00,0x00,0x00,0x00,0x00,0x00,0x00,0x00,0x00,0x00,0x00,0x00,0x00,0x00,0x00,0x00,
    0x00,0x00,0x00,0x00,0x00,0x00,0x00,0x00,0x00,0x00,0x00,0x00,0x00,0x00,0x00,0x00,0x00,0x00,0x00,0x00,0x00,0x00,0x00,0x00,
    0x00,0x00,0x00,0x00,0x00,0x00,0x00,0x00,0x00,0x00,0x55,0xad,0xef,0x7b,0x17,0x95,0x99,0xa5,0x16,0x95,0x16,0x95,0x17,0x95,
    0x17,0x95,0x37,0x95,0x16,0x95,0xd2,0x6b,0x91,0x63,0x91,0x63,0x94,0x84,0x57,0x9d,0x16,0x95,0x17,0x95,0x17,0x95,0x17,0x95,
    0x17,0x95,0x17,0x95,0x17,0x95,0x17,0x95,0x17,0x95,0x17,0x95,0x17,0x95,0x16,0x95,0x37,0x95,0x37,0x95,0x37,0x95,0x37,0x95,
    0x37,0x95,0x58,0x9d,0x78,0x9d,0x37,0x9d,0x37,0x95,0x00,0x00,0xef,0x7b,0xff,0xff,0x00,0x00,0x00,0x00,0x00,0x00,0x00,0x00,
    0x00,0x00,0x00,0x00,0x00,0x00,0x00,0x00,0x00,0x00,0x00,0x00,0x00,0x00,0x00,0x00,0x00,0x00,0x00,0x00,0x00,0x00,0x00,0x00,
    0x00,0x00,0x00,0x00,0x00,0x00,0x00,0x00,0x00,0x00,0x00,0x00,0x00,0x00,0x00,0x00,0xff,0xaf,0x00,0x00,0x16,0x95,0x98,0xa5,
    0x16,0x95,0x17,0x95,0x17,0x95,0x17,0x95,0x17,0x95,0x37,0x95,0x16,0x95,0xd1,0x6b,0x90,0x63,0x54,0x7c,0x57,0x9d,0x16,0x95,
    0x17,0x95,0x17,0x95,0x17,0x95,0x17,0x95,0x17,0x95,0x17,0x95,0x17,0x95,0x17,0x95,0x17,0x95,0x17,0x95,0x17,0x95,0x17,0x95,
    0x16,0x95,0x16,0x95,0x17,0x95,0x17,0x95,0x17,0x95,0x17,0x95,0x16,0x95,0x37,0x95,0x99,0xa5,0x16,0x95,0xff,0xff,0xff,0xaf,
    0x00,0x00,0x00,0x00,0x00,0x00,0x00,0x00,0x00,0x00,0x00,0x00,0x00,0x00,0x00,0x00,0x00,0x00,0x00,0x00,0x00,0x00,0x00,0x00,
    0x00,0x00,0x00,0x00,0x00,0x00,0x00,0x00,0x00,0x00,0x00,0x00,0x00,0x00,0x00,0x00,0x00,0x00,0x00,0x00,0x00,0x00,0xff,0xff,
    0xff,0x07,0x56,0x9d,0x37,0x95,0x37,0x9d,0x16,0x95,0x17,0x95,0x17,0x95,0x37,0x95,0x37,0x95,0x17,0x95,0xf6,0x94,0x91,0x63,
    0xf2,0x6b,0x37,0x95,0x17,0x95,0x17,0x95,0x17,0x95,0x17,0x95,0x17,0x95,0x17,0x95,0x17,0x95,0x17,0x95,0x17,0x95,0x17,0x95,
    0x17,0x95,0x17,0x95,0x17,0x95,0x17,0x95,0x17,0x95,0x17,0x95,0x17,0x95,0x17,0x95,0x17,0x95,0x17,0x95,0x17,0x95,0x16,0x95,
    0x17,0x95,0x99,0xa5,0x16,0x95,0x00,0x00,0x55,0xad,0x00,0x00,0x00,0x00,0x00,0x00,0x00,0x00,0x00,0x00,0x00,0x00,0x00,0x00,
    0x00,0x00,0x00,0x00,0x00,0x00,0x00,0x00,0x00,0x00,0x00,0x00,0x00,0x00,0x00,0x00,0x00,0x00,0x00,0x00,0x00,0x00,0x00,0x00,
    0x00,0x00,0x00,0x00,0x00,0x00,0xf7,0xbd,0x00,0x00,0x36,0x95,0x78,0x9d,0x16,0x95,0x17,0x95,0x37,0x95,0x16,0x95,0xf6,0x8c,
    0x16,0x95,0x57,0x9d,0x37,0x95,0xf2,0x6b,0xd5,0x8c,0x37,0x95,0x16,0x95,0x17,0x95,0x17,0x95,0x17,0x95,0x17,0x95,0x17,0x95,
    0x17,0x95,0x17,0x95,0x17,0x95,0x17,0x95,0x17,0x95,0x17,0x95,0x17,0x95,0x17,0x95,0x17,0x95,0x17,0x95,0x17,0x95,0x17,0x95,
    0x17,0x95,0x17,0x95,0x17,0x95,0x17,0x95,0x16,0x95,0x37,0x95,0x57,0x9d,0x16,0x95,0x00,0x00,0xff,0xff,0x00,0x00,0x00,0x00,
    0x00,0x00,0x00,0x00,0x00,0x00,0x00,0x00,0x00,0x00,0x00,0x00,0x00,0x00,0x00,0x00,0x00,0x00,0x00,0x00,0x00,0x00,0x00,0x00,
    0x00,0x00,0x00,0x00,0x00,0x00,0x00,0x00,0x00,0x00,0x00,0x00,0x00,0x00,0xff,0x7f,0xf7,0x7b,0x16,0x95,0x58,0x9d,0x17,0x95,
    0x17,0x95,0xf6,0x8c,0x57,0x9d,0x1a,0xbe,0xbc,0xce,0x1d,0xdf,0x3d,0xdf,0xbc,0xd6,0x37,0x95,0x17,0x95,0x17,0x95,0x17,0x95,
    0x17,0x95,0x17,0x95,0x17,0x95,0x17,0x95,0x17,0x95,0x17,0x95,0x17,0x95,0x17,0x95,0x17,0x95,0x17,0x95,0x17,0x95,0x17,0x95,
    0x37,0x95,0x37,0x95,0x16,0x95,0x16,0x95,0x16,0x95,0x37,0x95,0x37,0x95,0x17,0x95,0x17,0x95,0x16,0x95,0x78,0x9d,0x16,0x95,
    0x00,0x00,0xff,0xaf,0x00,0x00,0x00,0x00,0x00,0x00,0x00,0x00,0x00,0x00,0x00,0x00,0x00,0x00,0x00,0x00,0x00,0x00,0x00,0x00,
    0x00,0x00,0x00,0x00,0x00,0x00,0x00,0x00,0x00,0x00,0x00,0x00,0x00,0x00,0x00,0x00,0x00,0x00,0x00,0x00,0xff,0xff,0x00,0x00,
    0xff,0xff,0x17,0x95,0x37,0x9d,0x16,0x95,0x16,0x95,0x3a,0xbe,0x3d,0xdf,0x7e,0xef,0x5e,0xe7,0x5e,0xe7,0x7e,0xef,0x5a,0xbe,
    0xf6,0x8c,0x37,0x95,0x17,0x95,0x17,0x95,0x17,0x95,0x17,0x95,0x17,0x95,0x17,0x95,0x17,0x95,0x17,0x95,0x17,0x95,0x17,0x95,
    0x17,0x95,0x17,0x95,0x37,0x95,0x16,0x95,0xf6,0x8c,0xf6,0x8c,0x37,0x95,0x57,0x9d,0x37,0x9d,0x16,0x95,0xf6,0x8c,0x16,0x95,
    0x37,0x95,0x16,0x95,0x37,0x9d,0x16,0x95,0x96,0x9d,0x00,0x00,0xff,0xff,0x00,0x00,0x00,0x00,0x00,0x00,0x00,0x00,0x00,0x00,
    0x00,0x00,0x00,0x00,0x00,0x00,0x00,0x00,0x00,0x00,0x00,0x00,0x00,0x00,0x00,0x00,0x00,0x00,0x00,0x00,0x00,0x00,0x00,0x00,
    0x00,0x00,0x00,0x00,0xff,0xff,0x00,0x00,0xd2,0x6b,0x37,0x95,0x16,0x95,0x37,0x9d,0xbc,0xce,0x7e,0xef,0x5e,0xe7,0x3d,0xe7,
    0x3d,0xe7,0x3d,0xe7,0x5e,0xe7,0xb8,0xad,0xf6,0x94,0x37,0x95,0x17,0x95,0x17,0x95,0x17,0x95,0x17,0x95,0x17,0x95,0x17,0x95,
    0x17,0x95,0x17,0x95,0x17,0x95,0x17,0x95,0x17,0x95,0x37,0x95,0xf6,0x8c,0x37,0x95,0xf9,0xb5,0x9b,0xce,0x1d,0xdf,0x3d,0xdf,
    0x1d,0xdf,0xbc,0xce,0x1a,0xbe,0x57,0x9d,0xf6,0x8c,0x17,0x95,0x16,0x95,0x37,0x9d,0x57,0x95,0x00,0x00,0x55,0xad,0x00,0x00,
    0x00,0x00,0x00,0x00,0x00,0x00,0x00,0x00,0x00,0x00,0x00,0x00,0x00,0x00,0x00,0x00,0x00,0x00,0x00,0x00,0x00,0x00,0x00,0x00,
    0x00,0x00,0x00,0x00,0x00,0x00,0x00,0x00,0x00,0x00,0xb5,0x52,0x1f,0x00,0x91,0x63,0x13,0x74,0x16,0x95,0x16,0x95,0xbc,0xce,
    0x7e,0xef,0x3d,0xe7,0x5e,0xe7,0x5e,0xe7,0x5e,0xe7,0x5e,0xe7,0x3d,0xdf,0x57,0x9d,0x16,0x95,0x17,0x95,0x17,0x95,0x17,0x95,
    0x17,0x95,0x17,0x95,0x17,0x95,0x17,0x95,0x17,0x95,0x17,0x95,0x17,0x95,0x17,0x95,0x37,0x95,0xf6,0x8c,0xb8,0xad,0xfd,0xde,
    0x7e,0xef,0x7e,0xe7,0x5e,0xe7,0x5e,0xe7,0x5e,0xe7,0x5e,0xe7,0x7e,0xef,0x3d,0xe7,0x19,0xb6,0x16,0x95,0x16,0x95,0x58,0x9d,
    0x36,0x95,0x00,0x00,0x55,0xad,0x00,0x00,0x00,0x00,0x00,0x00,0x00,0x00,0x00,0x00,0x00,0x00,0x00,0x00,0x00,0x00,0x00,0x00,
    0x00,0x00,0x00,0x00,0x00,0x00,0x00,0x00,0x00,0x00,0x00,0x00,0x00,0x00,0x00,0x00,0xb5,0x52,0x00,0x00,0x91,0x63,0xf3,0x6b,
    0xb1,0x63,0xb5,0x84,0x3a,0xbe,0x7e,0xef,0x3d,0xe7,0x5e,0xe7,0x5e,0xe7,0x5e,0xe7,0x5e,0xe7,0x5e,0xe7,0x3d,0xdf,0x37,0x9d,
    0x16,0x95,0x17,0x95,0x17,0x95,0x17,0x95,0x17,0x95,0x17,0x95,0x17,0x95,0x17,0x95,0x17,0x95,0x17,0x95,0x17,0x95,0x37,0x95,
    0xf6,0x8c,0xf9,0xb5,0x7e,0xe7,0x5e,0xe7,0x3d,0xe7,0x3d,0xe7,0x5e,0xe7,0x5e,0xe7,0x5e,0xe7,0x3d,0xe7,0x3d,0xe7,0x5e,0xe7,
    0x7e,0xef,0x7b,0xc6,0x16,0x95,0x57,0x9d,0x37,0x95,0x00,0x00,0x55,0xad,0x00,0x00,0x00,0x00,0x00,0x00,0x00,0x00,0x00,0x00,
    0x00,0x00,0x00,0x00,0x00,0x00,0x00,0x00,0x00,0x00,0x00,0x00,0x00,0x00,0x00,0x00,0x00,0x00,0x00,0x00,0x00,0x00,0xef,0x7b,
    0x00,0x00,0xb1,0x63,0xb1,0x63,0xb1,0x63,0x70,0x5b,0x94,0x84,0x3e,0xe7,0x5e,0xe7,0x5e,0xe7,0x5e,0xe7,0x5e,0xe7,0x5e,0xe7,
    0x5e,0xe7,0x5e,0xe7,0x3d,0xdf,0x37,0x9d,0x16,0x95,0x17,0x95,0x17,0x95,0x17,0x95,0x17,0x95,0x17,0x95,0x17,0x95,0x17,0x95,
    0x17,0x95,0x17,0x95,0x37,0x95,0xf6,0x8c,0xb8,0xad,0x7e,0xe7,0x5e,0xe7,0x3d,0xe7,0x5e,0xe7,0x5e,0xe7,0x5e,0xe7,0x5e,0xe7,
    0x5e,0xe7,0x5e,0xe7,0x5e,0xe7,0x5e,0xe7,0x3d,0xe7,0x7e,0xef,0x5a,0xbe,0xf6,0x8c,0x77,0xa5,0x00,0x00,0xff,0xff,0x00,0x00,
    0x00,0x00,0x00,0x00,0x00,0x00,0x00,0x00,0x00,0x00,0x00,0x00,0x00,0x00,0x00,0x00,0x00,0x00,0x00,0x00,0x00,0x00,0x00,0x00,
    0x00,0x00,0x00,0x00,0x00,0x00,0xef,0x7b,0x00,0x00,0x91,0x63,0xf2,0x6b,0xb1,0x63,0x70,0x5b,0x57,0x9d,0x9f,0xef,0x3d,0xe7,
    0x5e,0xe7,0x5e,0xe7,0x5e,0xe7,0x5e,0xe7,0x5e,0xe7,0x5e,0xe7,0x3d,0xdf,0x57,0x9d,0x16,0x95,0x17,0x95,0x17,0x95,0x17,0x95,
    0x17,0x95,0x17,0x95,0x17,0x95,0x17,0x95,0x17,0x95,0x17,0x95,0x17,0x95,0x37,0x95,0xfd,0xde,0x5e,0xe7,0x3d,0xe7,0x5e,0xe7,
    0x5e,0xe7,0x5e,0xe7,0x5e,0xe7,0x5e,0xe7,0x5e,0xe7,0x5e,0xe7,0x5e,0xe7,0x5e,0xe7,0x5e,0xe7,0x3d,0xe7,0x9f,0xef,0xb8,0xad,
    0x00,0x00,0xff,0xff,0x00,0x00,0x00,0x00,0x00,0x00,0x00,0x00,0x00,0x00,0x00,0x00,0x00,0x00,0x00,0x00,0x00,0x00,0x00,0x00,
    0x00,0x00,0x00,0x00,0x00,0x00,0x00,0x00,0x00,0x00,0x00,0x00,0x00,0x00,0xff,0xff,0xef,0x7b,0x91,0x63,0xd2,0x6b,0xb1,0x63,
    0x90,0x5b,0x5a,0xc6,0x7e,0xef,0x3d,0xe7,0x5e,0xe7,0x5e,0xe7,0x5e,0xe7,0x5e,0xe7,0x5e,0xe7,0x3d,0xe7,0x5e,0xe7,0x98,0xa5,
    0xf6,0x94,0x37,0x95,0x17,0x95,0x17,0x95,0x17,0x95,0x17,0x95,0x17,0x95,0x17,0x95,0x17,0x95,0x37,0x95,0xf6,0x8c,0xf9,0xb5,
    0x7e,0xef,0x3d,0xe7,0x5e,0xe7,0x5e,0xe7,0x5e,0xe7,0x5e,0xe7,0x5e,0xe7,0x5e,0xe7,0x5e,0xe7,0x5e,0xe7,0x5e,0xe7,0x5e,0xe7,
    0x5e,0xe7,0x3d,0xe7,0xdf,0xf7,0x7e,0xe7,0x00,0x00,0xff,0xff,0x00,0x00,0x00,0x00,0x00,0x00,0x00,0x00,0x00,0x00,0x00,0x00,
    0x00,0x00,0x00,0x00,0x00,0x00,0x00,0x00,0x00,0x00,0x00,0x00,0x00,0x00,0x00,0x00,0x00,0x00,0x00,0x00,0xff,0x07,0x00,0x00,
    0xd0,0x5b,0x91,0x63,0xb1,0x63,0x91,0x63,0xd1,0x6b,0xfd,0xde,0x5e,0xe7,0x3e,0xe7,0x5e,0xe7,0x5e,0xe7,0x5e,0xe7,0x5e,0xe7,
    0x5e,0xe7,0x3d,0xe7,0x7e,0xef,0x1a,0xb6,0xf6,0x8c,0x37,0x95,0x17,0x95,0x17,0x95,0x17,0x95,0x17,0x95,0x17,0x95,0x17,0x95,
    0x17,0x95,0x37,0x95,0xf6,0x8c,0x9b,0xce,0x7e,0xe7,0x3d,0xe7,0x5e,0xe7,0x5e,0xe7,0x5e,0xe7,0x5e,0xe7,0x5e,0xe7,0x5e,0xe7,
    0x5e,0xe7,0x5e,0xe7,0x5e,0xe7,0x5e,0xe7,0x5e,0xe7,0x3d,0xe7,0x7e,0xef,0x3d,0xe7,0x9c,0xd6,0x00,0x00,0xff,0xff,0x00,0x00,
    0x00,0x00,0x00,0x00,0x00,0x00,0x00,0x00,0x00,0x00,0x00,0x00,0x00,0x00,0x00,0x00,0x00,0x00,0x00,0x00,0x00,0x00,0x00,0x00,
    0x00,0x00,0x00,0x00,0xff,0x07,0x00,0x00,0xf1,0x53,0xb1,0x63,0xb1,0x63,0x91,0x63,0x94,0x84,0x3d,0xdf,0x5e,0xe7,0x5e,0xe7,
    0x5e,0xe7,0x5e,0xe7,0x5e,0xe7,0x5e,0xe7,0x5e,0xe7,0x3d,0xe7,0x7e,0xe7,0xdc,0xd6,0x16,0x95,0x37,0x95,0x17,0x95,0x17,0x95,
    0x17,0x95,0x17,0x95,0x17,0x95,0x17,0x95,0x17,0x95,0x17,0x95,0x37,0x95,0x1d,0xdf,0x5e,0xe7,0x5e,0xe7,0x5e,0xe7,0x5e,0xe7,
    0x5e,0xe7,0x5e,0xe7,0x5e,0xe7,0x5e,0xe7,0x5e,0xe7,0x5e,0xe7,0x5e,0xe7,0x5e,0xe7,0x5e,0xe7,0x5e,0xe7,0x3d,0xe7,0x7e,0xef,
    0x3e,0xe7,0x00,0x00,0xff,0xff,0x00,0x00,0x00,0x00,0x00,0x00,0x00,0x00,0x00,0x00,0x00,0x00,0x00,0x00,0x00,0x00,0x00,0x00,
    0x00,0x00,0x00,0x00,0x00,0x00,0x00,0x00,0x00,0x00,0x00,0x00,0x00,0x00,0x00,0x00,0xef,0x5b,0xb1,0x63,0xb1,0x63,0x74,0x84,
    0x78,0x9d,0x3d,0xdf,0x5e,0xe7,0x5e,0xe7,0x5e,0xe7,0x5e,0xe7,0x5e,0xe7,0x5e,0xe7,0x5e,0xe7,0x5e,0xe7,0x5e,0xe7,0x5e,0xe7,
    0x78,0xa5,0x16,0x95,0x37,0x95,0x17,0x95,0x17,0x95,0x17,0x95,0x17,0x95,0x17,0x95,0x17,0x95,0x16,0x95,0x37,0x9d,0x3d,0xdf,
    0x5e,0xe7,0x5e,0xe7,0x5e,0xe7,0x5e,0xe7,0x5e,0xe7,0x5e,0xe7,0x5e,0xe7,0x5e,0xe7,0x5e,0xe7,0x5e,0xe7,0x5e,0xe7,0x5e,0xe7,
    0x5e,0xe7,0x5e,0xe7,0x3d,0xe7,0x9f,0xef,0x5e,0xe7,0x00,0x00,0xff,0xff,0x00,0x00,0x00,0x00,0x00,0x00,0x00,0x00,0x00,0x00,
    0x00,0x00,0x00,0x00,0x00,0x00,0x00,0x00,0x00,0x00,0x00,0x00,0x00,0x00,0x00,0x00,0x00,0x00,0x00,0x00,0x00,0x00,0x55,0xad,
    0x00,0x00,0x70,0x5b,0xb5,0x84,0x57,0x9d,0x16,0x95,0xdc,0xd6,0x5e,0xe7,0x3d,0xe7,0x5e,0xe7,0x5e,0xe7,0x5e,0xe7,0x5e,0xe7,
    0x5e,0xe7,0x5e,0xe7,0x3d,0xe7,0x7e,0xe7,0x9b,0xce,0xf6,0x8c,0x37,0x95,0x17,0x95,0x17,0x95,0x17,0x95,0x17,0x95,0x17,0x95,
    0x17,0x95,0x16,0x95,0x37,0x9d,0x1d,0xdf,0x5e,0xe7,0x5e,0xe7,0x5e,0xe7,0x5e,0xe7,0x5e,0xe7,0x5e,0xe7,0x5e,0xe7,0x5e,0xe7,
    0x5e,0xe7,0x5e,0xe7,0x5e,0xe7,0x5e,0xe7,0x5e,0xe7,0x5e,0xe7,0x3d,0xe7,0x9f,0xef,0x3e,0xe7,0x00,0x00,0xff,0xff,0x00,0x00,
    0x00,0x00,0x00,0x00,0x00,0x00,0x00,0x00,0x00,0x00,0x00,0x00,0x00,0x00,0x00,0x00,0x00,0x00,0x00,0x00,0x00,0x00,0x00,0x00,
    0x00,0x00,0x00,0x00,0x00,0x00,0xef,0x7b,0x00,0x00,0x54,0x7c,0x58,0x9d,0x37,0x95,0xf6,0x8c,0x5a,0xbe,0x7e,0xef,0x3d,0xe7,
    0x5e,0xe7,0x5e,0xe7,0x5e,0xe7,0x5e,0xe7,0x5e,0xe7,0x5e,0xe7,0x5e,0xe7,0x3d,0xe7,0x7e,0xe7,0xd9,0xad,0xf6,0x8c,0x37,0x95,
    0x17,0x95,0x17,0x95,0x17,0x95,0x17,0x95,0x17,0x95,0x37,0x95,0x16,0x95,0xbc,0xce,0x7e,0xe7,0x3d,0xe7,0x5e,0xe7,0x5e,0xe7,
    0x5e,0xe7,0x5e,0xe7,0x5e,0xe7,0x5e,0xe7,0x5e,0xe7,0x5e,0xe7,0x5e,0xe7,0x5e,0xe7,0x5e,0xe7,0x3d,0xe7,0x7e,0xe7,0x5e,0xe7,
    0x3e,0xe7,0x00,0x00,0xff,0xff,0x00,0x00,0x00,0x00,0x00,0x00,0x00,0x00,0x00,0x00,0x00,0x00,0x00,0x00,0x00,0x00,0x00,0x00,
    0x00,0x00,0x00,0x00,0x00,0x00,0x00,0x00,0x00,0x00,0x00,0x00,0x00,0x00,0xff,0xaf,0x00,0x00,0x37,0x95,0x78,0x9d,0x17,0x95,
    0x16,0x95,0x78,0xa5,0x5e,0xe7,0x5e,0xe7,0x5e,0xe7,0x5e,0xe7,0x5e,0xe7,0x5e,0xe7,0x5e,0xe7,0x5e,0xe7,0x5e,0xe7,0x5e,0xe7,
    0x5e,0xe7,0x3d,0xdf,0x98,0xa5,0xf6,0x8c,0x37,0x95,0x17,0x95,0x17,0x95,0x17,0x95,0x17,0x95,0x37,0x95,0xf6,0x8c,0x3a,0xbe,
    0x7e,0xef,0x3d,0xe7,0x5e,0xe7,0x5e,0xe7,0x5e,0xe7,0x5e,0xe7,0x5e,0xe7,0x5e,0xe7,0x5e,0xe7,0x5e,0xe7,0x5e,0xe7,0x5e,0xe7,
    0x5e,0xe7,0x3d,0xe7,0xbf,0xef,0x3d,0xe7,0x00,0x00,0xff,0xff,0x00,0x00,0x00,0x00,0x00,0x00,0x00,0x00,0x00,0x00,0x00,0x00,
    0x00,0x00,0x00,0x00,0x00,0x00,0x00,0x00,0x00,0x00,0x00,0x00,0x00,0x00,0x00,0x00,0x00,0x00,0x00,0x00,0x00,0x00,0xff,0xff,
    0xf7,0xbd,0x16,0x95,0x58,0x9d,0x17,0x95,0x37,0x95,0xf6,0x8c,0x7b,0xc6,0x7e,0xef,0x3d,0xe7,0x5e,0xe7,0x5e,0xe7,0x5e,0xe7,
    0x5e,0xe7,0x5e,0xe7,0x5e,0xe7,0x5e,0xe7,0x3d,0xe7,0x5e,0xe7,0x3d,0xdf,0x98,0xa5,0xf6,0x8c,0x16,0x95,0x17,0x95,0x17,0x95,
    0x17,0x95,0x17,0x95,0x16,0x95,0x57,0x9d,0x3d,0xe7,0x5e,0xe7,0x5e,0xe7,0x5e,0xe7,0x5e,0xe7,0x5e,0xe7,0x5e,0xe7,0x5e,0xe7,
    0x5e,0xe7,0x5e,0xe7,0x5e,0xe7,0x5e,0xe7,0x5e,0xe7,0x5e,0xe7,0xbf,0xf7,0x5e,0xe7,0x00,0x00,0xff,0xff,0x00,0x00,0x00,0x00,
    0x00,0x00,0x00,0x00,0x00,0x00,0x00,0x00,0x00,0x00,0x00,0x00,0x00,0x00,0x00,0x00,0x00,0x00,0x00,0x00,0x00,0x00,0x00,0x00,
    0x00,0x00,0x00,0x00,0xff,0xff,0x00,0x00,0x36,0x95,0x17,0x95,0x37,0x95,0x16,0x95,0x17,0x95,0x17,0x95,0x37,0x95,0x1d,0xdf,
    0x7e,0xe7,0x3d,0xe7,0x5e,0xe7,0x5e,0xe7,0x5e,0xe7,0x5e,0xe7,0x5e,0xe7,0x5e,0xe7,0x5e,0xe7,0x3d,0xe7,0x5e,0xe7,0x5e,0xe7,
    0x1a,0xb6,0x37,0x9d,0x17,0x95,0x17,0x95,0x17,0x95,0x17,0x95,0x37,0x95,0xf6,0x8c,0x19,0xb6,0x7e,0xef,0x3d,0xe7,0x5e,0xe7,
    0x5e,0xe7,0x5e,0xe7,0x5e,0xe7,0x5e,0xe7,0x5e,0xe7,0x5e,0xe7,0x5e,0xe7,0x5e,0xe7,0x3d,0xe7,0xff,0xf7,0x3d,0xdf,0x00,0x00,
    0xff,0xff,0x00,0x00,0x00,0x00,0x00,0x00,0x00,0x00,0x00,0x00,0x00,0x00,0x00,0x00,0x00,0x00,0x00,0x00,0x00,0x00,0x00,0x00,
    0x00,0x00,0x00,0x00,0x00,0x00,0x00,0x00,0x00,0x00,0x00,0x00,0xff,0xff,0x00,0x00,0x57,0x9d,0x16,0x95,0x37,0x95,0x16,0x95,
    0x17,0x95,0x37,0x95,0x16,0x95,0x98,0xa5,0x3d,0xdf,0x7e,0xe7,0x3d,0xe7,0x3d,0xe7,0x5e,0xe7,0x5e,0xe7,0x5e,0xe7,0x5e,0xe7,
    0x5e,0xe7,0x3d,0xe7,0x3d,0xe7,0x5e,0xe7,0x7e,0xef,0xb9,0xad,0x16,0x95,0x37,0x95,0x17,0x95,0x17,0x95,0x17,0x95,0x37,0x95,
    0x16,0x95,0x7b,0xc6,0x7e,0xef,0x5e,0xe7,0x3d,0xe7,0x5e,0xe7,0x5e,0xe7,0x5e,0xe7,0x5e,0xe7,0x5e,0xe7,0x3d,0xe7,0x3d,0xe7,
    0xff,0xf7,0x7e,0xe7,0x1e,0xe7,0xff,0xff,0xff,0xff,0x00,0x00,0x00,0x00,0x00,0x00,0x00,0x00,0x00,0x00,0x00,0x00,0x00,0x00,
    0x00,0x00,0x00,0x00,0x00,0x00,0x00,0x00,0x00,0x00,0x00,0x00,0x00,0x00,0x00,0x00,0x00,0x00,0x00,0x00,0x00,0x00,0xff,0x07,
    0xf7,0x9c,0x17,0x95,0x57,0x9d,0x17,0x95,0x17,0x95,0x17,0x95,0x37,0x95,0x16,0x95,0x57,0x9d,0xbc,0xce,0x5e,0xe7,0x7e,0xe7,
    0x5e,0xe7,0x3e,0xe7,0x3d,0xe7,0x3d,0xe7,0x5e,0xe7,0x5e,0xe7,0x7e,0xe7,0xfd,0xd6,0x98,0xa5,0x16,0x95,0x37,0x95,0x17,0x95,
    0x17,0x95,0x17,0x95,0x17,0x95,0x17,0x95,0x17,0x95,0x16,0x95,0x3a,0xbe,0x5e,0xe7,0x7e,0xef,0x5e,0xe7,0x5e,0xe7,0x3d,0xe7,
    0x3e,0xe7,0x5e,0xe7,0x7e,0xe7,0x9f,0xef,0x5e,0xe7,0x1e,0xe7,0x00,0x00,0xff,0xff,0x00,0x00,0x00,0x00,0x00,0x00,0x00,0x00,
    0x00,0x00,0x00,0x00,0x00,0x00,0x00,0x00,0x00,0x00,0x00,0x00,0x00,0x00,0x00,0x00,0x00,0x00,0x00,0x00,0x00,0x00,0x00,0x00,
    0x00,0x00,0x00,0x00,0x00,0x00,0xff,0xaf,0x00,0x00,0x16,0x95,0x78,0x9d,0x16,0x95,0x17,0x95,0x17,0x95,0x17,0x95,0x37,0x95,
    0x16,0x95,0x16,0x95,0xb8,0xad,0xbc,0xce,0x3d,0xdf,0x5e,0xe7,0x5e,0xe7,0x5e,0xe7,0x3d,0xe7,0xdc,0xd6,0xf9,0xb5,0x17,0x95,
    0x16,0x95,0x37,0x95,0x17,0x95,0x17,0x95,0x17,0x95,0x17,0x95,0x17,0x95,0x17,0x95,0x17,0x95,0x17,0x95,0xf6,0x8c,0x98,0xa5,
    0x7b,0xc6,0x1d,0xdf,0x5e,0xe7,0x5e,0xe7,0x5e,0xe7,0x3d,0xdf,0xdc,0xd6,0xf9,0xb5,0x00,0x00,0x00,0x00,0xff,0xff,0x00,0x00,
    0x00,0x00,0x00,0x00,0x00,0x00,0x00,0x00,0x00,0x00,0x00,0x00,0x00,0x00,0x00,0x00,0x00,0x00,0x00,0x00,0x00,0x00,0x00,0x00,
    0x00,0x00,0x00,0x00,0x00,0x00,0x00,0x00,0x00,0x00,0x00,0x00,0x00,0x00,0x55,0xad,0x00,0x00,0x16,0x95,0x58,0x9d,0x16,0x95,
    0x17,0x95,0x17,0x95,0x17,0x95,0x17,0x95,0x17,0x95,0x37,0x95,0xf6,0x94,0xf6,0x94,0x57,0x9d,0xb8,0xa5,0xb8,0xad,0xb8,0xad,
    0x57,0x9d,0x16,0x95,0xf6,0x8c,0x17,0x95,0x37,0x95,0x17,0x95,0x17,0x95,0x17,0x95,0x17,0x95,0x17,0x95,0x17,0x95,0x17,0x95,
    0x17,0x95,0x17,0x95,0x37,0x95,0x16,0x95,0xf6,0x8c,0x37,0x95,0x98,0xa5,0xb8,0xad,0xb8,0xa5,0x37,0x9d,0x78,0x9d,0xd6,0x8c,
    0x00,0x00,0x79,0x9e,0x00,0x00,0x00,0x00,0x00,0x00,0x00,0x00,0x00,0x00,0x00,0x00,0x00,0x00,0x00,0x00,0x00,0x00,0x00,0x00,
    0x00,0x00,0x00,0x00,0x00,0x00,0x00,0x00,0x00,0x00,0x00,0x00,0x00,0x00,0x00,0x00,0x00,0x00,0x00,0x00,0x00,0x00,0x00,0x00,
    0x55,0xad,0x00,0x00,0x16,0x95,0x99,0xa5,0x16,0x95,0x17,0x95,0x17,0x95,0x17,0x95,0x17,0x95,0x17,0x95,0x37,0x95,0x37,0x95,
    0x16,0x95,0xf6,0x94,0xf6,0x94,0xf6,0x94,0x16,0x95,0x17,0x95,0x37,0x95,0x17,0x95,0x17,0x95,0x17,0x95,0x17,0x95,0x17,0x95,
    0x17,0x95,0x17,0x95,0x17,0x95,0x17,0x95,0x17,0x95,0x17,0x95,0x17,0x95,0x37,0x95,0x37,0x95,0x16,0x95,0x16,0x95,0xf6,0x94,
    0xf6,0x8c,0x58,0x9d,0x37,0x95,0xd9,0xad,0xff,0x7f,0xff,0xff,0x00,0x00,0x00,0x00,0x00,0x00,0x00,0x00,0x00,0x00,0x00,0x00,
    0x00,0x00,0x00,0x00,0x00,0x00,0x00,0x00,0x00,0x00,0x00,0x00,0x00,0x00,0x00,0x00,0x00,0x00,0x00,0x00,0x00,0x00,0x00,0x00,
    0x00,0x00,0x00,0x00,0x00,0x00,0x00,0x00,0xff,0xff,0xff,0x7b,0x57,0x8d,0x37,0x95,0x98,0xa5,0x16,0x95,0x17,0x95,0x17,0x95,
    0x17,0x95,0x17,0x95,0x17,0x95,0x17,0x95,0x17,0x95,0x37,0x95,0x37,0x95,0x37,0x95,0x17,0x95,0x17,0x95,0x17,0x95,0x17,0x95,
    0x17,0x95,0x17,0x95,0x17,0x95,0x17,0x95,0x17,0x95,0x17,0x95,0x17,0x95,0x17,0x95,0x17,0x95,0x17,0x95,0x17,0x95,0x17,0x95,
    0x17,0x95,0x17,0x95,0x37,0x95,0x16,0x95,0x58,0x9d,0x57,0x9d,0x16,0x95,0x00,0x00,0xff,0x7f,0x00,0x00,0x00,0x00,0x00,0x00,
    0x00,0x00,0x00,0x00,0x00,0x00,0x00,0x00,0x00,0x00,0x00,0x00,0x00,0x00,0x00,0x00,0x00,0x00,0x00,0x00,0x00,0x00,0x00,0x00,
    0x00,0x00,0x00,0x00,0x00,0x00,0x00,0x00,0x00,0x00,0x00,0x00,0x00,0x00,0x00,0x00,0x00,0x00,0xef,0x7b,0x00,0x00,0xd5,0x8c,
    0x37,0x9d,0x78,0x9d,0x58,0x9d,0x37,0x95,0x16,0x95,0x16,0x95,0x16,0x95,0x16,0x95,0x16,0x95,0x16,0x95,0x16,0x95,0x16,0x95,
    0x16,0x95,0x16,0x95,0x16,0x95,0x16,0x95,0x16,0x95,0x16,0x95,0x16,0x95,0x16,0x95,0x16,0x95,0x16,0x95,0x16,0x95,0x16,0x95,
    0x16,0x95,0x16,0x95,0x16,0x95,0x16,0x95,0x16,0x95,0x17,0x95,0x57,0x9d,0x98,0xa5,0x57,0x9d,0xf6,0x94,0x00,0x00,0x55,0xad,
    0x00,0x00,0x00,0x00,0x00,0x00,0x00,0x00,0x00,0x00,0x00,0x00,0x00,0x00,0x00,0x00,0x00,0x00,0x00,0x00,0x00,0x00,0x00,0x00,
    0x00,0x00,0x00,0x00,0x00,0x00,0x00,0x00,0x00,0x00,0x00,0x00,0x00,0x00,0x00,0x00,0x00,0x00,0x00,0x00,0x00,0x00,0x00,0x00,
    0x00,0x00,0x00,0x00,0xef,0x7b,0x00,0x00,0x00,0x00,0x37,0x95,0x37,0x95,0x37,0x95,0x58,0x9d,0x58,0x9d,0x58,0x9d,0x58,0x9d,
    0x58,0x9d,0x58,0x9d,0x58,0x9d,0x58,0x9d,0x58,0x9d,0x58,0x9d,0x58,0x9d,0x58,0x9d,0x58,0x9d,0x58,0x9d,0x58,0x9d,0x58,0x9d,
    0x58,0x9d,0x58,0x9d,0x58,0x9d,0x58,0x9d,0x58,0x9d,0x58,0x9d,0x58,0x9d,0x58,0x9d,0x58,0x9d,0x37,0x95,0x37,0x9d,0x57,0x9d,
    0xd5,0x8c,0x00,0x00,0x55,0xad,0x00,0x00,0x00,0x00,0x00,0x00,0x00,0x00,0x00,0x00,0x00,0x00,0x00,0x00,0x00,0x00,0x00,0x00,
    0x00,0x00,0x00,0x00,0x00,0x00,0x00,0x00,0x00,0x00,0x00,0x00,0x00,0x00,0x00,0x00,0x00,0x00,0x00,0x00,0x00,0x00,0x00,0x00,
    0x00,0x00,0x00,0x00,0x00,0x00,0x00,0x00,0x00,0x00,0x00,0x00,0x00,0x00,0xff,0xff,0xff,0xff,0x00,0x00,0x00,0x00,0x78,0x9d,
    0x57,0x9d,0x17,0x95,0x37,0x95,0x37,0x95,0x37,0x95,0x37,0x95,0x37,0x95,0x37,0x95,0x37,0x95,0x37,0x95,0x37,0x95,0x37,0x95,
    0x37,0x95,0x37,0x95,0x37,0x95,0x37,0x95,0x37,0x95,0x37,0x95,0x37,0x95,0x37,0x95,0x37,0x95,0x37,0x95,0x37,0x95,0x17,0x95,
    0x78,0x9d,0x78,0x9d,0x55,0xad,0x00,0x00,0x00,0x00,0xef,0x7b,0x00,0x00,0x00,0x00,0x00,0x00,0x00,0x00,0x00,0x00,0x00,0x00,
    0x00,0x00,0x00,0x00,0x00,0x00,0x00,0x00,0x00,0x00,0x00,0x00,0x00,0x00,0x00,0x00,0x00,0x00,0x00,0x00,0x00,0x00,0x00,0x00,
    0x00,0x00,0x00,0x00,0x00,0x00,0x00,0x00,0x00,0x00,0x00,0x00,0x00,0x00,0x00,0x00,0x00,0x00,0x00,0x00,0x00,0x00,0x00,0x00,
    0x00,0x00,0x55,0xad,0xff,0xff,0x00,0x00,0x00,0x00,0x00,0x00,0x00,0x00,0x00,0x00,0x00,0x00,0x00,0x00,0x00,0x00,0x00,0x00,
    0x00,0x00,0x00,0x00,0x00,0x00,0x00,0x00,0x00,0x00,0x00,0x00,0x00,0x00,0x00,0x00,0x00,0x00,0x00,0x00,0x00,0x00,0x00,0x00,
    0x00,0x00,0x00,0x00,0x00,0x00,0x00,0x00,0x00,0x00,0x00,0x00,0x00,0x00,0x5f,0xad,0xff,0xff,0x00,0x00,0x00,0x00,0x00,0x00,
    0x00,0x00,0x00,0x00,0x00,0x00,0x00,0x00,0x00,0x00,0x00,0x00,0x00,0x00,0x00,0x00,0x00,0x00,0x00,0x00,0x00,0x00,0x00,0x00,
    0x00,0x00,0x00,0x00,0x00,0x00,0x00,0x00,0x00,0x00,0x00,0x00,0x00,0x00,0x00,0x00,0x00,0x00,0x00,0x00,0x00,0x00,0x00,0x00,
    0x00,0x00,0x00,0x00,0x00,0x00,0x00,0x00,0x00,0x00,0x00,0x00,0x00,0x00,0xef,0x7b,0x55,0xad,0x55,0xad,0x55,0xad,0x55,0xad,
    0x55,0xad,0x55,0xad,0x55,0xad,0x55,0xad,0x55,0xad,0x55,0xad,0x55,0xad,0x55,0xad,0x55,0xad,0x55,0xad,0x55,0xad,0x55,0xad,
    0x55,0xad,0x55,0xad,0x55,0xad,0x55,0xad,0x55,0xad,0x55,0xad,0x55,0xad,0x55,0xad,0x55,0xad,0xff,0x7b,0x00,0x00,0x00,0x00,
    0x00,0x00,0x00,0x00,0x00,0x00,0x00,0x00,0x00,0x00,0x00,0x00,0x00,0x00,0x00,0x00,0x00,0x00,0x00,0x00,0x00,0x00,0x00,0x00,
    0x00,0x00,0x00,0x00,0x00,0x00,0x00,0x00,0x00,0x00,0x00,0x00,0x00,0x00,0x00,0x00,0x00,0x00,0x00,0x00,0x00,0x00,0x00,0x00,
    0x00,0x00,0x00,0x00,0x00,0x00,0x00,0x00,0x00,0x00,0x00,0x00,0x00,0x00,0x00,0x00,0x00,0x00,0x00,0x00,0x00,0x00,0x00,0x00,
    0x00,0x00,0x00,0x00,0x00,0x00,0x00,0x00,0x00,0x00,0x00,0x00,0x00,0x00,0x00,0x00,0x00,0x00,0x00,0x00,0x00,0x00,0x00,0x00,
    0x00,0x00,0x00,0x00,0x00,0x00,0x00,0x00,0x00,0x00,0x00,0x00,0x00,0x00,0x00,0x00,0x00,0x00,0x00,0x00,0x00,0x00,0x00,0x00,
    0x00,0x00,0x00,0x00,0x00,0x00,0x00,0x00,0x00,0x00,0x00,0x00,0x00,0x00,0x00,0x00,0x00,0x00,0x00,0x00,0x00,0x00,0x00,0x00,
    0x00,0x00,0x00,0x00,0x00,0x00,0x00,0x00,0x00,0x00,0x00,0x00,0x00,0x00,0x00,0x00,0x00,0x00,0x00,0x00,0x00,0x00,0x00,0x00,
    0x00,0x00,0x00,0x00,0x00,0x00,0x00,0x00,0x00,0x00,0x00,0x00,0x00,0x00,0x00,0x00,0x00,0x00,0x00,0x00,0x00,0x00,0x00,0x00,
    0x00,0x00,0x00,0x00,0x00,0x00,0x00,0x00,0x00,0x00,0x00,0x00,0x00,0x00,0x00,0x00,0x00,0x00,0x00,0x00,0x00,0x00,0x00,0x00,
    0x00,0x00,0x00,0x00,0x00,0x00,0x00,0x00,0x00,0x00,0x00,0x00,0x00,0x00,0x00,0x00,0x00,0x00,0x00,0x00,0x00,0x00,0x00,0x00,
    0x00,0x00,0x00,0x00,0x00,0x00,0x00,0x00,0x00,0x00,0x00,0x00,0x00,0x00,0x00,0x00,0x00,0x00,0x00,0x00,0x00,0x00,0x00,0x00,
    0x00,0x00,0x00,0x00,0x00,0x00,0x00,0x00,0x00,0x00,0x00,0x00,0x00,0x00,0x00,0x00,0x00,0x00,0x00,0x00,0x00,0x00,0x00,0x00,
    0x00,0x00,0x00,0x00,0x00,0x00,0x00,0x00,0x00,0x00,0x00,0x00,0x00,0x00,0x00,0x00,0x00,0x00,0x00,0x00,0x00,0x00,0x00,0x00,
    0x00,0x00,0x00,0x00,0x00,0x00,0x00,0x00,0x00,0x00,0x00,0x00,0x00,0x00,0x00,0x00,0x00,0x00,0x00,0x00,0x00,0x00,0x00,0x00,
    0x00,0x00,0x00,0x00,0x00,0x00,0x00,0x00,0x00,0x00,0x00,0x00,0x00,0x00,0x00,0x00,0x00,0x00,0x00,0x00,0x00,0x00,0x00,0x00,
    0x00,0x00,0x00,0x00,0x00,0x00,0x00,0x00,0x00,0x00,0x00,0x00,0x00,0x00,0x00,0x00,0x00,0x00,0x00,0x00,0x00,0x00,0x00,0x00,
    0x00,0x00,0x00,0x00,0x00,0x00,0x00,0x00,0x00,0x00,0x00,0x00,0x00,0x00,0x00,0x00,0x00,0x00,0x00,0x00,0x00,0x00,0x00,0x00,
    0x00,0x00,0x00,0x00,0x00,0x00,0x00,0x00,0x00,0x00,0x00,0x00,0x00,0x00,0x00,0x00,0x00,0x00,0x00,0x00,0x00,0x00,0x00,0x00,
    0x00,0x00,0x00,0x00,0x00,0x00,0x00,0x00,0x00,0x00,0x00,0x00,0x00,0x00,0x00,0x00,0x00,0x00,0x00,0x00,0x00,0x00,0x00,0x00,
    0x00,0x00,0x00,0x00,0x00,0x00,0x00,0x00,0x00,0x00,0x00,0x00,0x00,0x00,0x00,0x00,0x00,0x00,0x00,0x00,0x00,0x00,0x00,0x00,
    0x00,0x00,0x00,0x00,0x00,0x00,0x00,0x00,0x00,0x00,0x00,0x00,0x00,0x00,0x00,0x00,0x00,0x00,0x00,0x00,0x00,0x00,0x00,0x00,
    0x00,0x00,0x00,0x00,0x00,0x00,0x00,0x00,0x00,0x00,0x00,0x00,0x00,0x00,0x00,0x00,0x00,0x00,0x00,0x00,0x00,0x00,0x00,0x00,
    0x00,0x00,0x00,0x00,0x00,0x00,0x00,0x00,0x00,0x00,0x00,0x00,0x00,0x00,0x00,0x00,0x00,0x00,0x00,0x00,0x00,0x00,0x00,0x00,
    0x00,0x00,0x00,0x00,0x00,0x00,0x00,0x00,0x00,0x00,0x00,0x00,0x00,0x00,0x00,0x00,0x00,0x00,0x00,0x00,0x00,0x00,0x00,0x00,
    0x00,0x00,0x00,0x00,0x00,0x00,0x00,0x00,0x00,0x00,0x00,0x00,0x00,0x00,0x00,0x00,0x00,0x00,0x00,0x00,0x00,0x00,0x00,0x00,
    0x00,0x00,0x00,0x00,0x00,0x00,0x00,0x00,0x00,0x00,0x00,0x00,0x00,0x00,0x00,0x00,0x00,0x00,0x00,0x00,0x00,0x00,0x00,0x00,
    0x00,0x00,0x00,0x00,0x00,0x00,0x00,0x00,0x00,0x00,0x00,0x00,0x00,0x00,0x00,0x00,0x00,0x00,0x00,0x00,0x00,0x00,0x00,0x00,
    0x00,0x00,0x00,0x00,0x00,0x00,0x00,0x00,0x00,0x00,0x00,0x00,0x00,0x00,0x00,0x00,0x00,0x00,0x00,0x00,0x00,0x00,0x00,0x00,
    0x00,0x00,0x00,0x00,0x00,0x00,0x00,0x00,0x00,0x00,0x00,0x00,0x00,0x00,0x00,0x00,0x00,0x00,0x00,0x00,0x00,0x00,0x00,0x00,
    0x00,0x00,0x00,0x00,0x00,0x00,0x00,0x00,0x00,0x00,0x00,0x00,0x00,0x00,0x00,0x00,0x00,0x00,0x00,0x00,0x00,0x00,0x00,0x00,
    0x00,0x00,0x00,0x00,0x00,0x00,0x00,0x00,0x00,0x00,0x00,0x00,0x00,0x00,0x00,0x00,0x00,0x00,0x00,0x00,0x00,0x00,0x00,0x00,
    0x00,0x00,0x00,0x00,0x00,0x00,0x00,0x00,0x00,0x00,0x00,0x00,0x00,0x00,0x00,0x00,0x00,0x00,0x00,0x00,0x00,0x00,0x00,0x00,
    0x00,0x00,0x00,0x00,0x00,0x00,0x00,0x00,0x00,0x00,0x00,0x00,0x00,0x00,0x00,0x00,0x00,0x00,0x00,0x00,0x00,0x00,0x00,0x00,
    0x00,0x00,0x00,0x00,0x00,0x00,0x00,0x00,0x00,0x00,0x00,0x00,0x00,0x00,0x00,0x00,0x00,0x00,0x00,0x00,0x00,0x00,0x00,0x00,
    0x00,0x00,0x00,0x00,0x00,0x00,0x00,0x00,0x00,0x00,0x00,0x00,0x00,0x00,0x00,0x00,0x00,0x00,0x00,0x00,0x00,0x00,0x00,0x00,
    0x00,0x00,0x00,0x00,0x00,0x00,0x00,0x00,0x00,0x00,0x00,0x00,0x00,0x00,0x00,0x00,0x00,0x00,0x00,0x00,0x00,0x00,0x00,0x00,
    0x00,0x00,0x00,0x00,0x00,0x00,0x00,0x00,0x00,0x00,0x00,0x00,0x00,0x00,0x00,0x00,0x00,0x00,0x00,0x00,0x00,0x00,0x00,0x00,
    0x00,0x00,0x00,0x00,0x00,0x00,0x00,0x00,0x00,0x00,0x00,0x00,0x00,0x00,0x00,0x00,0x00,0x00,0x00,0x00,0x00,0x00,0x00,0x00,
    0x00,0x00,0x00,0x00,0x00,0x00,0x00,0x00,0x00,0x00,0x00,0x00,0x00,0x00,0x00,0x00,0x00,0x00,0x00,0x00,0x00,0x00,0x00,0x00,
    0x00,0x00,0x00,0x00,0x00,0x00,0x00,0x00,0x00,0x00,0x00,0x00,0x00,0x00,0x00,0x00,0x00,0x00,0x00,0x00,0x00,0x00,0x00,0x00,
    0x00,0x00,0x00,0x00,0x00,0x00,0x00,0x00,0x00,0x00,0x00,0x00,0x00,0x00,0x00,0x00,0x00,0x00,0x00,0x00,0x00,0x00,0x00,0x00,
    0x00,0x00,0x00,0x00,0x00,0x00,0x00,0x00,0x00,0x00,0x00,0x00,0x00,0x00,0x00,0x00,0x00,0x00,0x00,0x00,0x00,0x00,0x00,0x00,
    0x00,0x00,0x00,0x00,0x00,0x00,0x00,0x00,0x00,0x00,0x00,0x00,0x00,0x00,0x00,0x00,0x00,0x00,0x00,0x00,0x00,0x00,0x00,0x00,
    0x00,0x00,0x00,0x00,0x00,0x00,0x00,0x00,0x00,0x00,0x00,0x00,0x00,0x00,0x00,0x00,0x00,0x00,0x00,0x00,0x00,0x00,0x00,0x00,
    0x00,0x00,0x00,0x00,0x00,0x00,0x00,0x00,0x00,0x00,0x00,0x00,0x00,0x00,0x00,0x00,0x00,0x00,0x00,0x00,0x00,0x00,0x00,0x00,
    0x00,0x00,0x00,0x00,0x00,0x00,0x00,0x00,0x00,0x00,0x00,0x00,0x00,0x00,0x00,0x00,0x00,0x00,0x00,0x00,0x00,0x00,0x00,0x00,
    0x00,0x00,0x00,0x00,0x00,0x00,0x00,0x00,0x00,0x00,0x00,0x00,0x00,0x00,0x00,0x00,0x00,0x00,0x00,0x00,0x00,0x00,0x00,0x00,
    0x00,0x00,0x00,0x00,0x00,0x00,0x00,0x00,0x00,0x00,0x00,0x00,0x00,0x00,0x00,0x00,0x00,0x00,0x00,0x00,0x00,0x00,0x00,0x00,
    0x00,0x00,0x00,0x00,0x00,0x00,0x00,0x00,0x00,0x00,0x00,0x00,0x00,0x00,0x00,0x00,0x00,0x00,0x00,0x00,0x00,0x00,0x00,0x00,
    0x00,0x00,0x00,0x00,0x00,0x00,0x00,0x00,0x00,0x00,0x00,0x00,0x00,0x00,0x00,0x00,0x00,0x00,0x00,0x00,0x00,0x00,0x00,0x00,
    0x00,0x00,0x00,0x00,0x00,0x00,0x00,0x00,0x00,0x00,0x00,0x00,0x00,0x00,0x00,0x00,0x00,0x00,0x00,0x00,0x00,0x00,0x00,0x00,
    0x00,0x00,0x00,0x00,0x00,0x00,0x00,0x00,0x00,0x00,0x00,0x00,0x00,0x00,0x00,0x00,0x00,0x00,0x00,0x00,0x00,0x00,0x00,0x00,
    0x00,0x00,0x00,0x00,0x00,0x00,0x00,0x00,0x00,0x00,0x00,0x00,0x00,0x00,0x00,0x00,0x00,0x00,0x00,0x00,0x00,0x00,0x00,0x00,
    0x00,0x00,0x00,0x00,0x00,0x00,0x00,0x00,0x00,0x00,0x00,0x00,0x00,0x00,0x00,0x00,0x00,0x00,0x00,0x00,0x00,0x00,0x00,0x00,
    0x00,0x00,0x00,0x00,0x00,0x00,0x00,0x00,0x00,0x00,0x00,0x00,0x00,0x00,0x00,0x00,0x00,0x00,0x00,0x00,0x00,0x00,0x00,0x00,
    0x00,0x00,0x00,0x00,0x00,0x00,0x00,0x00,0x00,0x00,0x00,0x00,0x00,0x00,0x00,0x00,0x00,0x00,0x00,0x00,0x00,0x00,0x00,0x00,
    0x00,0x00,0x00,0x00,0x00,0x00,0x00,0x00,0x00,0x00,0x00,0x00,0x00,0x00,0x00,0x00,0x00,0x00,0x00,0x00,0x00,0x00,0x00,0x00,
    0x00,0x00,0x00,0x00,0x00,0x00,0x00,0x00,0x00,0x00,0x00,0x00,0x00,0x00,0x00,0x00,0x00,0x00,0x00,0x00,0x00,0x00,0x00,0x00,
    0x00,0x00,0x00,0x00,0x00,0x00,0x00,0x00,0x00,0x00,0x00,0x00,0x00,0x00,0x00,0x00,0x00,0x00,0x00,0x00,0x00,0x00,0x00,0x00,
    0x00,0x00,0x00,0x00,0x00,0x00,0x00,0x00,0x00,0x00,0x00,0x00,0x00,0x00,0x00,0x00,0x00,0x00,0x00,0x00,0x00,0x00,0x00,0x00,
    0x00,0x00,0x00,0x00,0x00,0x00,0x00,0x00,0x00,0x00,0x00,0x00,0x00,0x00,0x00,0x00,0x00,0x00,0x00,0x00,0x00,0x00,0x00,0x00,
    0x00,0x00,0x00,0x00,0x00,0x00,0x00,0x00,0x00,0x00,0x00,0x00,0x00,0x00,0x00,0x00,0x00,0x00,0x00,0x00,0x00,0x00,0x00,0x00,
    0x00,0x00,0x00,0x00,0x00,0x00,0x00,0x00,0x00,0x00,0x00,0x00,0x00,0x00,0x00,0x00,0x00,0x00,0x00,0x00,0x00,0x00,0x00,0x00,
    0x00,0x00,0x00,0x00,0x00,0x00,0x00,0x00,0x00,0x00,0x00,0x00,0x00,0x00,0x00,0x00,0x00,0x00,0x00,0x00,0x00,0x00,0x00,0x00,
    0x00,0x00,0x00,0x00,0x00,0x00,0x00,0x00,0x00,0x00,0x00,0x00,0x00,0x00,0x00,0x00,0x00,0x00,0x00,0x00,0x00,0x00,0x00,0x00,
    0x00,0x00,0x00,0x00,0x00,0x00,0x00,0x00,0x00,0x00,0x00,0x00,0x00,0x00,0x00,0x00,0x00,0x00,0x00,0x00,0x00,0x00,0x00,0x00,
    0x00,0x00,0x00,0x00,0x00,0x00,0x00,0x00,0x00,0x00,0x00,0x00,0x00,0x00,0x00,0x00,0x00,0x00,0x00,0x00,0x00,0x00,0x00,0x00,
    0x00,0x00,0x00,0x00,0x00,0x00,0x00,0x00,0x00,0x00,0x00,0x00,0x00,0x00,0x00,0x00,0x00,0x00,0x00,0x00,0x00,0x00,0x00,0x00,
    0x00,0x00,0x00,0x00,0x00,0x00,0x00,0x00,0x00,0x00,0x00,0x00,0x00,0x00,0x00,0x00,0x00,0x00,0x00,0x00,0x00,0x00,0x00,0x00,
    0x00,0x00,0x00,0x00,0x00,0x00,0x00,0x00,0x00,0x00,0x00,0x00,0x00,0x00,0x00,0x00,0x00,0x00,0x00,0x00,0x00,0x00,0x00,0x00,
    0x00,0x00,0x00,0x00,0x00,0x00,0x00,0x00,0x00,0x00,0x00,0x00,0x00,0x00,0x00,0x00,0x00,0x00,0x00,0x00,0x00,0x00,0x00,0x00,
    0x00,0x00,0x00,0x00,0x00,0x00,0x00,0x00,0x00,0x00,0x00,0x00,0x00,0x00,0x00,0x00,0x00,0x00,0x00,0x00,0x00,0x00,0x00,0x00,
    0x00,0x00,0x00,0x00,0x01,0x01,0x01,0x01,0x00,0x00,0x00,0x00,0x00,0x00,0x00,0x00,0x00,0x00,0x00,0x00,0x00,0x00,0x00,0x00,
    0x00,0x00,0x00,0x00,0x00,0x00,0x00,0x00,0x00,0x00,0x00,0x00,0x00,0x00,0x00,0x00,0x00,0x00,0x00,0x00,0x00,0x00,0x00,0x00,
    0x00,0x00,0x00,0x00,0x00,0x00,0x00,0x00,0x00,0x00,0x00,0x00,0x00,0x00,0x00,0x00,0x00,0x01,0x03,0x03,0x00,0x00,0x00,0x00,
    0x03,0x04,0x01,0x00,0x00,0x00,0x00,0x00,0x00,0x00,0x00,0x00,0x00,0x00,0x00,0x00,0x00,0x00,0x00,0x00,0x00,0x00,0x00,0x00,
    0x00,0x00,0x00,0x00,0x00,0x00,0x00,0x00,0x00,0x00,0x00,0x00,0x00,0x00,0x00,0x00,0x00,0x00,0x00,0x00,0x00,0x00,0x00,0x00,
    0x00,0x00,0x00,0x00,0x00,0x00,0x00,0x00,0x03,0x00,0x00,0x00,0x03,0x10,0x10,0x09,0x00,0x00,0x00,0x03,0x00,0x00,0x00,0x00,
    0x00,0x00,0x00,0x00,0x00,0x00,0x00,0x00,0x00,0x00,0x00,0x00,0x00,0x00,0x00,0x00,0x00,0x00,0x00,0x00,0x00,0x00,0x00,0x00,
    0x00,0x00,0x00,0x00,0x00,0x00,0x00,0x00,0x00,0x00,0x00,0x00,0x00,0x00,0x00,0x00,0x00,0x00,0x00,0x00,0x00,0x00,0x00,0x03,
    0x00,0x06,0x5e,0x9e,0xd5,0xee,0xee,0xe1,0xad,0x70,0x16,0x00,0x01,0x01,0x00,0x00,0x00,0x00,0x00,0x00,0x00,0x00,0x00,0x00,
    0x00,0x00,0x00,0x00,0x00,0x00,0x00,0x00,0x00,0x00,0x00,0x00,0x00,0x00,0x00,0x00,0x00,0x00,0x00,0x00,0x00,0x00,0x00,0x00,
    0x00,0x00,0x00,0x00,0x00,0x00,0x00,0x00,0x00,0x00,0x00,0x00,0x00,0x01,0x02,0x00,0x57,0xd4,0xff,0xff,0xff,0xff,0xff,0xff,
    0xff,0xff,0xe9,0x7d,0x00,0x00,0x02,0x00,0x00,0x00,0x00,0x00,0x00,0x00,0x00,0x00,0x00,0x00,0x00,0x00,0x00,0x00,0x00,0x00,
    0x00,0x00,0x00,0x00,0x00,0x00,0x00,0x00,0x00,0x00,0x00,0x00,0x00,0x00,0x00,0x00,0x00,0x00,0x00,0x00,0x00,0x00,0x00,0x00,
    0x00,0x00,0x00,0x00,0x01,0x01,0x00,0x8f,0xff,0xff,0xfb,0xfb,0xfd,0xfe,0xfe,0xfd,0xfc,0xfb,0xff,0xff,0xb8,0x12,0x00,0x02,
    0x00,0x00,0x00,0x00,0x00,0x00,0x00,0x00,0x00,0x00,0x00,0x00,0x00,0x00,0x00,0x00,0x00,0x00,0x00,0x00,0x00,0x00,0x00,0x00,
    0x00,0x00,0x00,0x00,0x00,0x00,0x00,0x00,0x00,0x00,0x00,0x00,0x00,0x00,0x00,0x00,0x00,0x00,0x00,0x00,0x03,0x01,0x9a,0xff,
    0xfc,0xfd,0xff,0xff,0xff,0xff,0xff,0xff,0xff,0xff,0xfe,0xfa,0xff,0xca,0x13,0x02,0x01,0x00,0x00,0x00,0x00,0x00,0x00,0x00,
    0x00,0x00,0x00,0x00,0x00,0x00,0x00,0x00,0x00,0x00,0x00,0x00,0x00,0x00,0x00,0x00,0x00,0x00,0x00,0x00,0x00,0x00,0x00,0x00,
    0x00,0x00,0x00,0x00,0x00,0x00,0x00,0x00,0x00,0x01,0x01,0x04,0x00,0x7f,0xff,0xf9,0xff,0xff,0xff,0xff,0xff,0xff,0xff,0xff,
    0xff,0xff,0xff,0xff,0xfa,0xff,0xbb,0x00,0x03,0x00,0x00,0x00,0x00,0x00,0x00,0x00,0x00,0x00,0x00,0x00,0x00,0x00,0x00,0x00,
    0x00,0x00,0x00,0x00,0x00,0x00,0x00,0x00,0x00,0x00,0x00,0x00,0x00,0x00,0x00,0x00,0x00,0x00,0x00,0x00,0x00,0x00,0x01,0x04,
    0x02,0x00,0x00,0x00,0x32,0xfa,0xfb,0xfe,0xff,0xff,0xff,0xff,0xff,0xff,0xff,0xff,0xff,0xff,0xff,0xff,0xff,0xfa,0xff,0x6b,
    0x00,0x03,0x00,0x00,0x00,0x00,0x00,0x00,0x00,0x00,0x00,0x00,0x00,0x00,0x00,0x00,0x00,0x00,0x00,0x00,0x00,0x00,0x00,0x00,
    0x00,0x00,0x00,0x00,0x00,0x00,0x00,0x00,0x00,0x00,0x00,0x00,0x00,0x03,0x00,0x00,0x00,0x0f,0x13,0x14,0xc2,0xff,0xfc,0xff,
    0xff,0xff,0xff,0xff,0xff,0xff,0xff,0xff,0xff,0xff,0xff,0xff,0xff,0xfe,0xfd,0xee,0x15,0x01,0x01,0x00,0x00,0x00,0x00,0x00,
    0x00,0x00,0x00,0x00,0x00,0x00,0x00,0x00,0x00,0x00,0x00,0x00,0x00,0x00,0x00,0x00,0x00,0x00,0x00,0x00,0x00,0x00,0x00,0x00,
    0x00,0x00,0x00,0x01,0x01,0x00,0x16,0x74,0xbc,0xeb,0xee,0xf0,0xff,0xfe,0xff,0xff,0xff,0xff,0xff,0xff,0xff,0xff,0xff,0xff,
    0xff,0xff,0xff,0xff,0xff,0xff,0xfc,0xff,0x60,0x02,0x08,0x02,0x00,0x00,0x00,0x00,0x00,0x00,0x00,0x00,0x00,0x00,0x00,0x00,
    0x00,0x00,0x00,0x00,0x00,0x00,0x00,0x00,0x00,0x00,0x00,0x00,0x00,0x00,0x00,0x00,0x00,0x00,0x01,0x00,0x00,0x7c,0xe9,0xff,
    0xff,0xff,0xff,0xff,0xfe,0xff,0xff,0xff,0xff,0xff,0xff,0xff,0xff,0xff,0xff,0xff,0xff,0xff,0xff,0xff,0xff,0xff,0xfc,0xfe,
    0xb5,0x00,0x00,0x00,0x03,0x00,0x00,0x00,0x00,0x00,0x00,0x00,0x00,0x00,0x00,0x00,0x00,0x00,0x00,0x00,0x00,0x00,0x00,0x00,
    0x00,0x00,0x00,0x00,0x00,0x00,0x00,0x00,0x00,0x01,0x01,0x13,0xb8,0xff,0xff,0xfb,0xfc,0xfe,0xfe,0xfe,0xff,0xff,0xff,0xff,
    0xff,0xff,0xff,0xff,0xff,0xff,0xff,0xff,0xff,0xff,0xff,0xff,0xff,0xff,0xff,0xff,0xf9,0xbc,0x74,0x22,0x00,0x02,0x00,0x00,
    0x00,0x00,0x00,0x00,0x00,0x00,0x00,0x00,0x00,0x00,0x00,0x00,0x00,0x00,0x00,0x00,0x00,0x00,0x00,0x00,0x00,0x00,0x00,0x00,
    0x00,0x03,0x02,0xbb,0xff,0xf9,0xfe,0xff,0xff,0xff,0xff,0xff,0xff,0xff,0xff,0xff,0xff,0xff,0xff,0xff,0xff,0xff,0xff,0xff,
    0xff,0xff,0xff,0xff,0xff,0xff,0xff,0xff,0xff,0xff,0xff,0xf0,0x6d,0x00,0x02,0x01,0x00,0x00,0x00,0x00,0x00,0x00,0x00,0x00,
    0x00,0x00,0x00,0x00,0x00,0x00,0x00,0x00,0x00,0x00,0x00,0x00,0x00,0x00,0x00,0x00,0x03,0x00,0x7a,0xff,0xf9,0xff,0xff,0xff,
    0xff,0xff,0xff,0xff,0xff,0xff,0xff,0xff,0xff,0xff,0xff,0xff,0xff,0xff,0xff,0xff,0xff,0xff,0xff,0xff,0xff,0xff,0xff,0xff,
    0xff,0xfc,0xfb,0xff,0xff,0x9a,0x01,0x03,0x00,0x00,0x00,0x00,0x00,0x00,0x00,0x00,0x00,0x00,0x00,0x00,0x00,0x00,0x00,0x00,
    0x00,0x00,0x00,0x00,0x00,0x00,0x00,0x01,0x01,0x15,0xed,0xfd,0xfe,0xff,0xff,0xff,0xff,0xff,0xff,0xff,0xff,0xff,0xff,0xff,
    0xff,0xff,0xff,0xff,0xff,0xff,0xff,0xff,0xff,0xff,0xff,0xff,0xff,0xff,0xff,0xff,0xff,0xff,0xff,0xfe,0xf9,0xff,0x7f,0x00,
    0x03,0x00,0x00,0x00,0x00,0x00,0x00,0x00,0x00,0x00,0x00,0x00,0x00,0x00,0x00,0x00,0x00,0x00,0x00,0x00,0x00,0x00,0x00,0x04,
    0x00,0x76,0xff,0xfb,0xff,0xff,0xff,0xff,0xff,0xff,0xff,0xff,0xff,0xff,0xff,0xff,0xff,0xff,0xff,0xff,0xff,0xff,0xff,0xff,
    0xff,0xff,0xff,0xff,0xff,0xff,0xff,0xff,0xff,0xff,0xff,0xff,0xfe,0xfb,0xfa,0x34,0x00,0x02,0x00,0x00,0x00,0x00,0x00,0x00,
    0x00,0x00,0x00,0x00,0x00,0x00,0x00,0x00,0x00,0x00,0x00,0x00,0x00,0x00,0x00,0x02,0x04,0xc0,0xfe,0xfc,0xff,0xff,0xff,0xff,
    0xff,0xff,0xff,0xff,0xff,0xff,0xff,0xff,0xff,0xff,0xff,0xff,0xff,0xff,0xff,0xff,0xff,0xff,0xff,0xff,0xff,0xff,0xff,0xff,
    0xff,0xff,0xff,0xff,0xff,0xfb,0xff,0xa4,0x00,0x03,0x00,0x00,0x00,0x00,0x00,0x00,0x00,0x00,0x00,0x00,0x00,0x00,0x00,0x00,
    0x00,0x00,0x00,0x00,0x00,0x00,0x01,0x01,0x01,0xea,0xff,0xfe,0xff,0xff,0xff,0xff,0xff,0xff,0xff,0xff,0xff,0xff,0xff,0xff,
    0xff,0xff,0xff,0xff,0xff,0xff,0xff,0xff,0xff,0xff,0xff,0xff,0xff,0xff,0xff,0xff,0xff,0xff,0xff,0xff,0xff,0xfe,0xff,0xe4,
    0x0a,0x00,0x01,0x00,0x00,0x00,0x00,0x00,0x00,0x00,0x00,0x00,0x00,0x00,0x00,0x00,0x00,0x00,0x00,0x00,0x00,0x01,0x01,0x00,
    0x81,0xfb,0xfe,0xff,0xff,0xff,0xff,0xff,0xff,0xff,0xff,0xff,0xff,0xff,0xff,0xff,0xff,0xff,0xff,0xff,0xff,0xff,0xff,0xff,
    0xff,0xff,0xff,0xff,0xff,0xff,0xff,0xff,0xff,0xff,0xff,0xff,0xff,0xff,0xfe,0xfc,0x35,0x00,0x03,0x00,0x00,0x00,0x00,0x00,
    0x00,0x00,0x00,0x00,0x00,0x00,0x00,0x00,0x00,0x00,0x00,0x00,0x00,0x03,0x01,0x9a,0xff,0xfd,0xff,0xff,0xff,0xff,0xff,0xff,
    0xff,0xff,0xff,0xff,0xff,0xff,0xff,0xff,0xff,0xff,0xff,0xff,0xff,0xff,0xff,0xff,0xff,0xff,0xff,0xff,0xff,0xff,0xff,0xff,
    0xff,0xff,0xff,0xff,0xff,0xff,0xfd,0xff,0x44,0x00,0x03,0x00,0x00,0x00,0x00,0x00,0x00,0x00,0x00,0x00,0x00,0x00,0x00,0x00,
    0x00,0x00,0x00,0x00,0x03,0x00,0x7f,0xff,0xf9,0xff,0xff,0xff,0xff,0xff,0xff,0xff,0xff,0xff,0xff,0xff,0xff,0xff,0xff,0xff,
    0xff,0xff,0xff,0xff,0xff,0xff,0xff,0xff,0xff,0xff,0xff,0xff,0xff,0xff,0xff,0xff,0xff,0xff,0xff,0xff,0xff,0xff,0xfd,0xfe,
    0x3e,0x00,0x03,0x00,0x00,0x00,0x00,0x00,0x00,0x00,0x00,0x00,0x00,0x00,0x00,0x00,0x00,0x00,0x00,0x02,0x00,0x29,0xfa,0xfc,
    0xfe,0xff,0xff,0xff,0xff,0xff,0xff,0xff,0xff,0xff,0xff,0xff,0xff,0xff,0xff,0xff,0xff,0xff,0xff,0xff,0xff,0xff,0xff,0xff,
    0xff,0xff,0xff,0xff,0xff,0xff,0xff,0xff,0xff,0xff,0xff,0xff,0xff,0xfe,0xff,0xf0,0x13,0x00,0x01,0x00,0x00,0x00,0x00,0x00,
    0x00,0x00,0x00,0x00,0x00,0x00,0x00,0x00,0x00,0x00,0x00,0x04,0x00,0x8d,0xff,0xfb,0xff,0xff,0xff,0xff,0xff,0xff,0xff,0xff,
    0xff,0xff,0xff,0xff,0xff,0xff,0xff,0xff,0xff,0xff,0xff,0xff,0xff,0xff,0xff,0xff,0xff,0xff,0xff,0xff,0xff,0xff,0xff,0xff,
    0xff,0xff,0xff,0xff,0xff,0xfc,0xff,0xad,0x00,0x03,0x00,0x00,0x00,0x00,0x00,0x00,0x00,0x00,0x00,0x00,0x00,0x00,0x00,0x00,
    0x00,0x00,0x00,0x01,0x04,0xcd,0xfe,0xfd,0xff,0xff,0xff,0xff,0xff,0xff,0xff,0xff,0xff,0xff,0xff,0xff,0xff,0xff,0xff,0xff,
    0xff,0xff,0xff,0xff,0xff,0xff,0xff,0xff,0xff,0xff,0xff,0xff,0xff,0xff,0xff,0xff,0xff,0xff,0xff,0xff,0xff,0xfb,0xff,0x99,
    0x00,0x03,0x00,0x00,0x00,0x00,0x00,0x00,0x00,0x00,0x00,0x00,0x00,0x00,0x00,0x00,0x00,0x00,0x01,0x00,0x11,0xee,0xff,0xfe,
    0xff,0xff,0xff,0xff,0xff,0xff,0xff,0xff,0xff,0xff,0xff,0xff,0xff,0xff,0xff,0xff,0xff,0xff,0xff,0xff,0xff,0xff,0xff,0xff,
    0xff,0xff,0xff,0xff,0xff,0xff,0xff,0xff,0xff,0xff,0xff,0xff,0xff,0xfe,0xff,0xe6,0x0b,0x00,0x01,0x00,0x00,0x00,0x00,0x00,
    0x00,0x00,0x00,0x00,0x00,0x00,0x00,0x00,0x00,0x00,0x01,0x00,0x12,0xf0,0xff,0xfe,0xff,0xff,0xff,0xff,0xff,0xff,0xff,0xff,
    0xff,0xff,0xff,0xff,0xff,0xff,0xff,0xff,0xff,0xff,0xff,0xff,0xff,0xff,0xff,0xff,0xff,0xff,0xff,0xff,0xff,0xff,0xff,0xff,
    0xff,0xff,0xff,0xff,0xff,0xff,0xfe,0xfc,0x35,0x00,0x03,0x00,0x00,0x00,0x00,0x00,0x00,0x00,0x00,0x00,0x00,0x00,0x00,0x00,
    0x00,0x00,0x00,0x01,0x08,0xda,0xff,0xfd,0xff,0xff,0xff,0xff,0xff,0xff,0xff,0xff,0xff,0xff,0xff,0xff,0xff,0xff,0xff,0xff,
    0xff,0xff,0xff,0xff,0xff,0xff,0xff,0xff,0xff,0xff,0xff,0xff,0xff,0xff,0xff,0xff,0xff,0xff,0xff,0xff,0xff,0xff,0xfd,0xff,
    0x44,0x00,0x03,0x00,0x00,0x00,0x00,0x00,0x00,0x00,0x00,0x00,0x00,0x00,0x00,0x00,0x00,0x00,0x00,0x03,0x00,0x9e,0xff,0xfb,
    0xff,0xff,0xff,0xff,0xff,0xff,0xff,0xff,0xff,0xff,0xff,0xff,0xff,0xff,0xff,0xff,0xff,0xff,0xff,0xff,0xff,0xff,0xff,0xff,
    0xff,0xff,0xff,0xff,0xff,0xff,0xff,0xff,0xff,0xff,0xff,0xff,0xff,0xff,0xfd,0xfe,0x3e,0x00,0x03,0x00,0x00,0x00,0x00,0x00,
    0x00,0x00,0x00,0x00,0x00,0x00,0x00,0x00,0x00,0x00,0x00,0x04,0x00,0x4f,0xff,0xfc,0xff,0xff,0xff,0xff,0xff,0xff,0xff,0xff,
    0xff,0xff,0xff,0xff,0xff,0xff,0xff,0xff,0xff,0xff,0xff,0xff,0xff,0xff,0xff,0xff,0xff,0xff,0xff,0xff,0xff,0xff,0xff,0xff,
    0xff,0xff,0xff,0xff,0xff,0xfe,0xff,0xee,0x13,0x00,0x01,0x00,0x00,0x00,0x00,0x00,0x00,0x00,0x00,0x00,0x00,0x00,0x00,0x00,
    0x00,0x00,0x00,0x03,0x00,0x87,0xff,0xfb,0xff,0xff,0xff,0xff,0xff,0xff,0xff,0xff,0xff,0xff,0xff,0xff,0xff,0xff,0xff,0xff,
    0xff,0xff,0xff,0xff,0xff,0xff,0xff,0xff,0xff,0xff,0xff,0xff,0xff,0xff,0xff,0xff,0xff,0xff,0xff,0xff,0xff,0xfc,0xfe,0xb8,
    0x00,0x03,0x00,0x00,0x00,0x00,0x00,0x00,0x00,0x00,0x00,0x00,0x00,0x00,0x00,0x00,0x00,0x00,0x00,0x01,0x04,0xcf,0xff,0xfc,
    0xff,0xff,0xff,0xff,0xff,0xff,0xff,0xff,0xff,0xff,0xff,0xff,0xff,0xff,0xff,0xff,0xff,0xff,0xff,0xff,0xff,0xff,0xff,0xff,
    0xff,0xff,0xff,0xff,0xff,0xff,0xff,0xff,0xff,0xff,0xff,0xff,0xff,0xfa,0xff,0x51,0x00,0x03,0x00,0x00,0x00,0x00,0x00,0x00,
    0x00,0x00,0x00,0x00,0x00,0x00,0x00,0x00,0x00,0x00,0x01,0x00,0x11,0xee,0xff,0xfe,0xff,0xff,0xff,0xff,0xff,0xff,0xff,0xff,
    0xff,0xff,0xff,0xff,0xff,0xff,0xff,0xff,0xff,0xff,0xff,0xff,0xff,0xff,0xff,0xff,0xff,0xff,0xff,0xff,0xff,0xff,0xff,0xff,
    0xff,0xff,0xff,0xff,0xf9,0xff,0xaa,0x00,0x03,0x00,0x00,0x00,0x00,0x00,0x00,0x00,0x00,0x00,0x00,0x00,0x00,0x00,0x00,0x00,
    0x00,0x00,0x01,0x00,0x12,0xf0,0xff,0xfe,0xff,0xff,0xff,0xff,0xff,0xff,0xff,0xff,0xff,0xff,0xff,0xff,0xff,0xff,0xff,0xff,
    0xff,0xff,0xff,0xff,0xff,0xff,0xff,0xff,0xff,0xff,0xff,0xff,0xff,0xff,0xff,0xff,0xff,0xff,0xff,0xfc,0xff,0xca,0x12,0x02,
    0x01,0x00,0x00,0x00,0x00,0x00,0x00,0x00,0x00,0x00,0x00,0x00,0x00,0x00,0x00,0x00,0x00,0x00,0x00,0x01,0x08,0xd9,0xff,0xfd,
    0xff,0xff,0xff,0xff,0xff,0xff,0xff,0xff,0xff,0xff,0xff,0xff,0xff,0xff,0xff,0xff,0xff,0xff,0xff,0xff,0xff,0xff,0xff,0xff,
    0xff,0xff,0xff,0xff,0xff,0xff,0xff,0xff,0xff,0xff,0xfd,0xff,0xaa,0x11,0x00,0x02,0x00,0x00,0x00,0x00,0x00,0x00,0x00,0x00,
    0x00,0x00,0x00,0x00,0x00,0x00,0x00,0x00,0x00,0x00,0x00,0x03,0x00,0xa1,0xfe,0xfb,0xff,0xff,0xff,0xff,0xff,0xff,0xff,0xff,
    0xff,0xff,0xff,0xff,0xff,0xff,0xff,0xff,0xff,0xff,0xff,0xff,0xff,0xff,0xff,0xff,0xff,0xff,0xff,0xff,0xff,0xff,0xff,0xff,
    0xff,0xfd,0xfd,0xdd,0x00,0x00,0x02,0x00,0x00,0x00,0x00,0x00,0x00,0x00,0x00,0x00,0x00,0x00,0x00,0x00,0x00,0x00,0x00,0x00,
    0x00,0x00,0x00,0x03,0x00,0x42,0xff,0xfb,0xff,0xff,0xff,0xff,0xff,0xff,0xff,0xff,0xff,0xff,0xff,0xff,0xff,0xff,0xff,0xff,
    0xff,0xff,0xff,0xff,0xff,0xff,0xff,0xff,0xff,0xff,0xff,0xff,0xff,0xff,0xff,0xff,0xff,0xfa,0xff,0x7f,0x00,0x05,0x00,0x00,
    0x00,0x00,0x00,0x00,0x00,0x00,0x00,0x00,0x00,0x00,0x00,0x00,0x00,0x00,0x00,0x00,0x00,0x00,0x00,0x00,0x03,0x00,0xaa,0xff,
    0xf9,0xff,0xff,0xff,0xff,0xff,0xff,0xff,0xff,0xff,0xff,0xff,0xff,0xff,0xff,0xff,0xff,0xff,0xff,0xff,0xff,0xff,0xff,0xff,
    0xff,0xff,0xff,0xff,0xff,0xff,0xff,0xff,0xfb,0xff,0xde,0x0f,0x02,0x01,0x00,0x00,0x00,0x00,0x00,0x00,0x00,0x00,0x00,0x00,
    0x00,0x00,0x00,0x00,0x00,0x00,0x00,0x00,0x00,0x00,0x00,0x00,0x01,0x02,0x12,0xca,0xff,0xfa,0xfc,0xfe,0xff,0xff,0xff,0xff,
    0xff,0xff,0xff,0xff,0xff,0xff,0xff,0xff,0xff,0xff,0xff,0xff,0xff,0xff,0xff,0xff,0xff,0xff,0xff,0xff,0xff,0xfe,0xfd,0xfa,
    0xff,0xee,0x34,0x00,0x02,0x00,0x00,0x00,0x00,0x00,0x00,0x00,0x00,0x00,0x00,0x00,0x00,0x00,0x00,0x00,0x00,0x00,0x00,0x00,
    0x00,0x00,0x00,0x00,0x00,0x02,0x00,0x12,0xb8,0xff,0xff,0xff,0xfd,0xfd,0xfd,0xfd,0xfd,0xfd,0xfd,0xfd,0xfd,0xfd,0xfd,0xfd,
    0xfd,0xfd,0xfd,0xfd,0xfd,0xfd,0xfd,0xfd,0xfd,0xfd,0xfd,0xfd,0xfd,0xff,0xff,0xff,0xd9,0x35,0x00,0x03,0x00,0x00,0x00,0x00,
    0x00,0x00,0x00,0x00,0x00,0x00,0x00,0x00,0x00,0x00,0x00,0x00,0x00,0x00,0x00,0x00,0x00,0x00,0x00,0x00,0x00,0x00,0x02,0x00,
    0x00,0x62,0xc6,0xf4,0xff,0xff,0xff,0xff,0xff,0xff,0xff,0xff,0xff,0xff,0xff,0xff,0xff,0xff,0xff,0xff,0xff,0xff,0xff,0xff,
    0xff,0xff,0xff,0xff,0xff,0xfb,0xd5,0x80,0x0f,0x00,0x03,0x00,0x00,0x00,0x00,0x00,0x00,0x00,0x00,0x00,0x00,0x00,0x00,0x00,
    0x00,0x00,0x00,0x00,0x00,0x00,0x00,0x00,0x00,0x00,0x00,0x00,0x00,0x00,0x00,0x01,0x01,0x00,0x00,0x1d,0x41,0x41,0x41,0x41,
    0x41,0x41,0x41,0x41,0x41,0x41,0x41,0x41,0x41,0x41,0x41,0x41,0x41,0x41,0x41,0x41,0x41,0x41,0x41,0x41,0x41,0x29,0x03,0x00,
    0x00,0x02,0x00,0x00,0x00,0x00,0x00,0x00,0x00,0x00,0x00,0x00,0x00,0x00,0x00,0x00,0x00,0x00,0x00,0x00,0x00,0x00,0x00,0x00,
    0x00,0x00,0x00,0x00,0x00,0x00,0x00,0x00,0x00,0x03,0x01,0x00,0x00,0x00,0x00,0x00,0x00,0x00,0x00,0x00,0x00,0x00,0x00,0x00,
    0x00,0x00,0x00,0x00,0x00,0x00,0x00,0x00,0x00,0x00,0x00,0x00,0x00,0x00,0x00,0x03,0x01,0x00,0x00,0x00,0x00,0x00,0x00,0x00,
    0x00,0x00,0x00,0x00,0x00,0x00,0x00,0x00,0x00,0x00,0x00,0x00,0x00,0x00,0x00,0x00,0x00,0x00,0x00,0x00,0x00,0x00,0x00,0x00,
    0x00,0x00,0x00,0x02,0x03,0x03,0x03,0x03,0x03,0x03,0x03,0x03,0x03,0x03,0x03,0x03,0x03,0x03,0x03,0x03,0x03,0x03,0x03,0x03,
    0x03,0x03,0x03,0x03,0x03,0x02,0x01,0x00,0x00,0x00,0x00,0x00,0x00,0x00,0x00,0x00,0x00,0x00,0x00,0x00,0x00,0x00,0x00,0x00,
    0x00,0x00,0x00,0x00,0x00,0x00,0x00,0x00,0x00,0x00,0x00,0x00,0x00,0x00,0x00,0x00,0x00,0x00,0x00,0x00,0x00,0x00,0x00,0x00,
    0x00,0x00,0x00,0x00,0x00,0x00,0x00,0x00,0x00,0x00,0x00,0x00,0x00,0x00,0x00,0x00,0x00,0x00,0x00,0x00,0x00,0x00,0x00,0x00,
    0x00,0x00,0x00,0x00,0x00,0x00,0x00,0x00,0x00,0x00,0x00,0x00,0x00,0x00,0x00,0x00,0x00,0x00,0x00,0x00,0x00,0x00,0x00,0x00,
    0x00,0x00,0x00,0x00,0x00,0x00,0x00,0x00,0x00,0x00,0x00,0x00,0x00,0x00,0x00,0x00,0x00,0x00,0x00,0x00,0x00,0x00,0x00,0x00,
    0x00,0x00,0x00,0x00,0x00,0x00,0x00,0x00,0x00,0x00,0x00,0x00,0x00,0x00,0x00,0x00,0x00,0x00,0x00,0x00,0x00,0x00,0x00,0x00,
    0x00,0x00,0x00,0x00,0x00,0x00,0x00,0x00,0x00,0x00,0x00,0x00,0x00,0x00,0x00,0x00,0x00,0x00,0x00,0x00,0x00,0x00,0x00,0x00,
    0x00,0x00,0x00,0x00,0x00,0x00,0x00,0x00,0x00,0x00,0x00,0x00,0x00,0x00,0x00,0x00,0x00,0x00,0x00,0x00,0x00,0x00,0x00,0x00,
    0x00,0x00,0x00,0x00,0x00,0x00,0x00,0x00,0x00,0x00,0x00,0x00,0x00,0x00,0x00,0x00,0x00,0x00,0x00,0x00,0x00,0x00,0x00,0x00,
    0x00,0x00,0x00,0x00,0x00,0x00,0x00,0x00,0x00,0x00,0x00,0x00,0x00,0x00,0x00,0x00,0x00,0x00,0x00,0x00,0x00,0x00,0x00,0x00,
    0x00,0x00,0x00,0x00,0x00,0x00,0x00,0x00,0x00,0x00,0x00,0x00,0x00,0x00,0x00,0x00,0x00,0x00,0x00,0x00,0x00,0x00,0x00,0x00,
    0x00,0x00,0x00,0x00,0x00,0x00,0x00,0x00,0x00,0x00,0x00,0x00,0x00,0x00,0x00,0x00,0x00,0x00,0x00,0x00,0x00,0x00,0x00,0x00,
    0x00,0x00,0x00,0x00,0x00,0x00,0x00,0x00,0x00,0x00,0x00,0x00,0x00,0x00,0x00,0x00,0x00,0x00,0x00,0x00,0x00,0x00,0x00,0x00,
    0x00,0x00,0x00,0x00,0x00,0x00,0x00,0x00,0x00,0x00,0x00,0x00,0x00,0x00,0x00,0x00,0x00,0x00,0x00,0x00,0x00,0x00,0x00,0x00,
    0x00,0x00,0x00,0x00,0x00,0x00,0x00,0x00,0x00,0x00,0x00,0x00,0x00,0x00,0x00,0x00,0x00,0x00,0x00,0x00,0x00,0x00,0x00,0x00,
    0x00,0x00,0x00,0x00,0x00,0x00,0x00,0x00,0x00,0x00,0x00,0x00,0x00,0x00,0x00,0x00,0x00,0x00,0x00,0x00,0x00,0x00,0x00,0x00,
    0x00,0x00,0x00,0x00,0x00,0x00,0x00,0x00,0x00,0x00,0x00,0x00,0x00,0x00,0x00,0x00,0x00,0x00,0x00,0x00,0x00,0x00,0x00,0x00,
};

const lv_image_dsc_t weather_icon_cloudy = {
    .header = {
        .magic = LV_IMAGE_HEADER_MAGIC,
        .cf = LV_COLOR_FORMAT_RGB565A8,
        .flags = 0,
        .w = 64,
        .h = 64,
        .stride = 128,
        .reserved_2 = 0,
    },
    .data_size = sizeof(weather_icon_cloudy_map),
    .data = weather_icon_cloudy_map,
    .reserved = NULL,
};

static const WEATHER_ICON_ALIGN uint8_t weather_icon_rain_map[] = {
    0x00,0x00,0x00,0x00,0x00,0x00,0x00,0x00,0x00,0x00,0x00,0x00,0x00,0x00,0x00,0x00,0x00,0x00,0x00,0x00,0x00,0x00,0x00,0x00,
    0x00,0x00,0x00,0x00,0x00,0x00,0x00,0x00,0x00,0x00,0x00,0x00,0x00,0x00,0x00,0x00,0x00,0x00,0x00,0x00,0x00,0x00,0x00,0x00,
    0x00,0x00,0x00,0x00,0x00,0x00,0x00,0x00,0x00,0x00,0x00,0x00,0x00,0x00,0x00,0x00,0x00,0x00,0x00,0x00,0x00,0x00,0x00,0x00,
    0x00,0x00,0x00,0x00,0x00,0x00,0x00,0x00,0x00,0x00,0x00,0x00,0x00,0x00,0x00,0x00,0x00,0x00,0x00,0x00,0x00,0x00,0x00,0x00,
    0x00,0x00,0x00,0x00,0x00,0x00,0x00,0x00,0x00,0x00,0x00,0x00,0x00,0x00,0x00,0x00,0x00,0x00,0x00,0x00,0x00,0x00,0x00,0x00,
    0x00,0x00,0x00,0x00,0x00,0x00,0x00,0x00,0x00,0x00,0x00,0x00,0x00,0x00,0x00,0x00,0x00,0x00,0x00,0x00,0x00,0x00,0x00,0x00,
    0x00,0x00,0x00,0x00,0x00,0x00,0x00,0x00,0x00,0x00,0x00,0x00,0x00,0x00,0x00,0x00,0x00,0x00,0x00,0x00,0x00,0x00,0x00,0x00,
    0x00,0x00,0x00,0x00,0x00,0x00,0x00,0x00,0x00,0x00,0x00,0x00,0x00,0x00,0x00,0x00,0x00,0x00,0x00,0x00,0x00,0x00,0x00,0x00,
    0x00,0x00,0x00,0x00,0x00,0x00,0x00,0x00,0x00,0x00,0x00,0x00,0x00,0x00,0x00,0x00,0x00,0x00,0x00,0x00,0x00,0x00,0x00,0x00,
    0x00,0x00,0x00,0x00,0x00,0x00,0x00,0x00,0x00,0x00,0x00,0x00,0x00,0x00,0x00,0x00,0x00,0x00,0x00,0x00,0x00,0x00,0x00,0x00,
    0x00,0x00,0x00,0x00,0x00,0x00,0x00,0x00,0x00,0x00,0x00,0x00,0x00,0x00,0x00,0x00,0x00,0x00,0x00,0x00,0x00,0x00,0x00,0x00,
    0x00,0x00,0x00,0x00,0x00,0x00,0x00,0x00,0x00,0x00,0x00,0x00,0x00,0x00,0x00,0x00,0x00,0x00,0x00,0x00,0x00,0x00,0x00,0x00,
    0x00,0x00,0x00,0x00,0x00,0x00,0x00,0x00,0x00,0x00,0x00,0x00,0x00,0x00,0x00,0x00,0x00,0x00,0x00,0x00,0x00,0x00,0x00,0x00,
    0x00,0x00,0x00,0x00,0x00,0x00,0x00,0x00,0x00,0x00,0x00,0x00,0x00,0x00,0x00,0x00,0x00,0x00,0x00,0x00,0x00,0x00,0x00,0x00,
    0x00,0x00,0x00,0x00,0x00,0x00,0x00,0x00,0x00,0x00,0x00,0x00,0x00,0x00,0x00,0x00,0x00,0x00,0x00,0x00,0x00,0x00,0x00,0x00,
    0x00,0x00,0x00,0x00,0x00,0x00,0x00,0x00,0x00,0x00,0x00,0x00,0x00,0x00,0x00,0x00,0x00,0x00,0x00,0x00,0x00,0x00,0x00,0x00,
    0x00,0x00,0x00,0x00,0x00,0x00,0x00,0x00,0x00,0x00,0x00,0x00,0x00,0x00,0x00,0x00,0x00,0x00,0x00,0x00,0x00,0x00,0x00,0x00,
    0x00,0x00,0x00,0x00,0x00,0x00,0x00,0x00,0x00,0x00,0x00,0x00,0x00,0x00,0x00,0x00,0x00,0x00,0x00,0x00,0x00,0x00,0x00,0x00,
    0x00,0x00,0x00,0x00,0x00,0x00,0x00,0x00,0x00,0x00,0x00,0x00,0x00,0x00,0x00,0x00,0x00,0x00,0x00,0x00,0x00,0x00,0x00,0x00,
    0x00,0x00,0x00,0x00,0x00,0x00,0x00,0x00,0x00,0x00,0x00,0x00,0x00,0x00,0x00,0x00,0x00,0x00,0x00,0x00,0x00,0x00,0x00,0x00,
    0x00,0x00,0x00,0x00,0x00,0x00,0x00,0x00,0x00,0x00,0x00,0x00,0x00,0x00,0x00,0x00,0x00,0x00,0x00,0x00,0x00,0x00,0x00,0x00,
    0x00,0x00,0x00,0x00,0x00,0x00,0x00,0x00,0x00,0x00,0x00,0x00,0x00,0x00,0x00,0x00,0x00,0x00,0x00,0x00,0x00,0x00,0x00,0x00,
    0x00,0x00,0x00,0x00,0x00,0x00,0x00,0x00,0x00,0x00,0x00,0x00,0x00,0x00,0x00,0x00,0x00,0x00,0x00,0x00,0x00,0x00,0x00,0x00,
    0x00,0x00,0x00,0x00,0x00,0x00,0x00,0x00,0x00,0x00,0x00,0x00,0x00,0x00,0x00,0x00,0x00,0x00,0x00,0x00,0x00,0x00,0x00,0x00,
    0x00,0x00,0x00,0x00,0x00,0x00,0x00,0x00,0x00,0x00,0x00,0x00,0x00,0x00,0x00,0x00,0x00,0x00,0x00,0x00,0x00,0x00,0x00,0x00,
    0x00,0x00,0x00,0x00,0x00,0x00,0x00,0x00,0x00,0x00,0x00,0x00,0x00,0x00,0x00,0x00,0x00,0x00,0x00,0x00,0x00,0x00,0x00,0x00,
    0x00,0x00,0x00,0x00,0x00,0x00,0x00,0x00,0x00,0x00,0x00,0x00,0x00,0x00,0x00,0x00,0x00,0x00,0x00,0x00,0x00,0x00,0x00,0x00,
    0x00,0x00,0x00,0x00,0x00,0x00,0x00,0x00,0x00,0x00,0x00,0x00,0x00,0x00,0x00,0x00,0x00,0x00,0x00,0x00,0x00,0x00,0x00,0x00,
    0x00,0x00,0x00,0x00,0x00,0x00,0x00,0x00,0x00,0x00,0x00,0x00,0x00,0x00,0x00,0x00,0x00,0x00,0x00,0x00,0x00,0x00,0x00,0x00,
    0x00,0x00,0x00,0x00,0x00,0x00,0x00,0x00,0x00,0x00,0x00,0x00,0x00,0x00,0x00,0x00,0x00,0x00,0x00,0x00,0x00,0x00,0x00,0x00,
    0x00,0x00,0x00,0x00,0x00,0x00,0x00,0x00,0x00,0x00,0x00,0x00,0x00,0x00,0x00,0x00,0x00,0x00,0x00,0x00,0x00,0x00,0x00,0x00,
    0x00,0x00,0x00,0x00,0x00,0x00,0x00,0x00,0x00,0x00,0x00,0x00,0x00,0x00,0x00,0x00,0x00,0x00,0x00,0x00,0x00,0x00,0x00,0x00,
    0x00,0x00,0x00,0x00,0x00,0x00,0x00,0x00,0x00,0x00,0x00,0x00,0x00,0x00,0x00,0x00,0x00,0x00,0x00,0x00,0x00,0x00,0x00,0x00,
    0x00,0x00,0x00,0x00,0x00,0x00,0x00,0x00,0x00,0x00,0x00,0x00,0x00,0x00,0x00,0x00,0x00,0x00,0x00,0x00,0x00,0x00,0x00,0x00,
    0x00,0x00,0x00,0x00,0x00,0x00,0x00,0x00,0x00,0x00,0x00,0x00,0x00,0x00,0x00,0x00,0x00,0x00,0x00,0x00,0x00,0x00,0x00,0x00,
    0x00,0x00,0x00,0x00,0x00,0x00,0x00,0x00,0x00,0x00,0x00,0x00,0x00,0x00,0x00,0x00,0x00,0x00,0x00,0x00,0x00,0x00,0x00,0x00,
    0x00,0x00,0x00,0x00,0x00,0x00,0x00,0x00,0x00,0x00,0x00,0x00,0x00,0x00,0x00,0x00,0x00,0x00,0x00,0x00,0x00,0x00,0x00,0x00,
    0x00,0x00,0x00,0x00,0x00,0x00,0x00,0x00,0x00,0x00,0x00,0x00,0x00,0x00,0x00,0x00,0x00,0x00,0x00,0x00,0x00,0x00,0x00,0x00,
    0x00,0x00,0x00,0x00,0x00,0x00,0x00,0x00,0x00,0x00,0x00,0x00,0x00,0x00,0x00,0x00,0x00,0x00,0x00,0x00,0x00,0x00,0x00,0x00,
    0x00,0x00,0x00,0x00,0x00,0x00,0x00,0x00,0x00,0x00,0x00,0x00,0x00,0x00,0x00,0x00,0x00,0x00,0x00,0x00,0x00,0x00,0x00,0x00,
    0x00,0x00,0x00,0x00,0x00,0x00,0x00,0x00,0x00,0x00,0x00,0x00,0x00,0x00,0x00,0x00,0x00,0x00,0x00,0x00,0x00,0x00,0x00,0x00,
    0x00,0x00,0x00,0x00,0x00,0x00,0x00,0x00,0x00,0x00,0x00,0x00,0x00,0x00,0x00,0x00,0x00,0x00,0x00,0x00,0x00,0x00,0x00,0x00,
    0x00,0x00,0x00,0x00,0x00,0x00,0x00,0x00,0x00,0x00,0x00,0x00,0x00,0x00,0x00,0x00,0x00,0x00,0x00,0x00,0x00,0x00,0x00,0x00,
    0x00,0x00,0x00,0x00,0x00,0x00,0x00,0x00,0x00,0x00,0x00,0x00,0x00,0x00,0x00,0x00,0x00,0x00,0x00,0x00,0x00,0x00,0x00,0x00,
    0x00,0x00,0x00,0x00,0x00,0x00,0x00,0x00,0x00,0x00,0x00,0x00,0x00,0x00,0x00,0x00,0x00,0x00,0x00,0x00,0x00,0x00,0x00,0x00,
    0x00,0x00,0x00,0x00,0x00,0x00,0x00,0x00,0x00,0x00,0x00,0x00,0x00,0x00,0x00,0x00,0x00,0x00,0x00,0x00,0x00,0x00,0x00,0x00,
    0x00,0x00,0x00,0x00,0x00,0x00,0x00,0x00,0x00,0x00,0x00,0x00,0x00,0x00,0x00,0x00,0x00,0x00,0x00,0x00,0x00,0x00,0x00,0x00,
    0x00,0x00,0x00,0x00,0x00,0x00,0x00,0x00,0x00,0x00,0x00,0x00,0x00,0x00,0x00,0x00,0x00,0x00,0x00,0x00,0x00,0x00,0x00,0x00,
    0x00,0x00,0x00,0x00,0x00,0x00,0x00,0x00,0x00,0x00,0x00,0x00,0x00,0x00,0x00,0x00,0x00,0x00,0x00,0x00,0x00,0x00,0x00,0x00,
    0x00,0x00,0x00,0x00,0x00,0x00,0x00,0x00,0x00,0x00,0x00,0x00,0x00,0x00,0x00,0x00,0x00,0x00,0x00,0x00,0x00,0x00,0x00,0x00,
    0x00,0x00,0x00,0x00,0x00,0x00,0x00,0x00,0x00,0x00,0x00,0x00,0x00,0x00,0x00,0x00,0x00,0x00,0x00,0x00,0x00,0x00,0x00,0x00,
    0x00,0x00,0x00,0x00,0x00,0x00,0x00,0x00,0x00,0x00,0x00,0x00,0x00,0x00,0x00,0x00,0x00,0x00,0x00,0x00,0x00,0x00,0x00,0x00,
    0x00,0x00,0x00,0x00,0x00,0x00,0x00,0x00,0x00,0x00,0x00,0x00,0x00,0x00,0x00,0x00,0x00,0x00,0x00,0x00,0x00,0x00,0x00,0x00,
    0x00,0x00,0x00,0x00,0x00,0x00,0x00,0x00,0x00,0x00,0x00,0x00,0x00,0x00,0x00,0x00,0x00,0x00,0x00,0x00,0x00,0x00,0x00,0x00,
    0x00,0x00,0x00,0x00,0x00,0x00,0x00,0x00,0x00,0x00,0x00,0x00,0x00,0x00,0x00,0x00,0x00,0x00,0x00,0x00,0x00,0x00,0x00,0x00,
    0x00,0x00,0x00,0x00,0x00,0x00,0x00,0x00,0x00,0x00,0x00,0x00,0x00,0x00,0x00,0x00,0x00,0x00,0x00,0x00,0x00,0x00,0x00,0x00,
    0x00,0x00,0x00,0x00,0x00,0x00,0x00,0x00,0x00,0x00,0x00,0x00,0x00,0x00,0x00,0x00,0x00,0x00,0x00,0x00,0x00,0x00,0x00,0x00,
    0x00,0x00,0x00,0x00,0x00,0x00,0x00,0x00,0x00,0x00,0x00,0x00,0x00,0x00,0x00,0x00,0x00,0x00,0x00,0x00,0x00,0x00,0x00,0x00,
    0x00,0x00,0x00,0x00,0x00,0x00,0x00,0x00,0x00,0x00,0x00,0x00,0x00,0x00,0x00,0x00,0x00,0x00,0x00,0x00,0x00,0x00,0x00,0x00,
    0x00,0x00,0x00,0x00,0x00,0x00,0x00,0x00,0x00,0x00,0x00,0x00,0x00,0x00,0x00,0x00,0x00,0x00,0x00,0x00,0x00,0x00,0x00,0x00,
    0x00,0x00,0x00,0x00,0x00,0x00,0x00,0x00,0x00,0x00,0x00,0x00,0x00,0x00,0x00,0x00,0x00,0x00,0x00,0x00,0x00,0x00,0x00,0x00,
    0x00,0x00,0x00,0x00,0x00,0x00,0x00,0x00,0x00,0x00,0x00,0x00,0x00,0x00,0x00,0x00,0x00,0x00,0xff,0xff,0xff,0xff,0xff,0xff,
    0x00,0x00,0x00,0x00,0x00,0x00,0x00,0x00,0x00,0x00,0x00,0x00,0x00,0x00,0x00,0x00,0x00,0x00,0x00,0x00,0x00,0x00,0x00,0x00,
    0x00,0x00,0x00,0x00,0x00,0x00,0x00,0x00,0x00,0x00,0x00,0x00,0x00,0x00,0x00,0x00,0x00,0x00,0x00,0x00,0x00,0x00,0x00,0x00,
    0x00,0x00,0x00,0x00,0x00,0x00,0x00,0x00,0x00,0x00,0x00,0x00,0x00,0x00,0x00,0x00,0x00,0x00,0x00,0x00,0x00,0x00,0x00,0x00,
    0x00,0x00,0x00,0x00,0x00,0x00,0x00,0x00,0x00,0x00,0x00,0x00,0x00,0x00,0x00,0x00,0x00,0x00,0x00,0x00,0x00,0x00,0x00,0x00,
    0x00,0x00,0x00,0x00,0x00,0x00,0x00,0x00,0x00,0x00,0x00,0x00,0x00,0x00,0x00,0x00,0x00,0x00,0x1f,0x00,0x5f,0xad,0x5f,0xad,
    0x00,0x00,0x00,0x00,0x00,0x00,0x00,0x00,0x55,0xad,0xf7,0x7d,0xff,0xff,0x00,0x00,0x00,0x00,0x00,0x00,0x00,0x00,0x00,0x00,
    0x00,0x00,0x00,0x00,0x00,0x00,0x00,0x00,0x00,0x00,0x00,0x00,0x00,0x00,0x00,0x00,0x00,0x00,0x00,0x00,0x00,0x00,0x00,0x00,
    0x00,0x00,0x00,0x00,0x00,0x00,0x00,0x00,0x00,0x00,0x00,0x00,0x00,0x00,0x00,0x00,0x00,0x00,0x00,0x00,0x00,0x00,0x00,0x00,
    0x00,0x00,0x00,0x00,0x00,0x00,0x00,0x00,0x00,0x00,0x00,0x00,0x00,0x00,0x00,0x00,0x00,0x00,0x00,0x00,0x00,0x00,0x00,0x00,
    0x00,0x00,0x00,0x00,0x00,0x00,0x00,0x00,0x00,0x00,0x00,0x00,0x00,0x00,0x00,0x00,0x00,0x00,0x00,0x00,0x00,0x00,0x00,0x00,
    0x55,0xad,0x00,0x00,0x00,0x00,0x00,0x00,0x55,0xad,0xf9,0x9d,0x79,0x9d,0x58,0xad,0x00,0x00,0x00,0x00,0x00,0x00,0x55,0xad,
    0x00,0x00,0x00,0x00,0x00,0x00,0x00,0x00,0x00,0x00,0x00,0x00,0x00,0x00,0x00,0x00,0x00,0x00,0x00,0x00,0x00,0x00,0x00,0x00,
    0x00,0x00,0x00,0x00,0x00,0x00,0x00,0x00,0x00,0x00,0x00,0x00,0x00,0x00,0x00,0x00,0x00,0x00,0x00,0x00,0x00,0x00,0x00,0x00,
    0x00,0x00,0x00,0x00,0x00,0x00,0x00,0x00,0x00,0x00,0x00,0x00,0x00,0x00,0x00,0x00,0x00,0x00,0x00,0x00,0x00,0x00,0x00,0x00,
    0x00,0x00,0x00,0x00,0x00,0x00,0x00,0x00,0x00,0x00,0x00,0x00,0x00,0x00,0x00,0x00,0x00,0x00,0x00,0x00,0x00,0x00,0x00,0x00,
    0x00,0x00,0x00,0x00,0x00,0x00,0x55,0xad,0x00,0x00,0x55,0x7d,0x57,0x95,0x57,0x9d,0x37,0x95,0x37,0x95,0x17,0x95,0x37,0x95,
    0x37,0x95,0x57,0x9d,0x17,0x95,0x00,0x00,0xff,0xff,0xff,0xff,0x00,0x00,0x00,0x00,0x00,0x00,0x00,0x00,0x00,0x00,0x00,0x00,
    0x00,0x00,0x00,0x00,0x00,0x00,0x00,0x00,0x00,0x00,0x00,0x00,0x00,0x00,0x00,0x00,0x00,0x00,0x00,0x00,0x00,0x00,0x00,0x00,
    0x00,0x00,0x00,0x00,0x00,0x00,0x00,0x00,0x00,0x00,0x00,0x00,0x00,0x00,0x00,0x00,0x00,0x00,0x00,0x00,0x00,0x00,0x00,0x00,
    0x00,0x00,0x00,0x00,0x00,0x00,0x00,0x00,0x00,0x00,0x00,0x00,0x00,0x00,0x00,0x00,0x00,0x00,0x00,0x00,0x00,0x00,0x00,0x00,
    0x00,0x00,0x00,0x00,0x00,0x00,0x00,0x00,0x00,0x00,0x00,0x00,0xff,0xff,0x00,0x00,0x16,0x95,0x57,0x9d,0x78,0x9d,0x78,0x9d,
    0x57,0x9d,0x37,0x95,0x37,0x95,0x37,0x9d,0x78,0x9d,0x78,0x9d,0x37,0x9d,0x37,0x95,0x00,0x00,0x00,0x00,0xef,0x7b,0x00,0x00,
    0x00,0x00,0x00,0x00,0x00,0x00,0x00,0x00,0x00,0x00,0x00,0x00,0x00,0x00,0x00,0x00,0x00,0x00,0x00,0x00,0x00,0x00,0x00,0x00,
    0x00,0x00,0x00,0x00,0x00,0x00,0x00,0x00,0x00,0x00,0x00,0x00,0x00,0x00,0x00,0x00,0x00,0x00,0x00,0x00,0x00,0x00,0x00,0x00,
    0x00,0x00,0x00,0x00,0x00,0x00,0x00,0x00,0x00,0x00,0x00,0x00,0x00,0x00,0x00,0x00,0x00,0x00,0x00,0x00,0x00,0x00,0x00,0x00,
    0x00,0x00,0x00,0x00,0x00,0x00,0x00,0x00,0x00,0x00,0x00,0x00,0x00,0x00,0x00,0x00,0xff,0xff,0xff,0xff,0x00,0x00,0x37,0x95,
    0x58,0x9d,0x57,0x9d,0x16,0x95,0x16,0x95,0x17,0x95,0x16,0x95,0x16,0x95,0x17,0x95,0x17,0x95,0x16,0x95,0x37,0x95,0x78,0xa5,
    0x37,0x95,0xd5,0x8c,0x00,0x00,0xef,0x7b,0x00,0x00,0x00,0x00,0x00,0x00,0x00,0x00,0x00,0x00,0x00,0x00,0x00,0x00,0x00,0x00,
    0x00,0x00,0x00,0x00,0x00,0x00,0x00,0x00,0x00,0x00,0x00,0x00,0x00,0x00,0x00,0x00,0x00,0x00,0x00,0x00,0x00,0x00,0x00,0x00,
    0x00,0x00,0x00,0x00,0x00,0x00,0x00,0x00,0x00,0x00,0x00,0x00,0x00,0x00,0x00,0x00,0x00,0x00,0x00,0x00,0x00,0x00,0x00,0x00,
    0x00,0x00,0x00,0x00,0x00,0x00,0x00,0x00,0x00,0x00,0x00,0x00,0x00,0x00,0x00,0x00,0x00,0x00,0x00,0x00,0x00,0x00,0x00,0x00,
    0xff,0xaf,0xff,0xff,0x16,0x95,0x99,0xa5,0x17,0x95,0x16,0x95,0x17,0x95,0x17,0x95,0x17,0x95,0x17,0x95,0x17,0x95,0x17,0x95,
    0x17,0x95,0x17,0x95,0x16,0x95,0x16,0x95,0x98,0xa5,0x37,0x95,0x17,0x95,0xef,0x7b,0xff,0xff,0x00,0x00,0x00,0x00,0x00,0x00,
    0x00,0x00,0x00,0x00,0x00,0x00,0x00,0x00,0x00,0x00,0x00,0x00,0x00,0x00,0x00,0x00,0x00,0x00,0x00,0x00,0x00,0x00,0x00,0x00,
    0x00,0x00,0x00,0x00,0x00,0x00,0x00,0x00,0x00,0x00,0x00,0x00,0x00,0x00,0x00,0x00,0x00,0x00,0x00,0x00,0x00,0x00,0x00,0x00,
    0x00,0x00,0x00,0x00,0x00,0x00,0x00,0x00,0x00,0x00,0x00,0x00,0x00,0x00,0x00,0x00,0x00,0x00,0x00,0x00,0x00,0x00,0x00,0x00,
    0x00,0x00,0xff,0xff,0xff,0xff,0xf7,0xbd,0x00,0x00,0x16,0x95,0x99,0xa5,0x17,0x95,0x17,0x95,0x17,0x95,0x17,0x95,0x17,0x95,
    0x17,0x95,0x17,0x95,0x17,0x95,0x17,0x95,0x17,0x95,0x17,0x95,0x17,0x95,0x17,0x95,0x16,0x95,0x98,0xa5,0x17,0x95,0x00,0x00,
    0x55,0xad,0x00,0x00,0x00,0x00,0x00,0x00,0x00,0x00,0x00,0x00,0x00,0x00,0x00,0x00,0x00,0x00,0x00,0x00,0x00,0x00,0x00,0x00,
    0x00,0x00,0x00,0x00,0x00,0x00,0x00,0x00,0x00,0x00,0x00,0x00,0x00,0x00,0x00,0x00,0x00,0x00,0x00,0x00,0x00,0x00,0x00,0x00,
    0x00,0x00,0x00,0x00,0x00,0x00,0x00,0x00,0x00,0x00,0x00,0x00,0x00,0x00,0x00,0x00,0x00,0x00,0x00,0x00,0x00,0x00,0x00,0x00,
    0x00,0x00,0x00,0x00,0xff,0xff,0xff,0xff,0xff,0xff,0x00,0x00,0x00,0x00,0x00,0x00,0x16,0x95,0x57,0x9d,0x37,0x95,0x16,0x95,
    0x17,0x95,0x17,0x95,0x17,0x95,0x17,0x95,0x17,0x95,0x17,0x95,0x17,0x95,0x17,0x95,0x17,0x95,0x17,0x95,0x17,0x95,0x17,0x95,
    0x17,0x95,0x16,0x95,0x78,0x9d,0x16,0x95,0x00,0x00,0x55,0xad,0x00,0x00,0x00,0x00,0x00,0x00,0x00,0x00,0x00,0x00,0x00,0x00,
    0x00,0x00,0x00,0x00,0x00,0x00,0x00,0x00,0x00,0x00,0x00,0x00,0x00,0x00,0x00,0x00,0x00,0x00,0x00,0x00,0x00,0x00,0x00,0x00,
    0x00,0x00,0x00,0x00,0x00,0x00,0x00,0x00,0x00,0x00,0x00,0x00,0x00,0x00,0x00,0x00,0x00,0x00,0x00,0x00,0x00,0x00,0x00,0x00,
    0x00,0x00,0x00,0x00,0x00,0x00,0x00,0x00,0x00,0x00,0xff,0xff,0x00,0x00,0x00,0x00,0x00,0x00,0x7d,0xdf,0x3e,0xd7,0x3c,0xdf,
    0x37,0x95,0x78,0x9d,0x16,0x95,0x17,0x95,0x17,0x95,0x17,0x95,0x17,0x95,0x17,0x95,0x17,0x95,0x17,0x95,0x17,0x95,0x17,0x95,
    0x17,0x95,0x17,0x95,0x17,0x95,0x17,0x95,0x17,0x95,0x16,0x95,0x37,0x9d,0x37,0x95,0x56,0x9d,0xff,0x07,0xff,0xff,0x00,0x00,
    0x00,0x00,0x00,0x00,0x00,0x00,0x00,0x00,0x00,0x00,0x00,0x00,0x00,0x00,0x00,0x00,0x00,0x00,0x00,0x00,0x00,0x00,0x00,0x00,
    0x00,0x00,0x00,0x00,0x00,0x00,0x00,0x00,0x00,0x00,0x00,0x00,0x00,0x00,0x00,0x00,0x00,0x00,0x00,0x00,0x00,0x00,0x00,0x00,
    0x00,0x00,0x00,0x00,0x00,0x00,0x00,0x00,0x00,0x00,0x00,0x00,0x00,0x00,0xff,0xff,0xff,0xff,0x00,0x00,0x3e,0xe7,0x7e,0xef,
    0x7e,0xe7,0x5d,0xe7,0x5e,0xe7,0xfc,0xd6,0x37,0x95,0x16,0x95,0x17,0x95,0x17,0x95,0x17,0x95,0x17,0x95,0x17,0x95,0x17,0x95,
    0x17,0x95,0x17,0x95,0x17,0x95,0x17,0x95,0x17,0x95,0x17,0x95,0x17,0x95,0x17,0x95,0x37,0x95,0x37,0x95,0x16,0x95,0x78,0x9d,
    0x16,0x95,0xff,0xff,0xfb,0xbd,0xff,0xff,0x00,0x00,0x00,0x00,0x00,0x00,0x00,0x00,0x00,0x00,0x00,0x00,0x00,0x00,0x00,0x00,
    0x00,0x00,0x00,0x00,0x00,0x00,0x00,0x00,0x00,0x00,0x00,0x00,0x00,0x00,0x00,0x00,0x00,0x00,0x00,0x00,0x00,0x00,0x00,0x00,
    0x00,0x00,0x00,0x00,0x00,0x00,0x00,0x00,0x00,0x00,0x00,0x00,0x00,0x00,0x00,0x00,0x00,0x00,0x00,0x00,0xff,0xff,0x00,0x00,
    0x00,0x00,0x7e,0xe7,0x7e,0xef,0xdf,0xf7,0xbf,0xef,0x5e,0xe7,0x9f,0xef,0x5b,0xc6,0xf6,0x8c,0x37,0x95,0x17,0x95,0x17,0x95,
    0x17,0x95,0x17,0x95,0x17,0x95,0x17,0x95,0x17,0x95,0x17,0x95,0x17,0x95,0x17,0x95,0x17,0x95,0x17,0x95,0x37,0x95,0x16,0x95,
    0xf6,0x8c,0xf6,0x8c,0x37,0x95,0x98,0xa5,0x37,0x9d,0x00,0x00,0x00,0x00,0x00,0x00,0xff,0xff,0x00,0x00,0x00,0x00,0x00,0x00,
    0x00,0x00,0x00,0x00,0x00,0x00,0x00,0x00,0x00,0x00,0x00,0x00,0x00,0x00,0x00,0x00,0x00,0x00,0x00,0x00,0x00,0x00,0x00,0x00,
    0x00,0x00,0x00,0x00,0x00,0x00,0x00,0x00,0x00,0x00,0x00,0x00,0x00,0x00,0x00,0x00,0x00,0x00,0x00,0x00,0x00,0x00,0x00,0x00,
    0x00,0x00,0xff,0xff,0xff,0xff,0x3e,0xe7,0x7e,0xe7,0xdf,0xf7,0x7e,0xe7,0x3d,0xe7,0x3d,0xe7,0x3d,0xe7,0x5e,0xe7,0xb8,0xad,
    0xf6,0x94,0x37,0x95,0x17,0x95,0x17,0x95,0x17,0x95,0x17,0x95,0x17,0x95,0x17,0x95,0x17,0x95,0x17,0x95,0x17,0x95,0x17,0x95,
    0x17,0x95,0x37,0x95,0xf6,0x8c,0x37,0x95,0xf9,0xb5,0x9b,0xce,0x1d,0xdf,0x3d,0xdf,0x3d,0xdf,0x7e,0xe7,0x9f,0xef,0x5e,0xe7,
    0x00,0x00,0xff,0xff,0x00,0x00,0x00,0x00,0x00,0x00,0x00,0x00,0x00,0x00,0x00,0x00,0x00,0x00,0x00,0x00,0x00,0x00,0x00,0x00,
    0x00,0x00,0x00,0x00,0x00,0x00,0x00,0x00,0x00,0x00,0x00,0x00,0x00,0x00,0x00,0x00,0x00,0x00,0x00,0x00,0x00,0x00,0x00,0x00,
    0x00,0x00,0x00,0x00,0x00,0x00,0x00,0x00,0x00,0x00,0xff,0xff,0xff,0xff,0x3e,0xe7,0xff,0xf7,0x3d,0xe7,0x3d,0xe7,0x5e,0xe7,
    0x5e,0xe7,0x5e,0xe7,0x3d,0xdf,0x57,0x9d,0x16,0x95,0x17,0x95,0x17,0x95,0x17,0x95,0x17,0x95,0x17,0x95,0x17,0x95,0x17,0x95,
    0x17,0x95,0x17,0x95,0x17,0x95,0x17,0x95,0x37,0x95,0xf6,0x8c,0xb8,0xad,0xfd,0xde,0x7e,0xef,0x7e,0xe7,0x5e,0xe7,0x5e,0xe7,
    0x5e,0xe7,0xbf,0xef,0xdf,0xf7,0x7e,0xef,0x5e,0xe7,0x00,0x00,0xff,0xff,0xff,0xff,0x00,0x00,0x00,0x00,0x00,0x00,0x00,0x00,
    0x00,0x00,0x00,0x00,0x00,0x00,0x00,0x00,0x00,0x00,0x00,0x00,0x00,0x00,0x00,0x00,0x00,0x00,0x00,0x00,0x00,0x00,0x00,0x00,
    0x00,0x00,0x00,0x00,0x00,0x00,0x00,0x00,0x00,0x00,0x00,0x00,0x00,0x00,0x00,0x00,0xff,0xff,0x00,0x00,0x5d,0xe7,0xdf,0xf7,
    0x3d,0xe7,0x5e,0xe7,0x5e,0xe7,0x5e,0xe7,0x5e,0xe7,0x5e,0xe7,0x3d,0xdf,0x37,0x9d,0x16,0x95,0x17,0x95,0x17,0x95,0x17,0x95,
    0x17,0x95,0x17,0x95,0x17,0x95,0x17,0x95,0x17,0x95,0x17,0x95,0x17,0x95,0x37,0x95,0xf6,0x8c,0xf9,0xb5,0x7e,0xe7,0x5e,0xe7,
    0x3d,0xe7,0x3d,0xe7,0x5e,0xe7,0x5e,0xe7,0x3d,0xe7,0x3d,0xe7,0x3d,0xe7,0x5e,0xe7,0xff,0xf7,0x3e,0xe7,0xff,0xff,0xff,0xff,
    0x00,0x00,0x00,0x00,0x00,0x00,0x00,0x00,0x00,0x00,0x00,0x00,0x00,0x00,0x00,0x00,0x00,0x00,0x00,0x00,0x00,0x00,0x00,0x00,
    0x00,0x00,0x00,0x00,0x00,0x00,0x00,0x00,0x00,0x00,0x00,0x00,0x00,0x00,0x00,0x00,0x00,0x00,0x00,0x00,0x00,0x00,0xff,0xff,
    0xff,0xff,0x3e,0xe7,0x5e,0xe7,0x7e,0xe7,0x3d,0xe7,0x5e,0xe7,0x5e,0xe7,0x5e,0xe7,0x5e,0xe7,0x5e,0xe7,0x3d,0xdf,0x37,0x9d,
    0x16,0x95,0x17,0x95,0x17,0x95,0x17,0x95,0x17,0x95,0x17,0x95,0x17,0x95,0x17,0x95,0x17,0x95,0x17,0x95,0x37,0x95,0xf6,0x8c,
    0xb8,0xad,0x7e,0xe7,0x5e,0xe7,0x3d,0xe7,0x5e,0xe7,0x5e,0xe7,0x5e,0xe7,0x5e,0xe7,0x5e,0xe7,0x5e,0xe7,0x5e,0xe7,0x3d,0xe7,
    0x5e,0xe7,0xff,0xff,0x3d,0xdf,0x00,0x00,0xff,0xff,0x00,0x00,0x00,0x00,0x00,0x00,0x00,0x00,0x00,0x00,0x00,0x00,0x00,0x00,
    0x00,0x00,0x00,0x00,0x00,0x00,0x00,0x00,0x00,0x00,0x00,0x00,0x00,0x00,0x00,0x00,0x00,0x00,0x00,0x00,0x00,0x00,0x00,0x00,
    0x00,0x00,0x00,0x00,0x00,0x00,0xff,0xff,0x00,0x00,0x3d,0xe7,0xdf,0xf7,0x3d,0xe7,0x5e,0xe7,0x5e,0xe7,0x5e,0xe7,0x5e,0xe7,
    0x5e,0xe7,0x5e,0xe7,0x3d,0xdf,0x57,0x9d,0x16,0x95,0x17,0x95,0x17,0x95,0x17,0x95,0x17,0x95,0x17,0x95,0x17,0x95,0x17,0x95,
    0x17,0x95,0x17,0x95,0x17,0x95,0x37,0x95,0xfd,0xde,0x5e,0xe7,0x3d,0xe7,0x5e,0xe7,0x5e,0xe7,0x5e,0xe7,0x5e,0xe7,0x5e,0xe7,
    0x5e,0xe7,0x5e,0xe7,0x5e,0xe7,0x5e,0xe7,0x3d,0xe7,0x5e,0xe7,0x7e,0xef,0x3e,0xe7,0x00,0x00,0xff,0xff,0x00,0x00,0x00,0x00,
    0x00,0x00,0x00,0x00,0x00,0x00,0x00,0x00,0x00,0x00,0x00,0x00,0x00,0x00,0x00,0x00,0x00,0x00,0x00,0x00,0x00,0x00,0x00,0x00,
    0x00,0x00,0x00,0x00,0x00,0x00,0x00,0x00,0x00,0x00,0x00,0x00,0x00,0x00,0xff,0xff,0xf7,0xbd,0x5d,0xe7,0xbf,0xef,0x3d,0xe7,
    0x5e,0xe7,0x5e,0xe7,0x5e,0xe7,0x5e,0xe7,0x5e,0xe7,0x3d,0xe7,0x5e,0xe7,0x98,0xa5,0xf6,0x94,0x37,0x95,0x17,0x95,0x17,0x95,
    0x17,0x95,0x17,0x95,0x17,0x95,0x17,0x95,0x17,0x95,0x37,0x95,0xf6,0x8c,0xf9,0xb5,0x7e,0xef,0x3d,0xe7,0x5e,0xe7,0x5e,0xe7,
    0x5e,0xe7,0x5e,0xe7,0x5e,0xe7,0x5e,0xe7,0x5e,0xe7,0x5e,0xe7,0x5e,0xe7,0x5e,0xe7,0x5e,0xe7,0x3d,0xe7,0xdf,0xf7,0x3d,0xe7,
    0x00,0x00,0xff,0xff,0x00,0x00,0x00,0x00,0x00,0x00,0x00,0x00,0x00,0x00,0x00,0x00,0x00,0x00,0x00,0x00,0x00,0x00,0x00,0x00,
    0x00,0x00,0x00,0x00,0x00,0x00,0x00,0x00,0x00,0x00,0x00,0x00,0x00,0x00,0x00,0x00,0x00,0x00,0x00,0x00,0xff,0xff,0xff,0xff,
    0xff,0xff,0x5e,0xe7,0x7e,0xe7,0x3d,0xe7,0x5e,0xe7,0x5e,0xe7,0x5e,0xe7,0x5e,0xe7,0x5e,0xe7,0x3d,0xe7,0x7e,0xef,0x1a,0xb6,
    0xf6,0x8c,0x37,0x95,0x17,0x95,0x17,0x95,0x17,0x95,0x17,0x95,0x17,0x95,0x17,0x95,0x17,0x95,0x37,0x95,0xf6,0x8c,0x9b,0xce,
    0x7e,0xe7,0x3d,0xe7,0x5e,0xe7,0x5e,0xe7,0x5e,0xe7,0x5e,0xe7,0x5e,0xe7,0x5e,0xe7,0x5e,0xe7,0x5e,0xe7,0x5e,0xe7,0x5e,0xe7,
    0x5e,0xe7,0x3d,0xe7,0x7e,0xe7,0x5d,0xe7,0x3f,0xe7,0x00,0x00,0xff,0xff,0x00,0x00,0x00,0x00,0x00,0x00,0x00,0x00,0x00,0x00,
    0x00,0x00,0x00,0x00,0x00,0x00,0x00,0x00,0x00,0x00,0x00,0x00,0x00,0x00,0x00,0x00,0x00,0x00,0x00,0x00,0x00,0x00,0x00,0x00,
    0x00,0x00,0xff,0xff,0xff,0xff,0x00,0x00,0x78,0xa5,0x5e,0xe7,0x5e,0xe7,0x5e,0xe7,0x5e,0xe7,0x5e,0xe7,0x5e,0xe7,0x5e,0xe7,
    0x5e,0xe7,0x3d,0xe7,0x7e,0xe7,0xdc,0xd6,0x16,0x95,0x37,0x95,0x17,0x95,0x17,0x95,0x17,0x95,0x17,0x95,0x17,0x95,0x17,0x95,
    0x17,0x95,0x17,0x95,0x37,0x95,0x1d,0xdf,0x5e,0xe7,0x5e,0xe7,0x5e,0xe7,0x5e,0xe7,0x5e,0xe7,0x5e,0xe7,0x5e,0xe7,0x5e,0xe7,
    0x5e,0xe7,0x5e,0xe7,0x5e,0xe7,0x5e,0xe7,0x5e,0xe7,0x5e,0xe7,0x3d,0xe7,0x7e,0xef,0x3e,0xe7,0x00,0x00,0xff,0xff,0x00,0x00,
    0x00,0x00,0x00,0x00,0x00,0x00,0x00,0x00,0x00,0x00,0x00,0x00,0x00,0x00,0x00,0x00,0x00,0x00,0x00,0x00,0x00,0x00,0x00,0x00,
    0x00,0x00,0x00,0x00,0x00,0x00,0x00,0x00,0x00,0x00,0x55,0xad,0xff,0xff,0x16,0x95,0xb9,0xa5,0x3d,0xdf,0x5e,0xe7,0x5e,0xe7,
    0x5e,0xe7,0x5e,0xe7,0x5e,0xe7,0x5e,0xe7,0x5e,0xe7,0x5e,0xe7,0x5e,0xe7,0x5e,0xe7,0x78,0xa5,0x16,0x95,0x37,0x95,0x17,0x95,
    0x17,0x95,0x17,0x95,0x17,0x95,0x17,0x95,0x17,0x95,0x16,0x95,0x37,0x9d,0x3d,0xdf,0x5e,0xe7,0x5e,0xe7,0x5e,0xe7,0x5e,0xe7,
    0x5e,0xe7,0x5e,0xe7,0x5e,0xe7,0x5e,0xe7,0x5e,0xe7,0x5e,0xe7,0x5e,0xe7,0x5e,0xe7,0x5e,0xe7,0x5e,0xe7,0x3d,0xe7,0x9f,0xef,
    0x5e,0xe7,0x00,0x00,0xff,0xff,0x00,0x00,0x00,0x00,0x00,0x00,0x00,0x00,0x00,0x00,0x00,0x00,0x00,0x00,0x00,0x00,0x00,0x00,
    0x00,0x00,0x00,0x00,0x00,0x00,0x00,0x00,0x00,0x00,0x00,0x00,0x00,0x00,0x00,0x00,0x55,0xad,0x00,0x00,0x16,0x95,0x99,0xa5,
    0x16,0x95,0xdc,0xd6,0x5e,0xe7,0x3d,0xe7,0x5e,0xe7,0x5e,0xe7,0x5e,0xe7,0x5e,0xe7,0x5e,0xe7,0x5e,0xe7,0x3d,0xe7,0x7e,0xe7,
    0x9b,0xce,0xf6,0x8c,0x37,0x95,0x17,0x95,0x17,0x95,0x17,0x95,0x17,0x95,0x17,0x95,0x17,0x95,0x16,0x95,0x37,0x9d,0x1d,0xdf,
    0x5e,0xe7,0x5e,0xe7,0x5e,0xe7,0x5e,0xe7,0x5e,0xe7,0x5e,0xe7,0x5e,0xe7,0x5e,0xe7,0x5e,0xe7,0x5e,0xe7,0x5e,0xe7,0x5e,0xe7,
    0x5e,0xe7,0x5e,0xe7,0x3d,0xe7,0x9f,0xef,0x3e,0xe7,0x00,0x00,0xff,0xff,0x00,0x00,0x00,0x00,0x00,0x00,0x00,0x00,0x00,0x00,
    0x00,0x00,0x00,0x00,0x00,0x00,0x00,0x00,0x00,0x00,0x00,0x00,0x00,0x00,0x00,0x00,0x00,0x00,0x00,0x00,0x00,0x00,0xff,0xff,
    0x00,0x00,0x37,0x95,0x37,0x95,0x37,0x95,0xf6,0x8c,0x5a,0xbe,0x7e,0xef,0x3d,0xe7,0x5e,0xe7,0x5e,0xe7,0x5e,0xe7,0x5e,0xe7,
    0x5e,0xe7,0x5e,0xe7,0x5e,0xe7,0x3d,0xe7,0x7e,0xe7,0xd9,0xad,0xf6,0x8c,0x37,0x95,0x17,0x95,0x17,0x95,0x17,0x95,0x17,0x95,
    0x17,0x95,0x37,0x95,0x16,0x95,0xbc,0xce,0x7e,0xe7,0x3d,0xe7,0x5e,0xe7,0x5e,0xe7,0x5e,0xe7,0x5e,0xe7,0x5e,0xe7,0x5e,0xe7,
    0x5e,0xe7,0x5e,0xe7,0x5e,0xe7,0x5e,0xe7,0x5e,0xe7,0x3d,0xe7,0x7e,0xe7,0x5e,0xe7,0x3e,0xe7,0x00,0x00,0xff,0xff,0x00,0x00,
    0x00,0x00,0x00,0x00,0x00,0x00,0x00,0x00,0x00,0x00,0x00,0x00,0x00,0x00,0x00,0x00,0x00,0x00,0x00,0x00,0x00,0x00,0x00,0x00,
    0x00,0x00,0x00,0x00,0x00,0x00,0xf7,0xbd,0x00,0x00,0x17,0x95,0x78,0x9d,0x16,0x95,0x16,0x95,0x78,0xa5,0x5e,0xe7,0x5e,0xe7,
    0x5e,0xe7,0x5e,0xe7,0x5e,0xe7,0x5e,0xe7,0x5e,0xe7,0x5e,0xe7,0x5e,0xe7,0x5e,0xe7,0x5e,0xe7,0x3d,0xdf,0x98,0xa5,0xf6,0x8c,
    0x37,0x95,0x17,0x95,0x17,0x95,0x17,0x95,0x17,0x95,0x37,0x95,0xf6,0x8c,0x3a,0xbe,0x7e,0xef,0x3d,0xe7,0x5e,0xe7,0x5e,0xe7,
    0x5e,0xe7,0x5e,0xe7,0x5e,0xe7,0x5e,0xe7,0x5e,0xe7,0x5e,0xe7,0x5e,0xe7,0x5e,0xe7,0x5e,0xe7,0x3d,0xe7,0xbf,0xef,0x3d,0xe7,
    0x00,0x00,0xff,0xff,0x00,0x00,0x00,0x00,0x00,0x00,0x00,0x00,0x00,0x00,0x00,0x00,0x00,0x00,0x00,0x00,0x00,0x00,0x00,0x00,
    0x00,0x00,0x00,0x00,0x00,0x00,0x00,0x00,0x00,0x00,0x00,0x00,0x00,0x00,0xff,0xff,0xf7,0xbd,0x17,0x95,0x58,0x9d,0x16,0x95,
    0x37,0x95,0xf6,0x8c,0x7b,0xc6,0x7e,0xef,0x3d,0xe7,0x5e,0xe7,0x5e,0xe7,0x5e,0xe7,0x5e,0xe7,0x5e,0xe7,0x5e,0xe7,0x5e,0xe7,
    0x3d,0xe7,0x5e,0xe7,0x3d,0xdf,0x98,0xa5,0xf6,0x8c,0x16,0x95,0x17,0x95,0x17,0x95,0x17,0x95,0x17,0x95,0x16,0x95,0x57,0x9d,
    0x3d,0xe7,0x5e,0xe7,0x5e,0xe7,0x5e,0xe7,0x5e,0xe7,0x5e,0xe7,0x5e,0xe7,0x5e,0xe7,0x5e,0xe7,0x5e,0xe7,0x5e,0xe7,0x5e,0xe7,
    0x5e,0xe7,0x5e,0xe7,0xbf,0xf7,0x5e,0xe7,0x00,0x00,0xff,0xff,0x00,0x00,0x00,0x00,0x00,0x00,0x00,0x00,0x00,0x00,0x00,0x00,
    0x00,0x00,0x00,0x00,0x00,0x00,0x00,0x00,0x00,0x00,0x00,0x00,0x00,0x00,0x00,0x00,0x00,0x00,0x00,0x00,0xff,0xff,0x00,0x00,
    0x36,0x95,0x17,0x95,0x37,0x95,0x16,0x95,0x17,0x95,0x17,0x95,0x37,0x95,0x1d,0xdf,0x7e,0xe7,0x3d,0xe7,0x5e,0xe7,0x5e,0xe7,
    0x5e,0xe7,0x5e,0xe7,0x5e,0xe7,0x5e,0xe7,0x5e,0xe7,0x3d,0xe7,0x5e,0xe7,0x5e,0xe7,0x1a,0xb6,0x37,0x9d,0x17,0x95,0x17,0x95,
    0x17,0x95,0x17,0x95,0x37,0x95,0xf6,0x8c,0x19,0xb6,0x7e,0xef,0x3d,0xe7,0x5e,0xe7,0x5e,0xe7,0x5e,0xe7,0x5e,0xe7,0x5e,0xe7,
    0x5e,0xe7,0x5e,0xe7,0x5e,0xe7,0x5e,0xe7,0x3d,0xe7,0xff,0xf7,0x3d,0xdf,0x00,0x00,0xff,0xff,0x00,0x00,0x00,0x00,0x00,0x00,
    0x00,0x00,0x00,0x00,0x00,0x00,0x00,0x00,0x00,0x00,0x00,0x00,0x00,0x00,0x00,0x00,0x00,0x00,0x00,0x00,0x00,0x00,0x00,0x00,
    0x00,0x00,0x00,0x00,0xff,0xff,0x00,0x00,0x57,0x9d,0x16,0x95,0x37,0x95,0x16,0x95,0x17,0x95,0x37,0x95,0x16,0x95,0x98,0xa5,
    0x3d,0xdf,0x7e,0xe7,0x3d,0xe7,0x3d,0xe7,0x5e,0xe7,0x5e,0xe7,0x5e,0xe7,0x5e,0xe7,0x5e,0xe7,0x3d,0xe7,0x3d,0xe7,0x5e,0xe7,
    0x7e,0xef,0xb9,0xad,0x16,0x95,0x37,0x95,0x17,0x95,0x17,0x95,0x17,0x95,0x37,0x95,0x16,0x95,0x7b,0xc6,0x7e,0xef,0x5e,0xe7,
    0x3d,0xe7,0x5e,0xe7,0x5e,0xe7,0x5e,0xe7,0x5e,0xe7,0x5e,0xe7,0x3d,0xe7,0x3d,0xe7,0xff,0xf7,0x7e,0xe7,0x1e,0xe7,0xff,0xff,
    0xff,0xff,0x00,0x00,0x00,0x00,0x00,0x00,0x00,0x00,0x00,0x00,0x00,0x00,0x00,0x00,0x00,0x00,0x00,0x00,0x00,0x00,0x00,0x00,
    0x00,0x00,0x00,0x00,0x00,0x00,0x00,0x00,0x00,0x00,0x00,0x00,0x00,0x00,0xff,0x07,0xf7,0x9c,0x17,0x95,0x57,0x9d,0x17,0x95,
    0x17,0x95,0x17,0x95,0x37,0x95,0x16,0x95,0x57,0x9d,0xbc,0xce,0x5e,0xe7,0x7e,0xe7,0x5e,0xe7,0x3e,0xe7,0x3d,0xe7,0x3d,0xe7,
    0x5e,0xe7,0x5e,0xe7,0x7e,0xe7,0xfd,0xd6,0x98,0xa5,0x16,0x95,0x37,0x95,0x17,0x95,0x17,0x95,0x17,0x95,0x17,0x95,0x17,0x95,
    0x17,0x95,0x16,0x95,0x3a,0xbe,0x5e,0xe7,0x7e,0xef,0x5e,0xe7,0x5e,0xe7,0x3d,0xe7,0x3e,0xe7,0x5e,0xe7,0x7e,0xe7,0x9f,0xef,
    0x5e,0xe7,0x1e,0xe7,0x00,0x00,0xff,0xff,0x00,0x00,0x00,0x00,0x00,0x00,0x00,0x00,0x00,0x00,0x00,0x00,0x00,0x00,0x00,0x00,
    0x00,0x00,0x00,0x00,0x00,0x00,0x00,0x00,0x00,0x00,0x00,0x00,0x00,0x00,0x00,0x00,0x00,0x00,0x00,0x00,0x00,0x00,0xff,0xaf,
    0x00,0x00,0x16,0x95,0x78,0x9d,0x16,0x95,0x17,0x95,0x17,0x95,0x17,0x95,0x37,0x95,0x16,0x95,0x16,0x95,0xb8,0xad,0xbc,0xce,
    0x3d,0xdf,0x5e,0xe7,0x5e,0xe7,0x5e,0xe7,0x3d,0xe7,0xdc,0xd6,0xf9,0xb5,0x17,0x95,0x16,0x95,0x37,0x95,0x17,0x95,0x17,0x95,
    0x17,0x95,0x17,0x95,0x17,0x95,0x17,0x95,0x17,0x95,0x17,0x95,0xf6,0x8c,0x98,0xa5,0x7b,0xc6,0x1d,0xdf,0x5e,0xe7,0x5e,0xe7,
    0x5e,0xe7,0x3d,0xdf,0xdc,0xd6,0xf9,0xb5,0x00,0x00,0x00,0x00,0xff,0xff,0x00,0x00,0x00,0x00,0x00,0x00,0x00,0x00,0x00,0x00,
    0x00,0x00,0x00,0x00,0x00,0x00,0x00,0x00,0x00,0x00,0x00,0x00,0x00,0x00,0x00,0x00,0x00,0x00,0x00,0x00,0x00,0x00,0x00,0x00,
    0x00,0x00,0x00,0x00,0x00,0x00,0x55,0xad,0x00,0x00,0x16,0x95,0x58,0x9d,0x16,0x95,0x17,0x95,0x17,0x95,0x17,0x95,0x17,0x95,
    0x17,0x95,0x37,0x95,0xf6,0x94,0xf6,0x94,0x57,0x9d,0xb8,0xa5,0xb8,0xad,0xb8,0xad,0x57,0x9d,0x16,0x95,0xf6,0x8c,0x17,0x95,
    0x37,0x95,0x17,0x95,0x17,0x95,0x17,0x95,0x17,0x95,0x17,0x95,0x17,0x95,0x17,0x95,0x17,0x95,0x17,0x95,0x37,0x95,0x16,0x95,
    0xf6,0x8c,0x37,0x95,0x98,0xa5,0xb8,0xad,0xb8,0xa5,0x37,0x9d,0x78,0x9d,0xd6,0x8c,0x00,0x00,0x79,0x9e,0x00,0x00,0x00,0x00,
    0x00,0x00,0x00,0x00,0x00,0x00,0x00,0x00,0x00,0x00,0x00,0x00,0x00,0x00,0x00,0x00,0x00,0x00,0x00,0x00,0x00,0x00,0x00,0x00,
    0x00,0x00,0x00,0x00,0x00,0x00,0x00,0x00,0x00,0x00,0x00,0x00,0x00,0x00,0x00,0x00,0x55,0xad,0x00,0x00,0x16,0x95,0x99,0xa5,
    0x16,0x95,0x17,0x95,0x17,0x95,0x17,0x95,0x17,0x95,0x17,0x95,0x37,0x95,0x37,0x95,0x16,0x95,0xf6,0x94,0xf6,0x94,0xf6,0x94,
    0x16,0x95,0x17,0x95,0x37,0x95,0x17,0x95,0x17,0x95,0x17,0x95,0x17,0x95,0x17,0x95,0x17,0x95,0x17,0x95,0x17,0x95,0x17,0x95,
    0x17,0x95,0x17,0x95,0x17,0x95,0x37,0x95,0x37,0x95,0x16,0x95,0x16,0x95,0xf6,0x94,0xf6,0x8c,0x58,0x9d,0x37,0x95,0xd9,0xad,
    0xff,0x7f,0xff,0xff,0x00,0x00,0x00,0x00,0x00,0x00,0x00,0x00,0x00,0x00,0x00,0x00,0x00,0x00,0x00,0x00,0x00,0x00,0x00,0x00,
    0x00,0x00,0x00,0x00,0x00,0x00,0x00,0x00,0x00,0x00,0x00,0x00,0x00,0x00,0x00,0x00,0x00,0x00,0x00,0x00,0x00,0x00,0x00,0x00,
    0xff,0xff,0xff,0x7b,0x57,0x8d,0x37,0x95,0x98,0xa5,0x16,0x95,0x17,0x95,0x17,0x95,0x17,0x95,0x17,0x95,0x17,0x95,0x17,0x95,
    0x17,0x95,0x37,0x95,0x37,0x95,0x37,0x95,0x17,0x95,0x17,0x95,0x17,0x95,0x17,0x95,0x17,0x95,0x17,0x95,0x17,0x95,0x17,0x95,
    0x17,0x95,0x17,0x95,0x17,0x95,0x17,0x95,0x17,0x95,0x17,0x95,0x17,0x95,0x17,0x95,0x17,0x95,0x17,0x95,0x37,0x95,0x16,0x95,
    0x58,0x9d,0x57,0x9d,0x16,0x95,0x00,0x00,0xff,0x7f,0x00,0x00,0x00,0x00,0x00,0x00,0x00,0x00,0x00,0x00,0x00,0x00,0x00,0x00,
    0x00,0x00,0x00,0x00,0x00,0x00,0x00,0x00,0x00,0x00,0x00,0x00,0x00,0x00,0x00,0x00,0x00,0x00,0x00,0x00,0x00,0x00,0x00,0x00,
    0x00,0x00,0x00,0x00,0x00,0x00,0x00,0x00,0x00,0x00,0xef,0x7b,0x00,0x00,0xd5,0x8c,0x37,0x9d,0x78,0x9d,0x58,0x9d,0x37,0x95,
    0x16,0x95,0x16,0x95,0x16,0x95,0x16,0x95,0x16,0x95,0x16,0x95,0x16,0x95,0x16,0x95,0x16,0x95,0x16,0x95,0x16,0x95,0x16,0x95,
    0x16,0x95,0x16,0x95,0x16,0x95,0x16,0x95,0x16,0x95,0x16,0x95,0x16,0x95,0x16,0x95,0x16,0x95,0x16,0x95,0x16,0x95,0x16,0x95,
    0x16,0x95,0x17,0x95,0x57,0x9d,0x98,0xa5,0x57,0x9d,0xf6,0x94,0x00,0x00,0x55,0xad,0x00,0x00,0x00,0x00,0x00,0x00,0x00,0x00,
    0x00,0x00,0x00,0x00,0x00,0x00,0x00,0x00,0x00,0x00,0x00,0x00,0x00,0x00,0x00,0x00,0x00,0x00,0x00,0x00,0x00,0x00,0x00,0x00,
    0x00,0x00,0x00,0x00,0x00,0x00,0x00,0x00,0x00,0x00,0x00,0x00,0x00,0x00,0x00,0x00,0x00,0x00,0x00,0x00,0xef,0x7b,0x00,0x00,
    0x00,0x00,0x37,0x95,0x37,0x95,0x37,0x95,0x78,0x9d,0x58,0x9d,0x58,0x9d,0x58,0x9d,0x58,0x9d,0x58,0x9d,0x58,0x9d,0x58,0x9d,
    0x58,0x9d,0x58,0x9d,0x58,0x9d,0x58,0x9d,0x58,0x9d,0x58,0x9d,0x58,0x9d,0x58,0x9d,0x58,0x9d,0x58,0x9d,0x58,0x9d,0x58,0x9d,
    0x58,0x9d,0x58,0x9d,0x78,0x9d,0x58,0x9d,0x58,0x9d,0x37,0x95,0x37,0x9d,0x57,0x9d,0xd5,0x8c,0x00,0x00,0x55,0xad,0x00,0x00,
    0x00,0x00,0x00,0x00,0x00,0x00,0x00,0x00,0x00,0x00,0x00,0x00,0x00,0x00,0x00,0x00,0x00,0x00,0x00,0x00,0x00,0x00,0x00,0x00,
    0x00,0x00,0x00,0x00,0x00,0x00,0x00,0x00,0x00,0x00,0x00,0x00,0x00,0x00,0x00,0x00,0x00,0x00,0x00,0x00,0x00,0x00,0x00,0x00,
    0x00,0x00,0x00,0x00,0x00,0x00,0xff,0xff,0xff,0xff,0x00,0x00,0x00,0x00,0xb6,0xb5,0x75,0xad,0x17,0x95,0x17,0x95,0x37,0x95,
    0x37,0x95,0x37,0x95,0x37,0x95,0x37,0x95,0x37,0x95,0x37,0x95,0x37,0x95,0x37,0x95,0x37,0x95,0x37,0x95,0x37,0x95,0x37,0x95,
    0x37,0x95,0x37,0x95,0x37,0x95,0x37,0x95,0x37,0x95,0x36,0x9d,0x55,0xad,0x17,0x95,0x58,0x95,0x78,0x9d,0x55,0xad,0x00,0x00,
    0x00,0x00,0xef,0x7b,0x00,0x00,0x00,0x00,0x00,0x00,0x00,0x00,0x00,0x00,0x00,0x00,0x00,0x00,0x00,0x00,0x00,0x00,0x00,0x00,
    0x00,0x00,0x00,0x00,0x00,0x00,0x00,0x00,0x00,0x00,0x00,0x00,0x00,0x00,0x00,0x00,0x00,0x00,0x00,0x00,0x00,0x00,0x00,0x00,
    0x00,0x00,0x00,0x00,0x00,0x00,0x00,0x00,0x00,0x00,0x00,0x00,0x00,0x00,0x00,0x00,0x00,0x00,0xd9,0x64,0xef,0x7b,0xbf,0x1b,
    0xff,0x23,0x00,0x00,0x00,0x00,0x00,0x00,0x00,0x00,0x00,0x00,0x00,0x00,0x00,0x00,0x00,0x00,0x00,0x00,0x00,0x00,0x00,0x00,
    0x00,0x00,0x00,0x00,0x00,0x00,0x00,0x00,0x00,0x00,0x00,0x00,0x00,0x00,0x00,0x00,0x00,0x00,0x5f,0x03,0xff,0x23,0x00,0x00,
    0x00,0x00,0x00,0x00,0x00,0x00,0x5f,0xad,0xff,0xff,0x00,0x00,0x00,0x00,0x00,0x00,0x00,0x00,0x00,0x00,0x00,0x00,0x00,0x00,
    0x00,0x00,0x00,0x00,0x00,0x00,0x00,0x00,0x00,0x00,0x00,0x00,0x00,0x00,0x00,0x00,0x00,0x00,0x00,0x00,0x00,0x00,0x00,0x00,
    0x00,0x00,0x00,0x00,0x00,0x00,0x00,0x00,0x00,0x00,0x00,0x00,0x00,0x00,0x00,0x00,0x00,0x00,0x00,0x00,0x00,0x00,0x00,0x00,
    0x00,0x00,0x5f,0x55,0x00,0x00,0x1e,0x3c,0x9f,0x44,0x3f,0x3c,0x1e,0x3c,0xf7,0x7b,0xff,0x7d,0x55,0xad,0x55,0xad,0x55,0xad,
    0x55,0xad,0x55,0xad,0xff,0x7d,0x5a,0x7d,0x5f,0xad,0x55,0xad,0x55,0xad,0x55,0xad,0x55,0xad,0x55,0xad,0x55,0xad,0x5a,0x7d,
    0xe0,0xff,0x1e,0x3c,0x9f,0x44,0x3f,0x3c,0x3e,0x3c,0x55,0x55,0xff,0x7b,0x00,0x00,0x00,0x00,0x00,0x00,0x00,0x00,0x00,0x00,
    0x00,0x00,0x00,0x00,0x00,0x00,0x00,0x00,0x00,0x00,0x00,0x00,0x00,0x00,0x00,0x00,0x00,0x00,0x00,0x00,0x00,0x00,0x00,0x00,
    0x00,0x00,0x00,0x00,0x00,0x00,0x00,0x00,0x00,0x00,0x00,0x00,0x00,0x00,0x00,0x00,0x00,0x00,0x00,0x00,0x00,0x00,0x00,0x00,
    0x00,0x00,0x00,0x00,0x00,0x00,0x00,0x00,0xff,0x07,0x1f,0x00,0xfe,0x3b,0x1f,0x3c,0x1f,0x3c,0x9f,0x44,0x1e,0x3c,0x00,0x00,
    0xff,0x3b,0x00,0x00,0x00,0x00,0x00,0x00,0x00,0x00,0x00,0x00,0x00,0x00,0x00,0x00,0xff,0x07,0x5f,0x55,0x00,0x00,0x00,0x00,
    0x00,0x00,0x00,0x00,0xff,0x07,0x1f,0x00,0xfe,0x3b,0x1f,0x3c,0x1f,0x3c,0x9f,0x44,0x1e,0x3c,0x00,0x00,0xff,0x3b,0x00,0x00,
    0x00,0x00,0x00,0x00,0x00,0x00,0x00,0x00,0x00,0x00,0x00,0x00,0x00,0x00,0x00,0x00,0x00,0x00,0x00,0x00,0x00,0x00,0x00,0x00,
    0x00,0x00,0x00,0x00,0x00,0x00,0x00,0x00,0x00,0x00,0x00,0x00,0x00,0x00,0x00,0x00,0x00,0x00,0x00,0x00,0x00,0x00,0x00,0x00,
    0x00,0x00,0x00,0x00,0x00,0x00,0x00,0x00,0x00,0x00,0x00,0x00,0x00,0x00,0x00,0x00,0xff,0x3b,0x00,0x00,0x1e,0x3c,0x5f,0x3c,
    0x1e,0x3c,0x1f,0x3c,0xfd,0x3b,0x00,0x00,0xff,0x07,0x00,0x00,0x00,0x00,0x00,0x00,0xff,0xff,0x1f,0x00,0x3f,0x65,0x7f,0x65,
    0x00,0x00,0x00,0x00,0x00,0x00,0x00,0x00,0x00,0x00,0x00,0x00,0xff,0x3b,0x00,0x00,0x1e,0x3c,0x5f,0x3c,0x1e,0x3c,0x1f,0x3c,
    0xfd,0x3b,0x00,0x00,0xff,0x07,0x00,0x00,0x00,0x00,0x00,0x00,0x00,0x00,0x00,0x00,0x00,0x00,0x00,0x00,0x00,0x00,0x00,0x00,
    0x00,0x00,0x00,0x00,0x00,0x00,0x00,0x00,0x00,0x00,0x00,0x00,0x00,0x00,0x00,0x00,0x00,0x00,0x00,0x00,0x00,0x00,0x00,0x00,
    0x00,0x00,0x00,0x00,0x00,0x00,0x00,0x00,0x00,0x00,0x00,0x00,0x00,0x00,0x00,0x00,0x00,0x00,0x00,0x00,0x00,0x00,0x00,0x00,
    0xff,0x7b,0xff,0x7b,0x1e,0x3c,0x3f,0x3c,0x5f,0x3c,0x1e,0x3c,0x00,0x00,0x5f,0x55,0x00,0x00,0x00,0x00,0x00,0x00,0x00,0x00,
    0xff,0xaf,0x00,0x00,0x3f,0x5d,0xbf,0x6d,0x5f,0x65,0x3f,0x5d,0x1f,0x00,0xff,0xff,0x00,0x00,0x00,0x00,0xff,0x7b,0xff,0x7b,
    0x1e,0x3c,0x3f,0x3c,0x5f,0x3c,0x1e,0x3c,0x00,0x00,0x5f,0x55,0x00,0x00,0x00,0x00,0x00,0x00,0x00,0x00,0x00,0x00,0x00,0x00,
    0x00,0x00,0x00,0x00,0x00,0x00,0x00,0x00,0x00,0x00,0x00,0x00,0x00,0x00,0x00,0x00,0x00,0x00,0x00,0x00,0x00,0x00,0x00,0x00,
    0x00,0x00,0x00,0x00,0x00,0x00,0x00,0x00,0x00,0x00,0x00,0x00,0x00,0x00,0x00,0x00,0x00,0x00,0x00,0x00,0x00,0x00,0x00,0x00,
    0x00,0x00,0x00,0x00,0x00,0x00,0x5f,0x55,0x1f,0x00,0xfe,0x3b,0x3f,0x3c,0x1e,0x3c,0x3f,0x3c,0xfe,0x3b,0x1f,0x00,0x5f,0x55,
    0x00,0x00,0x00,0x00,0x00,0x00,0xff,0x07,0xff,0x07,0x3e,0x5d,0x3f,0x65,0x3f,0x65,0xdf,0x6d,0x3f,0x5d,0x00,0x00,0xff,0x7d,
    0x00,0x00,0x5f,0x55,0x1f,0x00,0xfe,0x3b,0x3f,0x3c,0x1e,0x3c,0x3f,0x3c,0xfe,0x3b,0x1f,0x00,0x5f,0x55,0x00,0x00,0x00,0x00,
    0x00,0x00,0x00,0x00,0x00,0x00,0x00,0x00,0x00,0x00,0x00,0x00,0x00,0x00,0x00,0x00,0x00,0x00,0x00,0x00,0x00,0x00,0x00,0x00,
    0x00,0x00,0x00,0x00,0x00,0x00,0x00,0x00,0x00,0x00,0x00,0x00,0x00,0x00,0x00,0x00,0x00,0x00,0x00,0x00,0x00,0x00,0x00,0x00,
    0x00,0x00,0x00,0x00,0x00,0x00,0x00,0x00,0x00,0x00,0x00,0x00,0x00,0x00,0x5f,0x55,0x00,0x00,0x1e,0x3c,0x5f,0x3c,0x3f,0x3c,
    0x1e,0x3c,0xff,0x7b,0xff,0x7b,0x00,0x00,0x00,0x00,0x00,0x00,0x00,0x00,0xff,0x7d,0x00,0x00,0x3f,0x5d,0x9f,0x65,0x3f,0x65,
    0x3f,0x65,0xfd,0x5c,0x00,0x00,0xff,0x07,0x00,0x00,0x5f,0x55,0x00,0x00,0x1e,0x3c,0x5f,0x3c,0x3f,0x3c,0x1e,0x3c,0xff,0x7b,
    0xff,0x7b,0x00,0x00,0x00,0x00,0x00,0x00,0x00,0x00,0x00,0x00,0x00,0x00,0x00,0x00,0x00,0x00,0x00,0x00,0x00,0x00,0x00,0x00,
    0x00,0x00,0x00,0x00,0x00,0x00,0x00,0x00,0x00,0x00,0x00,0x00,0x00,0x00,0x00,0x00,0x00,0x00,0x00,0x00,0x00,0x00,0x00,0x00,
    0x00,0x00,0x00,0x00,0x00,0x00,0x00,0x00,0x00,0x00,0x00,0x00,0x00,0x00,0x00,0x00,0x00,0x00,0x00,0x00,0xff,0x07,0x1f,0x00,
    0xfe,0x3b,0x3f,0x3c,0x1f,0x3c,0x5f,0x3c,0x1e,0x3c,0x00,0x00,0xff,0x3b,0x00,0x00,0x00,0x00,0x00,0x00,0x00,0x00,0xff,0x7f,
    0xff,0x7b,0x3f,0x5d,0x5f,0x65,0x7f,0x65,0x3f,0x65,0x00,0x00,0xff,0xaf,0x00,0x00,0xff,0x07,0x1f,0x00,0xfe,0x3b,0x3f,0x3c,
    0x1f,0x3c,0x5f,0x3c,0x1e,0x3c,0x00,0x00,0xff,0x3b,0x00,0x00,0x00,0x00,0x00,0x00,0x00,0x00,0x00,0x00,0x00,0x00,0x00,0x00,
    0x00,0x00,0x00,0x00,0x00,0x00,0x00,0x00,0x00,0x00,0x00,0x00,0x00,0x00,0x00,0x00,0x00,0x00,0x00,0x00,0x00,0x00,0x00,0x00,
    0x00,0x00,0x00,0x00,0x00,0x00,0x00,0x00,0x00,0x00,0x00,0x00,0x00,0x00,0x00,0x00,0x00,0x00,0x00,0x00,0x00,0x00,0x00,0x00,
    0x00,0x00,0x00,0x00,0xff,0x3b,0x00,0x00,0x1e,0x3c,0x5f,0x3c,0x1f,0x3c,0x3f,0x3c,0xfe,0x3b,0x1f,0x00,0xff,0x07,0x00,0x00,
    0x00,0x00,0x00,0x00,0x5f,0x55,0x1f,0x00,0x3e,0x5d,0x5f,0x65,0x3f,0x5d,0x5f,0x65,0x3e,0x5d,0x1f,0x00,0x5f,0x55,0x00,0x00,
    0xff,0x3b,0x00,0x00,0x1e,0x3c,0x5f,0x3c,0x1f,0x3c,0x3f,0x3c,0xfe,0x3b,0x1f,0x00,0xff,0x07,0x00,0x00,0x00,0x00,0x00,0x00,
    0x00,0x00,0x00,0x00,0x00,0x00,0x00,0x00,0x00,0x00,0x00,0x00,0x00,0x00,0x00,0x00,0x00,0x00,0x00,0x00,0x00,0x00,0x00,0x00,
    0x00,0x00,0x00,0x00,0x00,0x00,0x00,0x00,0x00,0x00,0x00,0x00,0x00,0x00,0x00,0x00,0x00,0x00,0x00,0x00,0x00,0x00,0x00,0x00,
    0x00,0x00,0x00,0x00,0x00,0x00,0x00,0x00,0x00,0x00,0x00,0x00,0xff,0x7b,0xfa,0x2b,0x1e,0x3c,0x3f,0x3c,0x5f,0x3c,0x1e,0x3c,
    0x00,0x00,0x5f,0x55,0x00,0x00,0x00,0x00,0x00,0x00,0x00,0x00,0xff,0xaf,0x00,0x00,0x3f,0x65,0x7f,0x65,0x5f,0x65,0x3f,0x5d,
    0xff,0x7b,0xff,0x7f,0x00,0x00,0x00,0x00,0xff,0x7b,0xfa,0x2b,0x1e,0x3c,0x3f,0x3c,0x5f,0x3c,0x1e,0x3c,0x00,0x00,0x5f,0x55,
    0x00,0x00,0x00,0x00,0x00,0x00,0x00,0x00,0x00,0x00,0x00,0x00,0x00,0x00,0x00,0x00,0x00,0x00,0x00,0x00,0x00,0x00,0x00,0x00,
    0x00,0x00,0x00,0x00,0x00,0x00,0x00,0x00,0x00,0x00,0x00,0x00,0x00,0x00,0x00,0x00,0x00,0x00,0x00,0x00,0x00,0x00,0x00,0x00,
    0x00,0x00,0x00,0x00,0x00,0x00,0x00,0x00,0x00,0x00,0x00,0x00,0x00,0x00,0x00,0x00,0x00,0x00,0xff,0x03,0x1f,0x00,0x1f,0x3c,
    0x3f,0x3c,0x3f,0x3c,0x7f,0x44,0x1e,0x3c,0x1f,0x00,0x5f,0x55,0x00,0x00,0x00,0x00,0x00,0x00,0xff,0x07,0xff,0x07,0x3e,0x5d,
    0x3f,0x65,0x3f,0x65,0x9f,0x65,0x3f,0x5d,0x00,0x00,0xff,0x7d,0x00,0x00,0xff,0x03,0x1f,0x00,0x1f,0x3c,0x3f,0x3c,0x3f,0x3c,
    0x7f,0x44,0x1e,0x3c,0x1f,0x00,0x5f,0x55,0x00,0x00,0x00,0x00,0x00,0x00,0x00,0x00,0x00,0x00,0x00,0x00,0x00,0x00,0x00,0x00,
    0x00,0x00,0x00,0x00,0x00,0x00,0x00,0x00,0x00,0x00,0x00,0x00,0x00,0x00,0x00,0x00,0x00,0x00,0x00,0x00,0x00,0x00,0x00,0x00,
    0x00,0x00,0x00,0x00,0x00,0x00,0x00,0x00,0x00,0x00,0x00,0x00,0x00,0x00,0x00,0x00,0x00,0x00,0x00,0x00,0x00,0x00,0x00,0x00,
    0x00,0x00,0x00,0x00,0x00,0x00,0x1f,0x00,0x5f,0x55,0x3f,0x3c,0x1e,0x3c,0x5f,0x55,0x00,0x00,0x00,0x00,0x00,0x00,0x00,0x00,
    0x00,0x00,0xff,0x7d,0x00,0x00,0x3f,0x5d,0x9f,0x65,0x3f,0x65,0x3f,0x65,0x3e,0x5d,0xff,0x07,0xff,0x07,0x00,0x00,0x00,0x00,
    0x00,0x00,0x1f,0x00,0x5f,0x55,0x3f,0x3c,0x1e,0x3c,0x5f,0x55,0x00,0x00,0x00,0x00,0x00,0x00,0x00,0x00,0x00,0x00,0x00,0x00,
    0x00,0x00,0x00,0x00,0x00,0x00,0x00,0x00,0x00,0x00,0x00,0x00,0x00,0x00,0x00,0x00,0x00,0x00,0x00,0x00,0x00,0x00,0x00,0x00,
    0x00,0x00,0x00,0x00,0x00,0x00,0x00,0x00,0x00,0x00,0x00,0x00,0x00,0x00,0x00,0x00,0x00,0x00,0x00,0x00,0x00,0x00,0x00,0x00,
    0x00,0x00,0x00,0x00,0x00,0x00,0x00,0x00,0x00,0x00,0x00,0x00,0x00,0x00,0x00,0x00,0x00,0x00,0x00,0x00,0x00,0x00,0x00,0x00,
    0x00,0x00,0x00,0x00,0x00,0x00,0x00,0x00,0x00,0x00,0xff,0x7b,0x5a,0x55,0x3f,0x5d,0x5f,0x65,0x7f,0x65,0x3f,0x65,0x00,0x00,
    0xff,0xaf,0x00,0x00,0x00,0x00,0x00,0x00,0x00,0x00,0x00,0x00,0x00,0x00,0x00,0x00,0x00,0x00,0x00,0x00,0x00,0x00,0x00,0x00,
    0x00,0x00,0x00,0x00,0x00,0x00,0x00,0x00,0x00,0x00,0x00,0x00,0x00,0x00,0x00,0x00,0x00,0x00,0x00,0x00,0x00,0x00,0x00,0x00,
    0x00,0x00,0x00,0x00,0x00,0x00,0x00,0x00,0x00,0x00,0x00,0x00,0x00,0x00,0x00,0x00,0x00,0x00,0x00,0x00,0x00,0x00,0x00,0x00,
    0x00,0x00,0x00,0x00,0x00,0x00,0x00,0x00,0x00,0x00,0x00,0x00,0x00,0x00,0x00,0x00,0x00,0x00,0x00,0x00,0x00,0x00,0x00,0x00,
    0x1f,0x00,0x5f,0x55,0xf7,0x3b,0x00,0x00,0x00,0x00,0x00,0x00,0x00,0x00,0x00,0x00,0xff,0x03,0x1f,0x00,0x3f,0x65,0x5f,0x65,
    0x5f,0x65,0x9f,0x6d,0x1f,0x65,0xff,0x07,0x5f,0x55,0x00,0x00,0x00,0x00,0x00,0x00,0x00,0x00,0x00,0x00,0x1f,0x00,0x5f,0x55,
    0xf7,0x3b,0x00,0x00,0x00,0x00,0x00,0x00,0x00,0x00,0x00,0x00,0x00,0x00,0x00,0x00,0x00,0x00,0x00,0x00,0x00,0x00,0x00,0x00,
    0x00,0x00,0x00,0x00,0x00,0x00,0x00,0x00,0x00,0x00,0x00,0x00,0x00,0x00,0x00,0x00,0x00,0x00,0x00,0x00,0x00,0x00,0x00,0x00,
    0x00,0x00,0x00,0x00,0x00,0x00,0x00,0x00,0x00,0x00,0x00,0x00,0x00,0x00,0x00,0x00,0x00,0x00,0x00,0x00,0x00,0x00,0x00,0x00,
    0x00,0x00,0x00,0x00,0x00,0x00,0x00,0x00,0x00,0x00,0x00,0x00,0x00,0x00,0x00,0x00,0x00,0x00,0x00,0x00,0x00,0x00,0x00,0x00,
    0x00,0x00,0x00,0x00,0xff,0x07,0x5f,0x55,0x5f,0x65,0x1f,0x5d,0x5f,0x55,0x00,0x00,0x00,0x00,0x00,0x00,0x00,0x00,0x00,0x00,
    0x00,0x00,0x00,0x00,0x00,0x00,0x00,0x00,0x00,0x00,0x00,0x00,0x00,0x00,0x00,0x00,0x00,0x00,0x00,0x00,0x00,0x00,0x00,0x00,
    0x00,0x00,0x00,0x00,0x00,0x00,0x00,0x00,0x00,0x00,0x00,0x00,0x00,0x00,0x00,0x00,0x00,0x00,0x00,0x00,0x00,0x00,0x00,0x00,
    0x00,0x00,0x00,0x00,0x00,0x00,0x00,0x00,0x00,0x00,0x00,0x00,0x00,0x00,0x00,0x00,0x00,0x00,0x00,0x00,0x00,0x00,0x00,0x00,
    0x00,0x00,0x00,0x00,0x00,0x00,0x00,0x00,0x00,0x00,0x00,0x00,0x00,0x00,0x00,0x00,0x00,0x00,0x00,0x00,0x00,0x00,0x00,0x00,
    0x00,0x00,0x00,0x00,0x00,0x00,0x00,0x00,0x00,0x00,0x00,0x00,0x00,0x00,0x00,0x00,0x00,0x00,0x00,0x00,0x00,0x00,0x00,0x00,
    0x00,0x00,0x00,0x00,0x00,0x00,0x00,0x00,0x00,0x00,0x00,0x00,0x00,0x00,0x00,0x00,0x00,0x00,0x00,0x00,0x00,0x00,0x00,0x00,
    0x00,0x00,0x00,0x00,0x00,0x00,0x00,0x00,0x00,0x00,0x00,0x00,0x00,0x00,0x00,0x00,0x00,0x00,0x00,0x00,0x00,0x00,0x00,0x00,
    0x00,0x00,0x00,0x00,0x00,0x00,0x00,0x00,0x00,0x00,0x00,0x00,0x00,0x00,0x00,0x00,0x00,0x00,0x00,0x00,0x00,0x00,0x00,0x00,
    0x00,0x00,0x00,0x00,0x00,0x00,0x00,0x00,0x00,0x00,0x00,0x00,0x00,0x00,0x00,0x00,0x00,0x00,0x00,0x00,0x00,0x00,0x00,0x00,
    0x00,0x00,0x00,0x00,0x00,0x00,0x00,0x00,0x00,0x00,0x00,0x00,0x00,0x00,0x00,0x00,0x00,0x00,0x00,0x00,0x00,0x00,0x1f,0x00,
    0x5f,0x55,0x5f,0x55,0x00,0x00,0x00,0x00,0x00,0x00,0x00,0x00,0x00,0x00,0x00,0x00,0x00,0x00,0x00,0x00,0x00,0x00,0x00,0x00,
    0x00,0x00,0x00,0x00,0x00,0x00,0x00,0x00,0x00,0x00,0x00,0x00,0x00,0x00,0x00,0x00,0x00,0x00,0x00,0x00,0x00,0x00,0x00,0x00,
    0x00,0x00,0x00,0x00,0x00,0x00,0x00,0x00,0x00,0x00,0x00,0x00,0x00,0x00,0x00,0x00,0x00,0x00,0x00,0x00,0x00,0x00,0x00,0x00,
    0x00,0x00,0x00,0x00,0x00,0x00,0x00,0x00,0x00,0x00,0x00,0x00,0x00,0x00,0x00,0x00,0x00,0x00,0x00,0x00,0x00,0x00,0x00,0x00,
    0x00,0x00,0x00,0x00,0x00,0x00,0x00,0x00,0x00,0x00,0x00,0x00,0x00,0x00,0x00,0x00,0x00,0x00,0x00,0x00,0x00,0x00,0x00,0x00,
    0x00,0x00,0x00,0x00,0x00,0x00,0x00,0x00,0x00,0x00,0x00,0x00,0x00,0x00,0x00,0x00,0x00,0x00,0x00,0x00,0x00,0x00,0x00,0x00,
    0x00,0x00,0x00,0x00,0x00,0x00,0x00,0x00,0x00,0x00,0x00,0x00,0x00,0x00,0x00,0x00,0x00,0x00,0x00,0x00,0x00,0x00,0x00,0x00,
    0x00,0x00,0x00,0x00,0x00,0x00,0x00,0x00,0x00,0x00,0x00,0x00,0x00,0x00,0x00,0x00,0x00,0x00,0x00,0x00,0x00,0x00,0x00,0x00,
    0x00,0x00,0x00,0x00,0x00,0x00,0x00,0x00,0x00,0x00,0x00,0x00,0x00,0x00,0x00,0x00,0x00,0x00,0x00,0x00,0x00,0x00,0x00,0x00,
    0x00,0x00,0x00,0x00,0x00,0x00,0x00,0x00,0x00,0x00,0x00,0x00,0x00,0x00,0x00,0x00,0x00,0x00,0x00,0x00,0x00,0x00,0x00,0x00,
    0x00,0x00,0x00,0x00,0x00,0x00,0x00,0x00,0x00,0x00,0x00,0x00,0x00,0x00,0x00,0x00,0x00,0x00,0x00,0x00,0x00,0x00,0x00,0x00,
    0x00,0x00,0x00,0x00,0x00,0x00,0x00,0x00,0x00,0x00,0x00,0x00,0x00,0x00,0x00,0x00,0x00,0x00,0x00,0x00,0x00,0x00,0x00,0x00,
    0x00,0x00,0x00,0x00,0x00,0x00,0x00,0x00,0x00,0x00,0x00,0x00,0x00,0x00,0x00,0x00,0x00,0x00,0x00,0x00,0x00,0x00,0x00,0x00,
    0x00,0x00,0x00,0x00,0x00,0x00,0x00,0x00,0x00,0x00,0x00,0x00,0x00,0x00,0x00,0x00,0x00,0x00,0x00,0x00,0x00,0x00,0x00,0x00,
    0x00,0x00,0x00,0x00,0x00,0x00,0x00,0x00,0x00,0x00,0x00,0x00,0x00,0x00,0x00,0x00,0x00,0x00,0x00,0x00,0x00,0x00,0x00,0x00,
    0x00,0x00,0x00,0x00,0x00,0x00,0x00,0x00,0x00,0x00,0x00,0x00,0x00,0x00,0x00,0x00,0x00,0x00,0x00,0x00,0x00,0x00,0x00,0x00,
    0x00,0x00,0x00,0x00,0x00,0x00,0x00,0x00,0x00,0x00,0x00,0x00,0x00,0x00,0x00,0x00,0x00,0x00,0x00,0x00,0x00,0x00,0x00,0x00,
    0x00,0x00,0x00,0x00,0x00,0x00,0x00,0x00,0x00,0x00,0x00,0x00,0x00,0x00,0x00,0x00,0x00,0x00,0x00,0x00,0x00,0x00,0x00,0x00,
    0x00,0x00,0x00,0x00,0x00,0x00,0x00,0x00,0x00,0x00,0x00,0x00,0x00,0x00,0x00,0x00,0x00,0x00,0x00,0x00,0x00,0x00,0x00,0x00,
    0x00,0x00,0x00,0x00,0x00,0x00,0x00,0x00,0x00,0x00,0x00,0x00,0x00,0x00,0x00,0x00,0x00,0x00,0x00,0x00,0x00,0x00,0x00,0x00,
    0x00,0x00,0x00,0x00,0x00,0x00,0x00,0x00,0x00,0x00,0x00,0x00,0x00,0x00,0x00,0x00,0x00,0x00,0x00,0x00,0x00,0x00,0x00,0x00,
    0x00,0x00,0x00,0x00,0x00,0x00,0x00,0x00,0x00,0x00,0x00,0x00,0x00,0x00,0x00,0x00,0x00,0x00,0x00,0x00,0x00,0x00,0x00,0x00,
    0x00,0x00,0x00,0x00,0x00,0x00,0x00,0x00,0x00,0x00,0x00,0x00,0x00,0x00,0x00,0x00,0x00,0x00,0x00,0x00,0x00,0x00,0x00,0x00,
    0x00,0x00,0x00,0x00,0x00,0x00,0x00,0x00,0x00,0x00,0x00,0x00,0x00,0x00,0x00,0x00,0x00,0x00,0x00,0x00,0x00,0x00,0x00,0x00,
    0x00,0x00,0x00,0x00,0x00,0x00,0x00,0x00,0x00,0x00,0x00,0x00,0x00,0x00,0x00,0x00,0x00,0x00,0x00,0x00,0x00,0x00,0x00,0x00,
    0x00,0x00,0x00,0x00,0x00,0x00,0x00,0x00,0x00,0x00,0x00,0x00,0x00,0x00,0x00,0x00,0x00,0x00,0x00,0x00,0x00,0x00,0x00,0x00,
    0x00,0x00,0x00,0x00,0x00,0x00,0x00,0x00,0x00,0x00,0x00,0x00,0x00,0x00,0x00,0x00,0x00,0x00,0x00,0x00,0x00,0x00,0x00,0x00,
    0x00,0x00,0x00,0x00,0x00,0x00,0x00,0x00,0x00,0x00,0x00,0x00,0x00,0x00,0x00,0x00,0x00,0x00,0x00,0x00,0x00,0x00,0x00,0x00,
    0x00,0x00,0x00,0x00,0x00,0x00,0x00,0x00,0x00,0x00,0x00,0x00,0x00,0x00,0x00,0x00,0x00,0x00,0x00,0x00,0x00,0x00,0x00,0x00,
    0x00,0x00,0x00,0x00,0x00,0x00,0x00,0x00,0x00,0x00,0x00,0x00,0x00,0x00,0x00,0x00,0x00,0x00,0x00,0x00,0x00,0x00,0x00,0x00,
    0x00,0x00,0x00,0x00,0x00,0x00,0x00,0x00,0x00,0x00,0x00,0x00,0x00,0x00,0x00,0x00,0x00,0x00,0x00,0x00,0x00,0x00,0x00,0x00,
    0x00,0x00,0x00,0x00,0x00,0x00,0x00,0x00,0x00,0x00,0x00,0x00,0x00,0x00,0x00,0x00,0x00,0x00,0x00,0x00,0x00,0x00,0x00,0x00,
    0x00,0x00,0x00,0x00,0x00,0x00,0x00,0x00,0x00,0x00,0x00,0x00,0x00,0x00,0x00,0x00,0x00,0x00,0x00,0x00,0x00,0x00,0x00,0x00,
    0x00,0x00,0x00,0x00,0x00,0x00,0x00,0x00,0x00,0x00,0x00,0x00,0x00,0x00,0x00,0x00,0x00,0x00,0x00,0x00,0x00,0x00,0x00,0x00,
    0x00,0x00,0x00,0x00,0x00,0x00,0x00,0x00,0x00,0x00,0x00,0x00,0x00,0x00,0x00,0x00,0x00,0x00,0x00,0x00,0x00,0x00,0x00,0x00,
    0x00,0x00,0x00,0x00,0x00,0x00,0x00,0x00,0x00,0x00,0x00,0x00,0x00,0x00,0x00,0x00,0x00,0x00,0x00,0x00,0x00,0x00,0x00,0x00,
    0x00,0x00,0x00,0x00,0x00,0x00,0x00,0x00,0x00,0x00,0x00,0x00,0x00,0x00,0x00,0x00,0x00,0x00,0x00,0x00,0x00,0x00,0x00,0x00,
    0x00,0x00,0x00,0x00,0x00,0x00,0x00,0x00,0x00,0x00,0x00,0x00,0x00,0x00,0x00,0x00,0x00,0x00,0x00,0x00,0x00,0x00,0x00,0x00,
    0x00,0x00,0x00,0x00,0x00,0x00,0x00,0x00,0x00,0x00,0x00,0x00,0x00,0x00,0x00,0x00,0x00,0x00,0x00,0x00,0x00,0x00,0x00,0x00,
    0x00,0x00,0x00,0x00,0x01,0x01,0x01,0x01,0x00,0x00,0x00,0x00,0x00,0x00,0x00,0x00,0x00,0x00,0x00,0x00,0x00,0x00,0x00,0x00,
    0x00,0x00,0x00,0x00,0x00,0x00,0x00,0x00,0x00,0x00,0x00,0x00,0x00,0x00,0x00,0x00,0x00,0x00,0x00,0x00,0x00,0x00,0x00,0x00,
    0x00,0x00,0x00,0x00,0x00,0x00,0x00,0x00,0x00,0x00,0x00,0x00,0x00,0x00,0x00,0x00,0x00,0x01,0x03,0x03,0x00,0x00,0x00,0x00,
    0x03,0x04,0x01,0x00,0x00,0x00,0x00,0x00,0x00,0x00,0x00,0x00,0x00,0x00,0x00,0x00,0x00,0x00,0x00,0x00,0x00,0x00,0x00,0x00,
    0x00,0x00,0x00,0x00,0x00,0x00,0x00,0x00,0x00,0x00,0x00,0x00,0x00,0x00,0x00,0x00,0x00,0x00,0x00,0x00,0x00,0x00,0x00,0x00,
    0x00,0x00,0x00,0x00,0x00,0x00,0x00,0x00,0x03,0x00,0x00,0x00,0x03,0x10,0x10,0x09,0x00,0x00,0x00,0x03,0x00,0x00,0x00,0x00,
    0x00,0x00,0x00,0x00,0x00,0x00,0x00,0x00,0x00,0x00,0x00,0x00,0x00,0x00,0x00,0x00,0x00,0x00,0x00,0x00,0x00,0x00,0x00,0x00,
    0x00,0x00,0x00,0x00,0x00,0x00,0x00,0x00,0x00,0x00,0x00,0x00,0x00,0x00,0x00,0x00,0x00,0x00,0x00,0x00,0x00,0x00,0x00,0x03,
    0x00,0x06,0x5e,0x9e,0xd5,0xee,0xee,0xe1,0xad,0x70,0x16,0x00,0x01,0x01,0x00,0x00,0x00,0x00,0x00,0x00,0x00,0x00,0x00,0x00,
    0x00,0x00,0x00,0x00,0x00,0x00,0x00,0x00,0x00,0x00,0x00,0x00,0x00,0x00,0x00,0x00,0x00,0x00,0x00,0x00,0x00,0x00,0x00,0x00,
    0x00,0x00,0x00,0x00,0x00,0x00,0x00,0x00,0x00,0x00,0x00,0x00,0x00,0x01,0x02,0x00,0x57,0xd4,0xff,0xff,0xff,0xff,0xff,0xff,
    0xff,0xff,0xe9,0x7d,0x00,0x00,0x02,0x00,0x00,0x00,0x00,0x00,0x00,0x00,0x00,0x00,0x00,0x00,0x00,0x00,0x00,0x00,0x00,0x00,
    0x00,0x00,0x00,0x00,0x00,0x00,0x00,0x00,0x00,0x00,0x00,0x00,0x00,0x00,0x00,0x00,0x00,0x00,0x00,0x00,0x00,0x00,0x00,0x00,
    0x00,0x00,0x00,0x00,0x01,0x01,0x00,0x8f,0xff,0xff,0xfb,0xfb,0xfd,0xfe,0xfe,0xfd,0xfc,0xfb,0xff,0xff,0xb8,0x12,0x00,0x02,
    0x00,0x00,0x00,0x00,0x00,0x00,0x00,0x00,0x00,0x00,0x00,0x00,0x00,0x00,0x00,0x00,0x00,0x00,0x00,0x00,0x00,0x00,0x00,0x00,
    0x00,0x00,0x00,0x00,0x00,0x00,0x00,0x00,0x00,0x00,0x00,0x00,0x00,0x00,0x00,0x00,0x00,0x00,0x00,0x00,0x03,0x01,0x9a,0xff,
    0xfc,0xfd,0xff,0xff,0xff,0xff,0xff,0xff,0xff,0xff,0xfe,0xfa,0xff,0xca,0x13,0x02,0x01,0x00,0x00,0x00,0x00,0x00,0x00,0x00,
    0x00,0x00,0x00,0x00,0x00,0x00,0x00,0x00,0x00,0x00,0x00,0x00,0x00,0x00,0x00,0x00,0x00,0x00,0x00,0x00,0x00,0x00,0x00,0x00,
    0x00,0x00,0x00,0x00,0x00,0x00,0x00,0x00,0x00,0x01,0x01,0x04,0x00,0x7f,0xff,0xf9,0xff,0xff,0xff,0xff,0xff,0xff,0xff,0xff,
    0xff,0xff,0xff,0xff,0xfa,0xff,0xbb,0x00,0x03,0x00,0x00,0x00,0x00,0x00,0x00,0x00,0x00,0x00,0x00,0x00,0x00,0x00,0x00,0x00,
    0x00,0x00,0x00,0x00,0x00,0x00,0x00,0x00,0x00,0x00,0x00,0x00,0x00,0x00,0x00,0x00,0x00,0x00,0x00,0x00,0x00,0x00,0x01,0x04,
    0x02,0x00,0x00,0x00,0x32,0xfa,0xfb,0xfe,0xff,0xff,0xff,0xff,0xff,0xff,0xff,0xff,0xff,0xff,0xff,0xff,0xff,0xfa,0xff,0x6b,
    0x00,0x03,0x00,0x00,0x00,0x00,0x00,0x00,0x00,0x00,0x00,0x00,0x00,0x00,0x00,0x00,0x00,0x00,0x00,0x00,0x00,0x00,0x00,0x00,
    0x00,0x00,0x00,0x00,0x00,0x00,0x00,0x00,0x00,0x00,0x00,0x00,0x00,0x03,0x00,0x00,0x00,0x0f,0x13,0x14,0xc2,0xff,0xfc,0xff,
    0xff,0xff,0xff,0xff,0xff,0xff,0xff,0xff,0xff,0xff,0xff,0xff,0xff,0xfe,0xfd,0xee,0x15,0x01,0x01,0x00,0x00,0x00,0x00,0x00,
    0x00,0x00,0x00,0x00,0x00,0x00,0x00,0x00,0x00,0x00,0x00,0x00,0x00,0x00,0x00,0x00,0x00,0x00,0x00,0x00,0x00,0x00,0x00,0x00,
    0x00,0x00,0x00,0x01,0x01,0x00,0x16,0x74,0xbc,0xeb,0xee,0xf0,0xff,0xfe,0xff,0xff,0xff,0xff,0xff,0xff,0xff,0xff,0xff,0xff,
    0xff,0xff,0xff,0xff,0xff,0xff,0xfc,0xff,0x60,0x02,0x08,0x02,0x00,0x00,0x00,0x00,0x00,0x00,0x00,0x00,0x00,0x00,0x00,0x00,
    0x00,0x00,0x00,0x00,0x00,0x00,0x00,0x00,0x00,0x00,0x00,0x00,0x00,0x00,0x00,0x00,0x00,0x00,0x01,0x00,0x00,0x7c,0xe9,0xff,
    0xff,0xff,0xff,0xff,0xfe,0xff,0xff,0xff,0xff,0xff,0xff,0xff,0xff,0xff,0xff,0xff,0xff,0xff,0xff,0xff,0xff,0xff,0xfc,0xfe,
    0xb5,0x00,0x00,0x00,0x03,0x00,0x00,0x00,0x00,0x00,0x00,0x00,0x00,0x00,0x00,0x00,0x00,0x00,0x00,0x00,0x00,0x00,0x00,0x00,
    0x00,0x00,0x00,0x00,0x00,0x00,0x00,0x00,0x00,0x01,0x01,0x13,0xb8,0xff,0xff,0xfb,0xfc,0xfe,0xfe,0xfe,0xff,0xff,0xff,0xff,
    0xff,0xff,0xff,0xff,0xff,0xff,0xff,0xff,0xff,0xff,0xff,0xff,0xff,0xff,0xff,0xff,0xf9,0xbc,0x74,0x22,0x00,0x02,0x00,0x00,
    0x00,0x00,0x00,0x00,0x00,0x00,0x00,0x00,0x00,0x00,0x00,0x00,0x00,0x00,0x00,0x00,0x00,0x00,0x00,0x00,0x00,0x00,0x00,0x00,
    0x00,0x03,0x02,0xbb,0xff,0xf9,0xfe,0xff,0xff,0xff,0xff,0xff,0xff,0xff,0xff,0xff,0xff,0xff,0xff,0xff,0xff,0xff,0xff,0xff,
    0xff,0xff,0xff,0xff,0xff,0xff,0xff,0xff,0xff,0xff,0xff,0xf0,0x6d,0x00,0x02,0x01,0x00,0x00,0x00,0x00,0x00,0x00,0x00,0x00,
    0x00,0x00,0x00,0x00,0x00,0x00,0x00,0x00,0x00,0x00,0x00,0x00,0x00,0x00,0x00,0x00,0x03,0x00,0x7a,0xff,0xf9,0xff,0xff,0xff,
    0xff,0xff,0xff,0xff,0xff,0xff,0xff,0xff,0xff,0xff,0xff,0xff,0xff,0xff,0xff,0xff,0xff,0xff,0xff,0xff,0xff,0xff,0xff,0xff,
    0xff,0xfc,0xfb,0xff,0xff,0x9a,0x01,0x03,0x00,0x00,0x00,0x00,0x00,0x00,0x00,0x00,0x00,0x00,0x00,0x00,0x00,0x00,0x00,0x00,
    0x00,0x00,0x00,0x00,0x00,0x00,0x00,0x01,0x01,0x15,0xed,0xfd,0xfe,0xff,0xff,0xff,0xff,0xff,0xff,0xff,0xff,0xff,0xff,0xff,
    0xff,0xff,0xff,0xff,0xff,0xff,0xff,0xff,0xff,0xff,0xff,0xff,0xff,0xff,0xff,0xff,0xff,0xff,0xff,0xfe,0xf9,0xff,0x7f,0x00,
    0x03,0x00,0x00,0x00,0x00,0x00,0x00,0x00,0x00,0x00,0x00,0x00,0x00,0x00,0x00,0x00,0x00,0x00,0x00,0x00,0x00,0x00,0x00,0x04,
    0x00,0x76,0xff,0xfb,0xff,0xff,0xff,0xff,0xff,0xff,0xff,0xff,0xff,0xff,0xff,0xff,0xff,0xff,0xff,0xff,0xff,0xff,0xff,0xff,
    0xff,0xff,0xff,0xff,0xff,0xff,0xff,0xff,0xff,0xff,0xff,0xff,0xfe,0xfb,0xfa,0x34,0x00,0x02,0x00,0x00,0x00,0x00,0x00,0x00,
    0x00,0x00,0x00,0x00,0x00,0x00,0x00,0x00,0x00,0x00,0x00,0x00,0x00,0x00,0x00,0x02,0x04,0xc0,0xfe,0xfc,0xff,0xff,0xff,0xff,
    0xff,0xff,0xff,0xff,0xff,0xff,0xff,0xff,0xff,0xff,0xff,0xff,0xff,0xff,0xff,0xff,0xff,0xff,0xff,0xff,0xff,0xff,0xff,0xff,
    0xff,0xff,0xff,0xff,0xff,0xfb,0xff,0xa4,0x00,0x03,0x00,0x00,0x00,0x00,0x00,0x00,0x00,0x00,0x00,0x00,0x00,0x00,0x00,0x00,
    0x00,0x00,0x00,0x00,0x00,0x00,0x01,0x01,0x01,0xea,0xff,0xfe,0xff,0xff,0xff,0xff,0xff,0xff,0xff,0xff,0xff,0xff,0xff,0xff,
    0xff,0xff,0xff,0xff,0xff,0xff,0xff,0xff,0xff,0xff,0xff,0xff,0xff,0xff,0xff,0xff,0xff,0xff,0xff,0xff,0xff,0xfe,0xff,0xe4,
    0x0a,0x00,0x01,0x00,0x00,0x00,0x00,0x00,0x00,0x00,0x00,0x00,0x00,0x00,0x00,0x00,0x00,0x00,0x00,0x00,0x00,0x01,0x01,0x00,
    0x81,0xfb,0xfe,0xff,0xff,0xff,0xff,0xff,0xff,0xff,0xff,0xff,0xff,0xff,0xff,0xff,0xff,0xff,0xff,0xff,0xff,0xff,0xff,0xff,
    0xff,0xff,0xff,0xff,0xff,0xff,0xff,0xff,0xff,0xff,0xff,0xff,0xff,0xff,0xfe,0xfc,0x35,0x00,0x03,0x00,0x00,0x00,0x00,0x00,
    0x00,0x00,0x00,0x00,0x00,0x00,0x00,0x00,0x00,0x00,0x00,0x00,0x00,0x03,0x01,0x9a,0xff,0xfd,0xff,0xff,0xff,0xff,0xff,0xff,
    0xff,0xff,0xff,0xff,0xff,0xff,0xff,0xff,0xff,0xff,0xff,0xff,0xff,0xff,0xff,0xff,0xff,0xff,0xff,0xff,0xff,0xff,0xff,0xff,
    0xff,0xff,0xff,0xff,0xff,0xff,0xfd,0xff,0x44,0x00,0x03,0x00,0x00,0x00,0x00,0x00,0x00,0x00,0x00,0x00,0x00,0x00,0x00,0x00,
    0x00,0x00,0x00,0x00,0x03,0x00,0x7f,0xff,0xf9,0xff,0xff,0xff,0xff,0xff,0xff,0xff,0xff,0xff,0xff,0xff,0xff,0xff,0xff,0xff,
    0xff,0xff,0xff,0xff,0xff,0xff,0xff,0xff,0xff,0xff,0xff,0xff,0xff,0xff,0xff,0xff,0xff,0xff,0xff,0xff,0xff,0xff,0xfd,0xfe,
    0x3e,0x00,0x03,0x00,0x00,0x00,0x00,0x00,0x00,0x00,0x00,0x00,0x00,0x00,0x00,0x00,0x00,0x00,0x00,0x02,0x00,0x29,0xfa,0xfc,
    0xfe,0xff,0xff,0xff,0xff,0xff,0xff,0xff,0xff,0xff,0xff,0xff,0xff,0xff,0xff,0xff,0xff,0xff,0xff,0xff,0xff,0xff,0xff,0xff,
    0xff,0xff,0xff,0xff,0xff,0xff,0xff,0xff,0xff,0xff,0xff,0xff,0xff,0xfe,0xff,0xee,0x13,0x00,0x01,0x00,0x00,0x00,0x00,0x00,
    0x00,0x00,0x00,0x00,0x00,0x00,0x00,0x00,0x00,0x00,0x00,0x04,0x00,0x8d,0xff,0xfb,0xff,0xff,0xff,0xff,0xff,0xff,0xff,0xff,
    0xff,0xff,0xff,0xff,0xff,0xff,0xff,0xff,0xff,0xff,0xff,0xff,0xff,0xff,0xff,0xff,0xff,0xff,0xff,0xff,0xff,0xff,0xff,0xff,
    0xff,0xff,0xff,0xff,0xff,0xfc,0xfe,0xb8,0x00,0x03,0x00,0x00,0x00,0x00,0x00,0x00,0x00,0x00,0x00,0x00,0x00,0x00,0x00,0x00,
    0x00,0x00,0x00,0x01,0x04,0xcd,0xfe,0xfd,0xff,0xff,0xff,0xff,0xff,0xff,0xff,0xff,0xff,0xff,0xff,0xff,0xff,0xff,0xff,0xff,
    0xff,0xff,0xff,0xff,0xff,0xff,0xff,0xff,0xff,0xff,0xff,0xff,0xff,0xff,0xff,0xff,0xff,0xff,0xff,0xff,0xff,0xfa,0xff,0x51,
    0x00,0x03,0x00,0x00,0x00,0x00,0x00,0x00,0x00,0x00,0x00,0x00,0x00,0x00,0x00,0x00,0x00,0x00,0x01,0x00,0x11,0xee,0xff,0xfe,
    0xff,0xff,0xff,0xff,0xff,0xff,0xff,0xff,0xff,0xff,0xff,0xff,0xff,0xff,0xff,0xff,0xff,0xff,0xff,0xff,0xff,0xff,0xff,0xff,
    0xff,0xff,0xff,0xff,0xff,0xff,0xff,0xff,0xff,0xff,0xff,0xff,0xf9,0xff,0xaa,0x00,0x03,0x00,0x00,0x00,0x00,0x00,0x00,0x00,
    0x00,0x00,0x00,0x00,0x00,0x00,0x00,0x00,0x00,0x00,0x01,0x00,0x12,0xf0,0xff,0xfe,0xff,0xff,0xff,0xff,0xff,0xff,0xff,0xff,
    0xff,0xff,0xff,0xff,0xff,0xff,0xff,0xff,0xff,0xff,0xff,0xff,0xff,0xff,0xff,0xff,0xff,0xff,0xff,0xff,0xff,0xff,0xff,0xff,
    0xff,0xff,0xff,0xfc,0xff,0xca,0x12,0x02,0x01,0x00,0x00,0x00,0x00,0x00,0x00,0x00,0x00,0x00,0x00,0x00,0x00,0x00,0x00,0x00,
    0x00,0x00,0x00,0x01,0x08,0xd9,0xff,0xfd,0xff,0xff,0xff,0xff,0xff,0xff,0xff,0xff,0xff,0xff,0xff,0xff,0xff,0xff,0xff,0xff,
    0xff,0xff,0xff,0xff,0xff,0xff,0xff,0xff,0xff,0xff,0xff,0xff,0xff,0xff,0xff,0xff,0xff,0xff,0xfd,0xff,0xaa,0x11,0x00,0x02,
    0x00,0x00,0x00,0x00,0x00,0x00,0x00,0x00,0x00,0x00,0x00,0x00,0x00,0x00,0x00,0x00,0x00,0x00,0x00,0x03,0x00,0xa1,0xfe,0xfb,
    0xff,0xff,0xff,0xff,0xff,0xff,0xff,0xff,0xff,0xff,0xff,0xff,0xff,0xff,0xff,0xff,0xff,0xff,0xff,0xff,0xff,0xff,0xff,0xff,
    0xff,0xff,0xff,0xff,0xff,0xff,0xff,0xff,0xff,0xfd,0xfd,0xdd,0x00,0x00,0x02,0x00,0x00,0x00,0x00,0x00,0x00,0x00,0x00,0x00,
    0x00,0x00,0x00,0x00,0x00,0x00,0x00,0x00,0x00,0x00,0x00,0x03,0x00,0x42,0xff,0xfb,0xff,0xff,0xff,0xff,0xff,0xff,0xff,0xff,
    0xff,0xff,0xff,0xff,0xff,0xff,0xff,0xff,0xff,0xff,0xff,0xff,0xff,0xff,0xff,0xff,0xff,0xff,0xff,0xff,0xff,0xff,0xff,0xff,
    0xff,0xfa,0xff,0x7f,0x00,0x05,0x00,0x00,0x00,0x00,0x00,0x00,0x00,0x00,0x00,0x00,0x00,0x00,0x00,0x00,0x00,0x00,0x00,0x00,
    0x00,0x00,0x00,0x00,0x03,0x00,0xaa,0xff,0xf9,0xff,0xff,0xff,0xff,0xff,0xff,0xff,0xff,0xff,0xff,0xff,0xff,0xff,0xff,0xff,
    0xff,0xff,0xff,0xff,0xff,0xff,0xff,0xff,0xff,0xff,0xff,0xff,0xff,0xff,0xff,0xff,0xfb,0xff,0xde,0x0f,0x02,0x01,0x00,0x00,
    0x00,0x00,0x00,0x00,0x00,0x00,0x00,0x00,0x00,0x00,0x00,0x00,0x00,0x00,0x00,0x00,0x00,0x00,0x00,0x00,0x01,0x02,0x12,0xca,
    0xff,0xfa,0xfc,0xfe,0xff,0xff,0xff,0xff,0xff,0xff,0xff,0xff,0xff,0xff,0xff,0xff,0xff,0xff,0xff,0xff,0xff,0xff,0xff,0xff,
    0xff,0xff,0xff,0xff,0xff,0xfe,0xfd,0xfa,0xff,0xee,0x34,0x00,0x02,0x00,0x00,0x00,0x00,0x00,0x00,0x00,0x00,0x00,0x00,0x00,
    0x00,0x00,0x00,0x00,0x00,0x00,0x00,0x00,0x00,0x00,0x00,0x00,0x00,0x02,0x00,0x12,0xb8,0xff,0xff,0xff,0xfd,0xfd,0xfd,0xfd,
    0xfd,0xfd,0xfd,0xfd,0xfd,0xfd,0xfd,0xfd,0xfd,0xfd,0xfd,0xfd,0xfd,0xfd,0xfd,0xfd,0xfd,0xfd,0xfd,0xfd,0xfd,0xff,0xff,0xff,
    0xd9,0x35,0x00,0x03,0x00,0x00,0x00,0x00,0x00,0x00,0x00,0x00,0x00,0x00,0x00,0x00,0x00,0x00,0x00,0x00,0x00,0x00,0x00,0x00,
    0x00,0x00,0x00,0x00,0x00,0x00,0x02,0x00,0x00,0x62,0xc6,0xf6,0xff,0xff,0xff,0xff,0xff,0xff,0xff,0xff,0xff,0xff,0xff,0xff,
    0xff,0xff,0xff,0xff,0xff,0xff,0xff,0xff,0xff,0xff,0xff,0xff,0xff,0xfb,0xd5,0x80,0x0f,0x00,0x03,0x00,0x00,0x00,0x00,0x00,
    0x00,0x00,0x00,0x00,0x00,0x00,0x00,0x00,0x00,0x00,0x00,0x00,0x00,0x00,0x00,0x00,0x00,0x00,0x00,0x00,0x00,0x00,0x00,0x01,
    0x01,0x00,0x00,0x18,0x35,0x42,0x44,0x41,0x41,0x41,0x41,0x41,0x41,0x41,0x41,0x41,0x41,0x41,0x41,0x41,0x41,0x41,0x41,0x41,
    0x41,0x3c,0x35,0x42,0x44,0x29,0x03,0x00,0x00,0x02,0x00,0x00,0x00,0x00,0x00,0x00,0x00,0x00,0x00,0x00,0x00,0x00,0x00,0x00,
    0x00,0x00,0x00,0x00,0x00,0x00,0x00,0x00,0x00,0x00,0x00,0x00,0x00,0x00,0x00,0x00,0x00,0x05,0x02,0x18,0x30,0x00,0x00,0x00,
    0x00,0x00,0x00,0x00,0x00,0x00,0x00,0x00,0x00,0x00,0x00,0x00,0x00,0x00,0x00,0x00,0x00,0x11,0x30,0x00,0x00,0x00,0x00,0x03,
    0x01,0x00,0x00,0x00,0x00,0x00,0x00,0x00,0x00,0x00,0x00,0x00,0x00,0x00,0x00,0x00,0x00,0x00,0x00,0x00,0x00,0x00,0x00,0x00,
    0x00,0x00,0x00,0x00,0x00,0x00,0x00,0x00,0x00,0x03,0x00,0x9e,0xff,0xc7,0x67,0x04,0x04,0x03,0x03,0x03,0x03,0x03,0x04,0x06,
    0x03,0x03,0x03,0x03,0x03,0x03,0x03,0x06,0x01,0xa0,0xff,0xc6,0x66,0x03,0x02,0x00,0x00,0x00,0x00,0x00,0x00,0x00,0x00,0x00,
    0x00,0x00,0x00,0x00,0x00,0x00,0x00,0x00,0x00,0x00,0x00,0x00,0x00,0x00,0x00,0x00,0x00,0x00,0x00,0x00,0x00,0x00,0x00,0x00,
    0x01,0x01,0x14,0xeb,0xfc,0xff,0x75,0x00,0x04,0x00,0x00,0x00,0x00,0x00,0x00,0x00,0x01,0x03,0x00,0x00,0x00,0x00,0x01,0x01,
    0x14,0xeb,0xfc,0xff,0x75,0x00,0x04,0x00,0x00,0x00,0x00,0x00,0x00,0x00,0x00,0x00,0x00,0x00,0x00,0x00,0x00,0x00,0x00,0x00,
    0x00,0x00,0x00,0x00,0x00,0x00,0x00,0x00,0x00,0x00,0x00,0x00,0x00,0x00,0x00,0x00,0x04,0x00,0x65,0xff,0xfd,0xe9,0x10,0x00,
    0x01,0x00,0x00,0x00,0x01,0x01,0x1f,0x3e,0x00,0x00,0x00,0x00,0x00,0x00,0x04,0x00,0x65,0xff,0xfd,0xe9,0x10,0x00,0x01,0x00,
    0x00,0x00,0x00,0x00,0x00,0x00,0x00,0x00,0x00,0x00,0x00,0x00,0x00,0x00,0x00,0x00,0x00,0x00,0x00,0x00,0x00,0x00,0x00,0x00,
    0x00,0x00,0x00,0x00,0x00,0x00,0x00,0x00,0x02,0x02,0xca,0xfe,0xff,0x9a,0x00,0x03,0x00,0x00,0x00,0x00,0x03,0x00,0x9d,0xff,
    0xc3,0x63,0x01,0x01,0x00,0x00,0x02,0x02,0xca,0xfe,0xff,0x9a,0x00,0x03,0x00,0x00,0x00,0x00,0x00,0x00,0x00,0x00,0x00,0x00,
    0x00,0x00,0x00,0x00,0x00,0x00,0x00,0x00,0x00,0x00,0x00,0x00,0x00,0x00,0x00,0x00,0x00,0x00,0x00,0x00,0x00,0x00,0x00,0x03,
    0x01,0x36,0xfd,0xfd,0xfd,0x36,0x01,0x03,0x00,0x00,0x00,0x01,0x01,0x14,0xeb,0xfc,0xff,0x75,0x00,0x04,0x00,0x03,0x01,0x36,
    0xfd,0xfd,0xfd,0x36,0x01,0x03,0x00,0x00,0x00,0x00,0x00,0x00,0x00,0x00,0x00,0x00,0x00,0x00,0x00,0x00,0x00,0x00,0x00,0x00,
    0x00,0x00,0x00,0x00,0x00,0x00,0x00,0x00,0x00,0x00,0x00,0x00,0x00,0x00,0x00,0x03,0x00,0x9a,0xff,0xfe,0xca,0x02,0x02,0x00,
    0x00,0x00,0x00,0x04,0x00,0x65,0xff,0xfd,0xe9,0x10,0x00,0x01,0x00,0x03,0x00,0x9a,0xff,0xfe,0xca,0x02,0x02,0x00,0x00,0x00,
    0x00,0x00,0x00,0x00,0x00,0x00,0x00,0x00,0x00,0x00,0x00,0x00,0x00,0x00,0x00,0x00,0x00,0x00,0x00,0x00,0x00,0x00,0x00,0x00,
    0x00,0x00,0x00,0x00,0x00,0x00,0x01,0x01,0x14,0xeb,0xfd,0xff,0x65,0x00,0x04,0x00,0x00,0x00,0x00,0x02,0x02,0xca,0xfe,0xff,
    0x9a,0x00,0x03,0x00,0x01,0x01,0x14,0xeb,0xfd,0xff,0x65,0x00,0x04,0x00,0x00,0x00,0x00,0x00,0x00,0x00,0x00,0x00,0x00,0x00,
    0x00,0x00,0x00,0x00,0x00,0x00,0x00,0x00,0x00,0x00,0x00,0x00,0x00,0x00,0x00,0x00,0x00,0x00,0x00,0x00,0x00,0x00,0x04,0x00,
    0x63,0xff,0xfd,0xeb,0x14,0x01,0x01,0x00,0x00,0x00,0x03,0x01,0x36,0xfd,0xfd,0xfd,0x36,0x01,0x03,0x00,0x04,0x00,0x63,0xff,
    0xfd,0xeb,0x14,0x01,0x01,0x00,0x00,0x00,0x00,0x00,0x00,0x00,0x00,0x00,0x00,0x00,0x00,0x00,0x00,0x00,0x00,0x00,0x00,0x00,
    0x00,0x00,0x00,0x00,0x00,0x00,0x00,0x00,0x00,0x00,0x00,0x00,0x00,0x00,0x02,0x06,0xd3,0xfd,0xfd,0x9a,0x00,0x03,0x00,0x00,
    0x00,0x00,0x03,0x00,0x9a,0xff,0xfe,0xca,0x02,0x02,0x00,0x00,0x02,0x06,0xd3,0xfd,0xfd,0x9a,0x00,0x03,0x00,0x00,0x00,0x00,
    0x00,0x00,0x00,0x00,0x00,0x00,0x00,0x00,0x00,0x00,0x00,0x00,0x00,0x00,0x00,0x00,0x00,0x00,0x00,0x00,0x00,0x00,0x00,0x00,
    0x00,0x00,0x00,0x00,0x00,0x02,0x01,0x25,0xd4,0xff,0xff,0x35,0x01,0x03,0x00,0x00,0x00,0x01,0x01,0x14,0xeb,0xfd,0xff,0x65,
    0x00,0x04,0x00,0x02,0x01,0x25,0xd4,0xff,0xff,0x35,0x01,0x03,0x00,0x00,0x00,0x00,0x00,0x00,0x00,0x00,0x00,0x00,0x00,0x00,
    0x00,0x00,0x00,0x00,0x00,0x00,0x00,0x00,0x00,0x00,0x00,0x00,0x00,0x00,0x00,0x00,0x00,0x00,0x00,0x00,0x00,0x00,0x00,0x01,
    0x03,0x49,0x7f,0x03,0x00,0x00,0x00,0x00,0x00,0x04,0x00,0x63,0xff,0xfd,0xeb,0x14,0x01,0x01,0x00,0x00,0x00,0x01,0x03,0x49,
    0x7f,0x03,0x00,0x00,0x00,0x00,0x00,0x00,0x00,0x00,0x00,0x00,0x00,0x00,0x00,0x00,0x00,0x00,0x00,0x00,0x00,0x00,0x00,0x00,
    0x00,0x00,0x00,0x00,0x00,0x00,0x00,0x00,0x00,0x00,0x00,0x00,0x00,0x00,0x00,0x00,0x00,0x00,0x00,0x00,0x00,0x00,0x00,0x00,
    0x00,0x02,0x06,0xd3,0xfd,0xfd,0x9a,0x00,0x03,0x00,0x00,0x00,0x00,0x00,0x00,0x00,0x00,0x00,0x00,0x00,0x00,0x00,0x00,0x00,
    0x00,0x00,0x00,0x00,0x00,0x00,0x00,0x00,0x00,0x00,0x00,0x00,0x00,0x00,0x00,0x00,0x00,0x00,0x00,0x00,0x00,0x00,0x00,0x00,
    0x00,0x00,0x00,0x00,0x00,0x00,0x00,0x00,0x01,0x03,0x04,0x00,0x00,0x00,0x00,0x00,0x02,0x01,0x25,0xd4,0xff,0xff,0x35,0x01,
    0x03,0x00,0x00,0x00,0x00,0x00,0x01,0x03,0x04,0x00,0x00,0x00,0x00,0x00,0x00,0x00,0x00,0x00,0x00,0x00,0x00,0x00,0x00,0x00,
    0x00,0x00,0x00,0x00,0x00,0x00,0x00,0x00,0x00,0x00,0x00,0x00,0x00,0x00,0x00,0x00,0x00,0x00,0x00,0x00,0x00,0x00,0x00,0x00,
    0x00,0x00,0x00,0x00,0x00,0x00,0x00,0x00,0x00,0x00,0x01,0x03,0x49,0x7f,0x03,0x00,0x00,0x00,0x00,0x00,0x00,0x00,0x00,0x00,
    0x00,0x00,0x00,0x00,0x00,0x00,0x00,0x00,0x00,0x00,0x00,0x00,0x00,0x00,0x00,0x00,0x00,0x00,0x00,0x00,0x00,0x00,0x00,0x00,
    0x00,0x00,0x00,0x00,0x00,0x00,0x00,0x00,0x00,0x00,0x00,0x00,0x00,0x00,0x00,0x00,0x00,0x00,0x00,0x00,0x00,0x00,0x00,0x00,
    0x00,0x00,0x00,0x00,0x00,0x00,0x00,0x00,0x00,0x00,0x00,0x00,0x00,0x00,0x00,0x00,0x00,0x00,0x00,0x00,0x00,0x00,0x00,0x00,
    0x00,0x00,0x00,0x00,0x00,0x00,0x00,0x00,0x00,0x00,0x00,0x00,0x00,0x00,0x00,0x00,0x00,0x00,0x00,0x00,0x00,0x00,0x00,0x00,
    0x00,0x00,0x00,0x00,0x00,0x00,0x00,0x00,0x00,0x00,0x00,0x00,0x00,0x00,0x00,0x00,0x00,0x00,0x00,0x01,0x03,0x03,0x00,0x00,
    0x00,0x00,0x00,0x00,0x00,0x00,0x00,0x00,0x00,0x00,0x00,0x00,0x00,0x00,0x00,0x00,0x00,0x00,0x00,0x00,0x00,0x00,0x00,0x00,
    0x00,0x00,0x00,0x00,0x00,0x00,0x00,0x00,0x00,0x00,0x00,0x00,0x00,0x00,0x00,0x00,0x00,0x00,0x00,0x00,0x00,0x00,0x00,0x00,
    0x00,0x00,0x00,0x00,0x00,0x00,0x00,0x00,0x00,0x00,0x00,0x00,0x00,0x00,0x00,0x00,0x00,0x00,0x00,0x00,0x00,0x00,0x00,0x00,
    0x00,0x00,0x00,0x00,0x00,0x00,0x00,0x00,0x00,0x00,0x00,0x00,0x00,0x00,0x00,0x00,0x00,0x00,0x00,0x00,0x00,0x00,0x00,0x00,
};

const lv_image_dsc_t weather_icon_rain = {
    .header = {
        .magic = LV_IMAGE_HEADER_MAGIC,
        .cf = LV_COLOR_FORMAT_RGB565A8,
        .flags = 0,
        .w = 64,
        .h = 64,
        .stride = 128,
        .reserved_2 = 0,
    },
    .data_size = sizeof(weather_icon_rain_map),
    .data = weather_icon_rain_map,
    .reserved = NULL,
};

static const WEATHER_ICON_ALIGN uint8_t weather_icon_thunderstorm_map[] = {
    0x00,0x00,0x00,0x00,0x00,0x00,0x00,0x00,0x00,0x00,0x00,0x00,0x00,0x00,0x00,0x00,0x00,0x00,0x00,0x00,0x00,0x00,0x00,0x00,
    0x00,0x00,0x00,0x00,0x00,0x00,0x00,0x00,0x00,0x00,0x00,0x00,0x00,0x00,0x00,0x00,0x00,0x00,0x00,0x00,0x00,0x00,0x00,0x00,
    0x00,0x00,0x00,0x00,0x00,0x00,0x00,0x00,0x00,0x00,0x00,0x00,0x00,0x00,0x00,0x00,0x00,0x00,0x00,0x00,0x00,0x00,0x00,0x00,
    0x00,0x00,0x00,0x00,0x00,0x00,0x00,0x00,0x00,0x00,0x00,0x00,0x00,0x00,0x00,0x00,0x00,0x00,0x00,0x00,0x00,0x00,0x00,0x00,
    0x00,0x00,0x00,0x00,0x00,0x00,0x00,0x00,0x00,0x00,0x00,0x00,0x00,0x00,0x00,0x00,0x00,0x00,0x00,0x00,0x00,0x00,0x00,0x00,
    0x00,0x00,0x00,0x00,0x00,0x00,0x00,0x00,0x00,0x00,0x00,0x00,0x00,0x00,0x00,0x00,0x00,0x00,0x00,0x00,0x00,0x00,0x00,0x00,
    0x00,0x00,0x00,0x00,0x00,0x00,0x00,0x00,0x00,0x00,0x00,0x00,0x00,0x00,0x00,0x00,0x00,0x00,0x00,0x00,0x00,0x00,0x00,0x00,
    0x00,0x00,0x00,0x00,0x00,0x00,0x00,0x00,0x00,0x00,0x00,0x00,0x00,0x00,0x00,0x00,0x00,0x00,0x00,0x00,0x00,0x00,0x00,0x00,
    0x00,0x00,0x00,0x00,0x00,0x00,0x00,0x00,0x00,0x00,0x00,0x00,0x00,0x00,0x00,0x00,0x00,0x00,0x00,0x00,0x00,0x00,0x00,0x00,
    0x00,0x00,0x00,0x00,0x00,0x00,0x00,0x00,0x00,0x00,0x00,0x00,0x00,0x00,0x00,0x00,0x00,0x00,0x00,0x00,0x00,0x00,0x00,0x00,
    0x00,0x00,0x00,0x00,0x00,0x00,0x00,0x00,0x00,0x00,0x00,0x00,0x00,0x00,0x00,0x00,0x00,0x00,0x00,0x00,0x00,0x00,0x00,0x00,
    0x00,0x00,0x00,0x00,0x00,0x00,0x00,0x00,0x00,0x00,0x00,0x00,0x00,0x00,0x00,0x00,0x00,0x00,0x00,0x00,0x00,0x00,0x00,0x00,
    0x00,0x00,0x00,0x00,0x00,0x00,0x00,0x00,0x00,0x00,0x00,0x00,0x00,0x00,0x00,0x00,0x00,0x00,0x00,0x00,0x00,0x00,0x00,0x00,
    0x00,0x00,0x00,0x00,0x00,0x00,0x00,0x00,0x00,0x00,0x00,0x00,0x00,0x00,0x00,0x00,0x00,0x00,0x00,0x00,0x00,0x00,0x00,0x00,
    0x00,0x00,0x00,0x00,0x00,0x00,0x00,0x00,0x00,0x00,0x00,0x00,0x00,0x00,0x00,0x00,0x00,0x00,0x00,0x00,0x00,0x00,0x00,0x00,
    0x00,0x00,0x00,0x00,0x00,0x00,0x00,0x00,0x00,0x00,0x00,0x00,0x00,0x00,0x00,0x00,0x00,0x00,0x00,0x00,0x00,0x00,0x00,0x00,
    0x00,0x00,0x00,0x00,0x00,0x00,0x00,0x00,0x00,0x00,0x00,0x00,0x00,0x00,0x00,0x00,0x00,0x00,0x00,0x00,0x00,0x00,0x00,0x00,
    0x00,0x00,0x00,0x00,0x00,0x00,0x00,0x00,0x00,0x00,0x00,0x00,0x00,0x00,0x00,0x00,0x00,0x00,0x00,0x00,0x00,0x00,0x00,0x00,
    0x00,0x00,0x00,0x00,0x00,0x00,0x00,0x00,0x00,0x00,0x00,0x00,0x00,0x00,0x00,0x00,0x00,0x00,0x00,0x00,0x00,0x00,0x00,0x00,
    0x00,0x00,0x00,0x00,0x00,0x00,0x00,0x00,0x00,0x00,0x00,0x00,0x00,0x00,0x00,0x00,0x00,0x00,0x00,0x00,0x00,0x00,0x00,0x00,
    0x00,0x00,0x00,0x00,0x00,0x00,0x00,0x00,0x00,0x00,0x00,0x00,0x00,0x00,0x00,0x00,0x00,0x00,0x00,0x00,0x00,0x00,0x00,0x00,
    0x00,0x00,0x00,0x00,0x00,0x00,0x00,0x00,0x00,0x00,0x00,0x00,0x00,0x00,0x00,0x00,0x00,0x00,0x00,0x00,0x00,0x00,0x00,0x00,
    0x00,0x00,0x00,0x00,0x00,0x00,0x00,0x00,0x00,0x00,0x00,0x00,0x00,0x00,0x00,0x00,0x00,0x00,0x00,0x00,0x00,0x00,0x00,0x00,
    0x00,0x00,0x00,0x00,0x00,0x00,0x00,0x00,0x00,0x00,0x00,0x00,0x00,0x00,0x00,0x00,0x00,0x00,0x00,0x00,0x00,0x00,0x00,0x00,
    0x00,0x00,0x00,0x00,0x00,0x00,0x00,0x00,0x00,0x00,0x00,0x00,0x00,0x00,0x00,0x00,0x00,0x00,0x00,0x00,0x00,0x00,0x00,0x00,
    0x00,0x00,0x00,0x00,0x00,0x00,0x00,0x00,0x00,0x00,0x00,0x00,0x00,0x00,0x00,0x00,0x00,0x00,0x00,0x00,0x00,0x00,0x00,0x00,
    0x00,0x00,0x00,0x00,0x00,0x00,0x00,0x00,0x00,0x00,0x00,0x00,0x00,0x00,0x00,0x00,0x00,0x00,0x00,0x00,0x00,0x00,0x00,0x00,
    0x00,0x00,0x00,0x00,0x00,0x00,0x00,0x00,0x00,0x00,0x00,0x00,0x00,0x00,0x00,0x00,0x00,0x00,0x00,0x00,0x00,0x00,0x00,0x00,
    0x00,0x00,0x00,0x00,0x00,0x00,0x00,0x00,0x00,0x00,0x00,0x00,0x00,0x00,0x00,0x00,0x00,0x00,0x00,0x00,0x00,0x00,0x00,0x00,
    0x00,0x00,0x00,0x00,0x00,0x00,0x00,0x00,0x00,0x00,0x00,0x00,0x00,0x00,0x00,0x00,0x00,0x00,0x00,0x00,0x00,0x00,0x00,0x00,
    0x00,0x00,0x00,0x00,0x00,0x00,0x00,0x00,0x00,0x00,0x00,0x00,0x00,0x00,0x00,0x00,0x00,0x00,0x00,0x00,0x00,0x00,0x00,0x00,
    0x00,0x00,0x00,0x00,0x00,0x00,0x00,0x00,0x00,0x00,0x00,0x00,0x00,0x00,0x00,0x00,0x00,0x00,0x00,0x00,0x00,0x00,0x00,0x00,
    0x00,0x00,0x00,0x00,0x00,0x00,0x00,0x00,0x00,0x00,0x00,0x00,0x00,0x00,0x00,0x00,0x00,0x00,0x00,0x00,0x00,0x00,0x00,0x00,
    0x00,0x00,0x00,0x00,0x00,0x00,0x00,0x00,0x00,0x00,0x00,0x00,0x00,0x00,0x00,0x00,0x00,0x00,0x00,0x00,0x00,0x00,0x00,0x00,
    0x00,0x00,0x00,0x00,0x00,0x00,0x00,0x00,0x00,0x00,0x00,0x00,0x00,0x00,0x00,0x00,0x00,0x00,0x00,0x00,0x00,0x00,0x00,0x00,
    0x00,0x00,0x00,0x00,0x00,0x00,0x00,0x00,0x00,0x00,0x00,0x00,0x00,0x00,0x00,0x00,0x00,0x00,0x00,0x00,0x00,0x00,0x00,0x00,
    0x00,0x00,0x00,0x00,0x00,0x00,0x00,0x00,0x00,0x00,0x00,0x00,0x00,0x00,0x00,0x00,0x00,0x00,0x00,0x00,0x00,0x00,0x00,0x00,
    0x00,0x00,0x00,0x00,0x00,0x00,0x00,0x00,0x00,0x00,0x00,0x00,0x00,0x00,0x00,0x00,0x00,0x00,0x00,0x00,0x00,0x00,0x00,0x00,
    0x00,0x00,0x00,0x00,0x00,0x00,0x00,0x00,0x00,0x00,0x00,0x00,0x00,0x00,0x00,0x00,0x00,0x00,0x00,0x00,0x00,0x00,0x00,0x00,
    0x00,0x00,0x00,0x00,0x00,0x00,0x00,0x00,0x00,0x00,0x00,0x00,0x00,0x00,0x00,0x00,0x00,0x00,0x00,0x00,0x00,0x00,0x00,0x00,
    0x00,0x00,0x00,0x00,0x00,0x00,0x00,0x00,0x00,0x00,0x00,0x00,0x00,0x00,0x00,0x00,0x00,0x00,0x00,0x00,0x00,0x00,0x00,0x00,
    0x00,0x00,0x00,0x00,0x00,0x00,0x00,0x00,0x00,0x00,0x00,0x00,0x00,0x00,0x00,0x00,0x00,0x00,0x00,0x00,0x00,0x00,0x00,0x00,
    0x00,0x00,0x00,0x00,0x00,0x00,0x00,0x00,0x00,0x00,0x00,0x00,0x00,0x00,0x00,0x00,0x00,0x00,0x00,0x00,0x00,0x00,0x00,0x00,
    0x00,0x00,0x00,0x00,0x00,0x00,0x00,0x00,0x00,0x00,0x00,0x00,0x00,0x00,0x00,0x00,0x00,0x00,0x00,0x00,0x00,0x00,0x00,0x00,
    0x00,0x00,0x00,0x00,0x00,0x00,0x00,0x00,0x00,0x00,0x00,0x00,0x00,0x00,0x00,0x00,0x00,0x00,0x00,0x00,0x00,0x00,0x00,0x00,
    0x00,0x00,0x00,0x00,0x00,0x00,0x00,0x00,0x00,0x00,0x00,0x00,0x00,0x00,0x00,0x00,0x00,0x00,0x00,0x00,0x00,0x00,0x00,0x00,
    0x00,0x00,0x00,0x00,0x00,0x00,0x00,0x00,0x00,0x00,0x00,0x00,0x00,0x00,0x00,0x00,0x00,0x00,0x00,0x00,0x00,0x00,0x00,0x00,
    0x00,0x00,0x00,0x00,0x00,0x00,0x00,0x00,0x00,0x00,0x00,0x00,0x00,0x00,0x00,0x00,0x00,0x00,0x00,0x00,0x00,0x00,0x00,0x00,
    0x00,0x00,0x00,0x00,0x00,0x00,0x00,0x00,0x00,0x00,0x00,0x00,0x00,0x00,0x00,0x00,0x00,0x00,0x00,0x00,0x00,0x00,0x00,0x00,
    0x00,0x00,0x00,0x00,0x00,0x00,0x00,0x00,0x00,0x00,0x00,0x00,0x00,0x00,0x00,0x00,0x00,0x00,0x00,0x00,0x00,0x00,0x00,0x00,
    0x00,0x00,0x00,0x00,0x00,0x00,0x00,0x00,0x00,0x00,0x00,0x00,0x00,0x00,0x00,0x00,0x00,0x00,0x00,0x00,0x00,0x00,0x00,0x00,
    0x00,0x00,0xff,0x07,0xff,0x07,0x00,0x00,0x00,0x00,0x00,0x00,0x00,0x00,0x00,0x00,0x00,0x00,0x00,0x00,0x00,0x00,0x00,0x00,
    0x00,0x00,0x00,0x00,0x00,0x00,0x00,0x00,0x00,0x00,0x00,0x00,0x00,0x00,0x00,0x00,0x00,0x00,0x00,0x00,0x00,0x00,0x00,0x00,
    0x00,0x00,0x00,0x00,0x00,0x00,0x00,0x00,0x00,0x00,0x00,0x00,0x00,0x00,0x00,0x00,0x00,0x00,0x00,0x00,0x00,0x00,0x00,0x00,
    0x00,0x00,0x00,0x00,0x00,0x00,0x00,0x00,0x00,0x00,0x00,0x00,0x00,0x00,0x00,0x00,0x00,0x00,0x00,0x00,0x00,0x00,0x00,0x00,
    0x00,0x00,0x00,0x00,0x00,0x00,0x00,0x00,0x00,0x00,0x00,0x00,0x00,0x00,0x00,0x00,0x00,0x00,0x00,0x00,0x00,0x00,0x00,0x00,
    0x00,0x00,0x00,0x00,0x55,0x55,0x55,0x55,0x00,0x00,0x00,0x00,0x00,0x00,0x00,0x00,0xb5,0x52,0xef,0x7b,0xff,0xff,0x00,0x00,
    0x00,0x00,0x00,0x00,0x00,0x00,0x00,0x00,0x00,0x00,0x00,0x00,0x00,0x00,0x00,0x00,0x00,0x00,0x00,0x00,0x00,0x00,0x00,0x00,
    0x00,0x00,0x00,0x00,0x00,0x00,0x00,0x00,0x00,0x00,0x00,0x00,0x00,0x00,0x00,0x00,0x00,0x00,0x00,0x00,0x00,0x00,0x00,0x00,
    0x00,0x00,0x00,0x00,0x00,0x00,0x00,0x00,0x00,0x00,0x00,0x00,0x00,0x00,0x00,0x00,0x00,0x00,0x00,0x00,0x00,0x00,0x00,0x00,
    0x00,0x00,0x00,0x00,0x00,0x00,0x00,0x00,0x00,0x00,0x00,0x00,0x00,0x00,0x00,0x00,0x00,0x00,0x00,0x00,0x00,0x00,0x00,0x00,
    0x00,0x00,0x00,0x00,0x00,0x00,0x00,0x00,0xb5,0x52,0x00,0x00,0x00,0x00,0x00,0x00,0xb5,0x52,0xf3,0x6b,0xf1,0x6b,0x91,0x73,
    0x00,0x00,0x00,0x00,0x00,0x00,0x55,0x55,0x00,0x00,0x00,0x00,0x00,0x00,0x00,0x00,0x00,0x00,0x00,0x00,0x00,0x00,0x00,0x00,
    0x00,0x00,0x00,0x00,0x00,0x00,0x00,0x00,0x00,0x00,0x00,0x00,0x00,0x00,0x00,0x00,0x00,0x00,0x00,0x00,0x00,0x00,0x00,0x00,
    0x00,0x00,0x00,0x00,0x00,0x00,0x00,0x00,0x00,0x00,0x00,0x00,0x00,0x00,0x00,0x00,0x00,0x00,0x00,0x00,0x00,0x00,0x00,0x00,
    0x00,0x00,0x00,0x00,0x00,0x00,0x00,0x00,0x00,0x00,0x00,0x00,0x00,0x00,0x00,0x00,0x00,0x00,0x00,0x00,0x00,0x00,0x00,0x00,
    0x00,0x00,0x00,0x00,0x00,0x00,0x00,0x00,0x00,0x00,0x00,0x00,0x00,0x00,0x55,0x55,0x00,0x00,0xaf,0x52,0xb1,0x63,0xb1,0x63,
    0xb1,0x63,0xb1,0x63,0xb1,0x63,0xb1,0x63,0xb1,0x63,0xd1,0x63,0x91,0x6b,0x00,0x00,0xff,0xff,0xff,0x07,0x00,0x00,0x00,0x00,
    0x00,0x00,0x00,0x00,0x00,0x00,0x00,0x00,0x00,0x00,0x00,0x00,0x00,0x00,0x00,0x00,0x00,0x00,0x00,0x00,0x00,0x00,0x00,0x00,
    0x00,0x00,0x00,0x00,0x00,0x00,0x00,0x00,0x00,0x00,0x00,0x00,0x00,0x00,0x00,0x00,0x00,0x00,0x00,0x00,0x00,0x00,0x00,0x00,
    0x00,0x00,0x00,0x00,0x00,0x00,0x00,0x00,0x00,0x00,0x00,0x00,0x00,0x00,0x00,0x00,0x00,0x00,0x00,0x00,0x00,0x00,0x00,0x00,
    0x00,0x00,0x00,0x00,0x00,0x00,0x00,0x00,0x00,0x00,0x00,0x00,0x00,0x00,0x00,0x00,0x00,0x00,0x00,0x00,0xef,0x7b,0x00,0x00,
    0x91,0x63,0xd2,0x63,0xd2,0x6b,0xd2,0x6b,0xd2,0x63,0xb1,0x63,0xb1,0x63,0xb1,0x63,0xd2,0x6b,0xf2,0x6b,0xb1,0x63,0xb1,0x63,
    0x00,0x00,0x00,0x00,0xef,0x7b,0x00,0x00,0x00,0x00,0x00,0x00,0x00,0x00,0x00,0x00,0x00,0x00,0x00,0x00,0x00,0x00,0x00,0x00,
    0x00,0x00,0x00,0x00,0x00,0x00,0x00,0x00,0x00,0x00,0x00,0x00,0x00,0x00,0x00,0x00,0x00,0x00,0x00,0x00,0x00,0x00,0x00,0x00,
    0x00,0x00,0x00,0x00,0x00,0x00,0x00,0x00,0x00,0x00,0x00,0x00,0x00,0x00,0x00,0x00,0x00,0x00,0x00,0x00,0x00,0x00,0x00,0x00,
    0x00,0x00,0x00,0x00,0x00,0x00,0x00,0x00,0x00,0x00,0x00,0x00,0x00,0x00,0x00,0x00,0x00,0x00,0x00,0x00,0x00,0x00,0x00,0x00,
    0x00,0x00,0xff,0xff,0x00,0x00,0x91,0x63,0xd2,0x6b,0xd2,0x6b,0x91,0x63,0x91,0x63,0x91,0x63,0xb1,0x63,0xb1,0x63,0x91,0x63,
    0x91,0x63,0x91,0x63,0xb1,0x63,0xf2,0x6b,0xb1,0x63,0x8f,0x53,0x00,0x00,0xef,0x7b,0x00,0x00,0x00,0x00,0x00,0x00,0x00,0x00,
    0x00,0x00,0x00,0x00,0x00,0x00,0x00,0x00,0x00,0x00,0x00,0x00,0x00,0x00,0x00,0x00,0x00,0x00,0x00,0x00,0x00,0x00,0x00,0x00,
    0x00,0x00,0x00,0x00,0x00,0x00,0x00,0x00,0x00,0x00,0x00,0x00,0x00,0x00,0x00,0x00,0x00,0x00,0x00,0x00,0x00,0x00,0x00,0x00,
    0x00,0x00,0x00,0x00,0x00,0x00,0x00,0x00,0x00,0x00,0x00,0x00,0x00,0x00,0x00,0x00,0x00,0x00,0x00,0x00,0x00,0x00,0x00,0x00,
    0x00,0x00,0x00,0x00,0x00,0x00,0x00,0x00,0x55,0x55,0xff,0x07,0x91,0x63,0xf2,0x6b,0xb1,0x63,0x91,0x63,0xb1,0x63,0xb1,0x63,
    0xb1,0x63,0xb1,0x63,0xb1,0x63,0xb1,0x63,0xb1,0x63,0xb1,0x63,0x91,0x63,0x91,0x63,0xf2,0x6b,0xb1,0x63,0xd0,0x5b,0xef,0x7b,
    0xff,0x07,0x00,0x00,0x00,0x00,0x00,0x00,0x00,0x00,0x00,0x00,0x00,0x00,0x00,0x00,0x00,0x00,0x00,0x00,0x00,0x00,0x00,0x00,
    0x00,0x00,0x00,0x00,0x00,0x00,0x00,0x00,0x00,0x00,0x00,0x00,0x00,0x00,0x00,0x00,0x00,0x00,0x00,0x00,0x00,0x00,0x00,0x00,
    0x00,0x00,0x00,0x00,0x00,0x00,0x00,0x00,0x00,0x00,0x00,0x00,0x00,0x00,0x00,0x00,0x00,0x00,0x00,0x00,0x00,0x00,0x00,0x00,
    0x00,0x00,0x00,0x00,0x00,0x00,0x00,0x00,0x00,0x00,0xff,0xff,0xff,0xff,0xf7,0x7b,0x00,0x00,0x91,0x63,0xf3,0x6b,0x91,0x63,
    0xb1,0x63,0xb1,0x63,0xb1,0x63,0xb1,0x63,0xb1,0x63,0xb1,0x63,0xb1,0x63,0xb1,0x63,0xb1,0x63,0xb1,0x63,0xb1,0x63,0xb1,0x63,
    0x91,0x63,0xf2,0x6b,0x91,0x63,0x00,0x00,0xb5,0x52,0x00,0x00,0x00,0x00,0x00,0x00,0x00,0x00,0x00,0x00,0x00,0x00,0x00,0x00,
    0x00,0x00,0x00,0x00,0x00,0x00,0x00,0x00,0x00,0x00,0x00,0x00,0x00,0x00,0x00,0x00,0x00,0x00,0x00,0x00,0x00,0x00,0x00,0x00,
    0x00,0x00,0x00,0x00,0x00,0x00,0x00,0x00,0x00,0x00,0x00,0x00,0x00,0x00,0x00,0x00,0x00,0x00,0x00,0x00,0x00,0x00,0x00,0x00,
    0x00,0x00,0x00,0x00,0x00,0x00,0x00,0x00,0x00,0x00,0x00,0x00,0xff,0xff,0xf7,0x7d,0xff,0x7b,0x00,0x00,0x00,0x00,0x00,0x00,
    0xb1,0x63,0xd1,0x6b,0xb1,0x63,0x91,0x63,0xb1,0x63,0xb1,0x63,0xb1,0x63,0xb1,0x63,0xb1,0x63,0xb1,0x63,0xb1,0x63,0xb1,0x63,
    0xb1,0x63,0xb1,0x63,0xb1,0x63,0xb1,0x63,0xb1,0x63,0xb1,0x63,0xf2,0x6b,0xb1,0x63,0x00,0x00,0xb5,0x52,0x00,0x00,0x00,0x00,
    0x00,0x00,0x00,0x00,0x00,0x00,0x00,0x00,0x00,0x00,0x00,0x00,0x00,0x00,0x00,0x00,0x00,0x00,0x00,0x00,0x00,0x00,0x00,0x00,
    0x00,0x00,0x00,0x00,0x00,0x00,0x00,0x00,0x00,0x00,0x00,0x00,0x00,0x00,0x00,0x00,0x00,0x00,0x00,0x00,0x00,0x00,0x00,0x00,
    0x00,0x00,0x00,0x00,0x00,0x00,0x00,0x00,0x00,0x00,0x00,0x00,0x00,0x00,0x00,0x00,0x00,0x00,0x55,0xad,0x00,0x00,0x00,0x00,
    0x00,0x00,0x57,0x9d,0x15,0x95,0xd6,0x8c,0xb1,0x63,0xd2,0x6b,0x91,0x63,0xb1,0x63,0xb1,0x63,0xb1,0x63,0xb1,0x63,0xb1,0x63,
    0xb1,0x63,0xb1,0x63,0xb1,0x63,0xb1,0x63,0xb1,0x63,0xb1,0x63,0xb1,0x63,0xb1,0x63,0xb1,0x63,0x91,0x63,0xb1,0x63,0xb1,0x63,
    0xd2,0x63,0x00,0x00,0xff,0x07,0x00,0x00,0x00,0x00,0x00,0x00,0x00,0x00,0x00,0x00,0x00,0x00,0x00,0x00,0x00,0x00,0x00,0x00,
    0x00,0x00,0x00,0x00,0x00,0x00,0x00,0x00,0x00,0x00,0x00,0x00,0x00,0x00,0x00,0x00,0x00,0x00,0x00,0x00,0x00,0x00,0x00,0x00,
    0x00,0x00,0x00,0x00,0x00,0x00,0x00,0x00,0x00,0x00,0x00,0x00,0x00,0x00,0x00,0x00,0x00,0x00,0x00,0x00,0x00,0x00,0xff,0xff,
    0xff,0xff,0x00,0x00,0x17,0x95,0x37,0x95,0x37,0x95,0x17,0x95,0x37,0x95,0xf6,0x8c,0xb1,0x63,0x91,0x63,0xb1,0x63,0xb1,0x63,
    0xb1,0x63,0xb1,0x63,0xb1,0x63,0xb1,0x63,0xb1,0x63,0xb1,0x63,0xb1,0x63,0xb1,0x63,0xb1,0x63,0xb1,0x63,0xb1,0x63,0xb1,0x63,
    0xb1,0x63,0xb1,0x63,0x91,0x63,0xd2,0x6b,0x91,0x63,0xef,0x7b,0xf3,0x7b,0xef,0x7b,0x00,0x00,0x00,0x00,0x00,0x00,0x00,0x00,
    0x00,0x00,0x00,0x00,0x00,0x00,0x00,0x00,0x00,0x00,0x00,0x00,0x00,0x00,0x00,0x00,0x00,0x00,0x00,0x00,0x00,0x00,0x00,0x00,
    0x00,0x00,0x00,0x00,0x00,0x00,0x00,0x00,0x00,0x00,0x00,0x00,0x00,0x00,0x00,0x00,0x00,0x00,0x00,0x00,0x00,0x00,0x00,0x00,
    0x00,0x00,0x00,0x00,0xff,0xff,0x00,0x00,0x00,0x00,0x37,0x95,0x37,0x9d,0x78,0x9d,0x58,0x9d,0x37,0x95,0x57,0x9d,0x94,0x84,
    0x90,0x63,0xb1,0x63,0xb1,0x63,0xb1,0x63,0xb1,0x63,0xb1,0x63,0xb1,0x63,0xb1,0x63,0xb1,0x63,0xb1,0x63,0xb1,0x63,0xb1,0x63,
    0xb1,0x63,0xb1,0x63,0xb1,0x63,0xb1,0x63,0x91,0x63,0x91,0x63,0xb1,0x63,0xf2,0x6b,0xb1,0x63,0x00,0x00,0x00,0x00,0x00,0x00,
    0x55,0xad,0x00,0x00,0x00,0x00,0x00,0x00,0x00,0x00,0x00,0x00,0x00,0x00,0x00,0x00,0x00,0x00,0x00,0x00,0x00,0x00,0x00,0x00,
    0x00,0x00,0x00,0x00,0x00,0x00,0x00,0x00,0x00,0x00,0x00,0x00,0x00,0x00,0x00,0x00,0x00,0x00,0x00,0x00,0x00,0x00,0x00,0x00,
    0x00,0x00,0x00,0x00,0x00,0x00,0x00,0x00,0x00,0x00,0xff,0xff,0xff,0xff,0x17,0x95,0x37,0x95,0x78,0xa5,0x37,0x95,0x16,0x95,
    0x17,0x95,0x16,0x95,0x37,0x95,0x12,0x74,0x91,0x63,0xb1,0x63,0xb1,0x63,0xb1,0x63,0xb1,0x63,0xb1,0x63,0xb1,0x63,0xb1,0x63,
    0xb1,0x63,0xb1,0x63,0xb1,0x63,0xb1,0x63,0xb1,0x63,0xb1,0x63,0x91,0x63,0xb1,0x63,0x33,0x74,0xb5,0x84,0xf6,0x8c,0x16,0x95,
    0x16,0x95,0x37,0x95,0x57,0x9d,0x36,0x95,0x00,0x00,0xef,0x7b,0x00,0x00,0x00,0x00,0x00,0x00,0x00,0x00,0x00,0x00,0x00,0x00,
    0x00,0x00,0x00,0x00,0x00,0x00,0x00,0x00,0x00,0x00,0x00,0x00,0x00,0x00,0x00,0x00,0x00,0x00,0x00,0x00,0x00,0x00,0x00,0x00,
    0x00,0x00,0x00,0x00,0x00,0x00,0x00,0x00,0x00,0x00,0x00,0x00,0x00,0x00,0x00,0x00,0x00,0x00,0x55,0xad,0xef,0x7b,0x17,0x95,
    0x99,0xa5,0x16,0x95,0x16,0x95,0x17,0x95,0x17,0x95,0x37,0x95,0x16,0x95,0xd2,0x6b,0x91,0x63,0xb1,0x63,0xb1,0x63,0xb1,0x63,
    0xb1,0x63,0xb1,0x63,0xb1,0x63,0xb1,0x63,0xb1,0x63,0xb1,0x63,0xb1,0x63,0xb1,0x63,0xb1,0x63,0x91,0x63,0x12,0x74,0xf6,0x8c,
    0x37,0x9d,0x37,0x95,0x37,0x95,0x37,0x95,0x37,0x95,0x58,0x9d,0x78,0x9d,0x37,0x9d,0x37,0x95,0x00,0x00,0xef,0x7b,0xff,0xff,
    0x00,0x00,0x00,0x00,0x00,0x00,0x00,0x00,0x00,0x00,0x00,0x00,0x00,0x00,0x00,0x00,0x00,0x00,0x00,0x00,0x00,0x00,0x00,0x00,
    0x00,0x00,0x00,0x00,0x00,0x00,0x00,0x00,0x00,0x00,0x00,0x00,0x00,0x00,0x00,0x00,0x00,0x00,0x00,0x00,0x00,0x00,0x00,0x00,
    0xff,0xaf,0x00,0x00,0x16,0x95,0x98,0xa5,0x16,0x95,0x17,0x95,0x17,0x95,0x17,0x95,0x17,0x95,0x37,0x95,0x16,0x95,0xb1,0x63,
    0x91,0x63,0xb1,0x63,0xb1,0x63,0xb1,0x63,0xb1,0x63,0xb1,0x63,0xb1,0x63,0xb1,0x63,0xb1,0x63,0xb1,0x63,0xb1,0x63,0xb1,0x63,
    0x91,0x63,0x33,0x74,0x37,0x95,0x37,0x95,0x16,0x95,0x16,0x95,0x17,0x95,0x17,0x95,0x17,0x95,0x17,0x95,0x16,0x95,0x37,0x95,
    0x99,0xa5,0x16,0x95,0xff,0xff,0xff,0xaf,0x00,0x00,0x00,0x00,0x00,0x00,0x00,0x00,0x00,0x00,0x00,0x00,0x00,0x00,0x00,0x00,
    0x00,0x00,0x00,0x00,0x00,0x00,0x00,0x00,0x00,0x00,0x00,0x00,0x00,0x00,0x00,0x00,0x00,0x00,0x00,0x00,0x00,0x00,0x00,0x00,
    0x00,0x00,0x00,0x00,0x00,0x00,0xff,0xff,0xff,0x07,0x56,0x9d,0x37,0x95,0x37,0x9d,0x16,0x95,0x17,0x95,0x17,0x95,0x17,0x95,
    0x17,0x95,0x37,0x95,0x16,0x95,0xb1,0x63,0x91,0x63,0xb1,0x63,0xb1,0x63,0xb1,0x63,0xb1,0x63,0xb1,0x63,0xb1,0x63,0xb1,0x63,
    0xb1,0x63,0xb1,0x63,0xb1,0x63,0x91,0x63,0x12,0x74,0x37,0x95,0x17,0x95,0x16,0x95,0x17,0x95,0x17,0x95,0x17,0x95,0x17,0x95,
    0x17,0x95,0x17,0x95,0x17,0x95,0x16,0x95,0x17,0x95,0x99,0xa5,0x16,0x95,0x00,0x00,0x55,0xad,0x00,0x00,0x00,0x00,0x00,0x00,
    0x00,0x00,0x00,0x00,0x00,0x00,0x00,0x00,0x00,0x00,0x00,0x00,0x00,0x00,0x00,0x00,0x00,0x00,0x00,0x00,0x00,0x00,0x00,0x00,
    0x00,0x00,0x00,0x00,0x00,0x00,0x00,0x00,0x00,0x00,0x00,0x00,0x00,0x00,0xf7,0xbd,0x00,0x00,0x36,0x95,0x78,0x9d,0x16,0x95,
    0x17,0x95,0x17,0x95,0x17,0x95,0x17,0x95,0x17,0x95,0x37,0x95,0x16,0x95,0xd1,0x6b,0x91,0x63,0xb1,0x63,0xb1,0x63,0xb1,0x63,
    0xb1,0x63,0xb1,0x63,0xb1,0x63,0xb1,0x63,0xb1,0x63,0xb1,0x63,0x91,0x63,0xb1,0x63,0xf6,0x8c,0x37,0x95,0x16,0x95,0x17,0x95,
    0x17,0x95,0x17,0x95,0x17,0x95,0x17,0x95,0x17,0x95,0x17,0x95,0x17,0x95,0x17,0x95,0x16,0x95,0x37,0x95,0x57,0x9d,0x16,0x95,
    0x00,0x00,0xff,0xff,0x00,0x00,0x00,0x00,0x00,0x00,0x00,0x00,0x00,0x00,0x00,0x00,0x00,0x00,0x00,0x00,0x00,0x00,0x00,0x00,
    0x00,0x00,0x00,0x00,0x00,0x00,0x00,0x00,0x00,0x00,0x00,0x00,0x00,0x00,0x00,0x00,0x00,0x00,0x00,0x00,0x00,0x00,0xff,0x7f,
    0xf7,0x7b,0x16,0x95,0x58,0x9d,0x17,0x95,0x17,0x95,0x17,0x95,0x17,0x95,0x17,0x95,0x17,0x95,0x17,0x95,0x37,0x95,0xf2,0x6b,
    0x91,0x63,0xb1,0x63,0xb1,0x63,0xb1,0x63,0xb1,0x63,0xb1,0x63,0xb1,0x63,0xb1,0x63,0xb1,0x63,0xb1,0x63,0x91,0x63,0x33,0x74,
    0x37,0x9d,0x16,0x95,0x17,0x95,0x17,0x95,0x17,0x95,0x17,0x95,0x17,0x95,0x17,0x95,0x17,0x95,0x17,0x95,0x17,0x95,0x17,0x95,
    0x17,0x95,0x16,0x95,0x78,0x9d,0x16,0x95,0x00,0x00,0xff,0xaf,0x00,0x00,0x00,0x00,0x00,0x00,0x00,0x00,0x00,0x00,0x00,0x00,
    0x00,0x00,0x00,0x00,0x00,0x00,0x00,0x00,0x00,0x00,0x00,0x00,0x00,0x00,0x00,0x00,0x00,0x00,0x00,0x00,0x00,0x00,0x00,0x00,
    0x00,0x00,0x00,0x00,0xff,0xff,0x00,0x00,0xff,0xff,0x17,0x95,0x37,0x95,0x16,0x95,0x17,0x95,0x17,0x95,0x17,0x95,0x17,0x95,
    0x17,0x95,0x16,0x95,0x37,0x9d,0x54,0x7c,0x91,0x63,0xb1,0x63,0xb1,0x63,0xb1,0x63,0xb1,0x63,0xb1,0x63,0xb1,0x63,0xb1,0x63,
    0xb1,0x63,0xb1,0x63,0x91,0x63,0xb5,0x84,0x37,0x95,0x16,0x95,0x17,0x95,0x17,0x95,0x17,0x95,0x17,0x95,0x17,0x95,0x17,0x95,
    0x17,0x95,0x17,0x95,0x17,0x95,0x17,0x95,0x17,0x95,0x16,0x95,0x37,0x9d,0x16,0x95,0x96,0x9d,0x00,0x00,0xff,0xff,0x00,0x00,
    0x00,0x00,0x00,0x00,0x00,0x00,0x00,0x00,0x00,0x00,0x00,0x00,0x00,0x00,0x00,0x00,0x00,0x00,0x00,0x00,0x00,0x00,0x00,0x00,
    0x00,0x00,0x00,0x00,0x00,0x00,0x00,0x00,0x00,0x00,0x00,0x00,0xff,0xff,0x00,0x00,0xd2,0x6b,0x17,0x95,0x37,0x95,0x17,0x95,
    0x17,0x95,0x17,0x95,0x17,0x95,0x17,0x95,0x17,0x95,0x16,0x95,0x37,0x95,0xd5,0x8c,0x91,0x63,0xb1,0x63,0xb1,0x63,0xb1,0x63,
    0xb1,0x63,0xb1,0x63,0xb1,0x63,0xb1,0x63,0xb1,0x63,0x91,0x63,0xb1,0x63,0xf6,0x8c,0x37,0x95,0x17,0x95,0x17,0x95,0x17,0x95,
    0x17,0x95,0x17,0x95,0x17,0x95,0x17,0x95,0x17,0x95,0x17,0x95,0x17,0x95,0x17,0x95,0x17,0x95,0x17,0x95,0x16,0x95,0x37,0x9d,
    0x57,0x95,0x00,0x00,0x55,0xad,0x00,0x00,0x00,0x00,0x00,0x00,0x00,0x00,0x00,0x00,0x00,0x00,0x00,0x00,0x00,0x00,0x00,0x00,
    0x00,0x00,0x00,0x00,0x00,0x00,0x00,0x00,0x00,0x00,0x00,0x00,0x00,0x00,0x00,0x00,0x00,0x00,0xb5,0x52,0x1f,0x00,0x91,0x63,
    0x13,0x74,0x16,0x95,0x37,0x95,0x17,0x95,0x17,0x95,0x17,0x95,0x17,0x95,0x17,0x95,0x17,0x95,0x17,0x95,0x17,0x95,0x17,0x95,
    0xd2,0x6b,0x91,0x63,0xb1,0x63,0xb1,0x63,0xb1,0x63,0xb1,0x63,0xb1,0x63,0xb1,0x63,0xb1,0x63,0x91,0x63,0xb1,0x63,0x16,0x95,
    0x37,0x95,0x17,0x95,0x17,0x95,0x17,0x95,0x17,0x95,0x17,0x95,0x17,0x95,0x17,0x95,0x17,0x95,0x17,0x95,0x17,0x95,0x17,0x95,
    0x17,0x95,0x17,0x95,0x16,0x95,0x58,0x9d,0x36,0x95,0x00,0x00,0x55,0xad,0x00,0x00,0x00,0x00,0x00,0x00,0x00,0x00,0x00,0x00,
    0x00,0x00,0x00,0x00,0x00,0x00,0x00,0x00,0x00,0x00,0x00,0x00,0x00,0x00,0x00,0x00,0x00,0x00,0x00,0x00,0x00,0x00,0x00,0x00,
    0xb5,0x52,0x00,0x00,0x91,0x63,0xf3,0x6b,0x91,0x63,0xd5,0x8c,0x37,0x95,0x16,0x95,0x17,0x95,0x17,0x95,0x17,0x95,0x17,0x95,
    0x17,0x95,0x17,0x95,0x16,0x95,0x37,0x95,0x95,0x84,0x91,0x63,0xb1,0x63,0xb1,0x63,0xb1,0x63,0xb1,0x63,0xb1,0x63,0xb1,0x63,
    0xb1,0x63,0x91,0x63,0xb1,0x63,0xf6,0x94,0x37,0x95,0x17,0x95,0x17,0x95,0x17,0x95,0x17,0x95,0x17,0x95,0x17,0x95,0x17,0x95,
    0x17,0x95,0x17,0x95,0x17,0x95,0x17,0x95,0x17,0x95,0x17,0x95,0x16,0x95,0x57,0x9d,0x37,0x95,0x00,0x00,0x55,0xad,0x00,0x00,
    0x00,0x00,0x00,0x00,0x00,0x00,0x00,0x00,0x00,0x00,0x00,0x00,0x00,0x00,0x00,0x00,0x00,0x00,0x00,0x00,0x00,0x00,0x00,0x00,
    0x00,0x00,0x00,0x00,0x00,0x00,0xef,0x7b,0x00,0x00,0xb1,0x63,0xb1,0x63,0xb1,0x63,0x90,0x63,0x74,0x7c,0x37,0x9d,0x16,0x95,
    0x17,0x95,0x17,0x95,0x17,0x95,0x17,0x95,0x17,0x95,0x17,0x95,0x17,0x95,0x17,0x95,0x37,0x95,0x33,0x74,0x70,0x5b,0xb1,0x63,
    0xb1,0x63,0xb1,0x63,0xb1,0x63,0xb1,0x63,0xb1,0x63,0xb1,0x63,0x91,0x63,0xb5,0x8c,0x37,0x95,0x16,0x95,0x17,0x95,0x17,0x95,
    0x17,0x95,0x17,0x95,0x17,0x95,0x17,0x95,0x17,0x95,0x17,0x95,0x17,0x95,0x17,0x95,0x17,0x95,0x16,0x95,0x37,0x95,0x17,0x95,
    0x15,0x95,0x00,0x00,0xff,0xff,0x00,0x00,0x00,0x00,0x00,0x00,0x00,0x00,0x00,0x00,0x00,0x00,0x00,0x00,0x00,0x00,0x00,0x00,
    0x00,0x00,0x00,0x00,0x00,0x00,0x00,0x00,0x00,0x00,0x00,0x00,0x00,0x00,0xef,0x7b,0x00,0x00,0x91,0x63,0xf2,0x6b,0x91,0x63,
    0x91,0x63,0xf2,0x6b,0x17,0x95,0x17,0x95,0x17,0x95,0x17,0x95,0x17,0x95,0x17,0x95,0x17,0x95,0x17,0x95,0x17,0x95,0x17,0x95,
    0x37,0x95,0x16,0x95,0xf2,0x6b,0x91,0x63,0xb1,0x63,0xb1,0x63,0xb1,0x63,0xb1,0x63,0xb1,0x63,0xb1,0x63,0x91,0x63,0x54,0x7c,
    0x37,0x9d,0x16,0x95,0x17,0x95,0x17,0x95,0x17,0x95,0x17,0x95,0x17,0x95,0x17,0x95,0x17,0x95,0x17,0x95,0x17,0x95,0x17,0x95,
    0x17,0x95,0x17,0x95,0x78,0x9d,0x17,0x95,0x00,0x00,0x55,0xad,0x00,0x00,0x00,0x00,0x00,0x00,0x00,0x00,0x00,0x00,0x00,0x00,
    0x00,0x00,0x00,0x00,0x00,0x00,0x00,0x00,0x00,0x00,0x00,0x00,0x00,0x00,0x00,0x00,0x00,0x00,0x00,0x00,0x00,0x00,0xff,0xff,
    0xef,0x7b,0x91,0x63,0xd2,0x6b,0x91,0x63,0xb1,0x63,0x91,0x63,0x94,0x84,0x37,0x9d,0x16,0x95,0x17,0x95,0x17,0x95,0x17,0x95,
    0x17,0x95,0x17,0x95,0x17,0x95,0x17,0x95,0x16,0x95,0x37,0x95,0x16,0x95,0xf2,0x6b,0x91,0x63,0x91,0x63,0xb1,0x63,0xb1,0x63,
    0xb1,0x63,0xb1,0x63,0x91,0x63,0xd2,0x6b,0x16,0x95,0x37,0x95,0x17,0x95,0x17,0x95,0x17,0x95,0x17,0x95,0x17,0x95,0x17,0x95,
    0x17,0x95,0x17,0x95,0x17,0x95,0x17,0x95,0x17,0x95,0x17,0x95,0x78,0x9d,0x17,0x95,0x00,0x00,0x55,0xad,0x00,0x00,0x00,0x00,
    0x00,0x00,0x00,0x00,0x00,0x00,0x00,0x00,0x00,0x00,0x00,0x00,0x00,0x00,0x00,0x00,0x00,0x00,0x00,0x00,0x00,0x00,0x00,0x00,
    0x00,0x00,0x00,0x00,0xff,0x07,0x00,0x00,0xd0,0x5b,0x91,0x63,0xb1,0x63,0x91,0x63,0xb1,0x63,0x91,0x63,0xb1,0x63,0xf6,0x8c,
    0x37,0x95,0x16,0x95,0x17,0x95,0x17,0x95,0x17,0x95,0x17,0x95,0x17,0x95,0x17,0x95,0x17,0x95,0x16,0x95,0x37,0x95,0x17,0x95,
    0x53,0x7c,0xb1,0x63,0xb1,0x63,0xb1,0x63,0xb1,0x63,0xb1,0x63,0xb1,0x63,0x91,0x63,0x53,0x7c,0x57,0x9d,0x16,0x95,0x17,0x95,
    0x17,0x95,0x17,0x95,0x17,0x95,0x17,0x95,0x17,0x95,0x17,0x95,0x17,0x95,0x17,0x95,0x16,0x95,0x99,0xa5,0x16,0x95,0x00,0x00,
    0x55,0xad,0x00,0x00,0x00,0x00,0x00,0x00,0x00,0x00,0x00,0x00,0x00,0x00,0x00,0x00,0x00,0x00,0x00,0x00,0x00,0x00,0x00,0x00,
    0x00,0x00,0x00,0x00,0x00,0x00,0x00,0x00,0x00,0x00,0x00,0x00,0xff,0x07,0x00,0x00,0xf1,0x53,0x91,0x63,0xb1,0x63,0x91,0x63,
    0xb1,0x63,0xb1,0x63,0x91,0x63,0xf2,0x6b,0x16,0x95,0x37,0x95,0x17,0x95,0x16,0x95,0x17,0x95,0x17,0x95,0x17,0x95,0x17,0x95,
    0x17,0x95,0x17,0x95,0x16,0x95,0x37,0x95,0x37,0x9d,0x13,0x74,0x91,0x63,0xb1,0x63,0xb1,0x63,0xb1,0x63,0xb1,0x63,0xb1,0x63,
    0x91,0x63,0x94,0x84,0x57,0x9d,0x17,0x95,0x16,0x95,0x17,0x95,0x17,0x95,0x17,0x95,0x17,0x95,0x17,0x95,0x16,0x95,0x16,0x95,
    0x99,0xa5,0x37,0x95,0x57,0x8d,0xff,0x7f,0xff,0xff,0x00,0x00,0x00,0x00,0x00,0x00,0x00,0x00,0x00,0x00,0x00,0x00,0x00,0x00,
    0x00,0x00,0x00,0x00,0x00,0x00,0x00,0x00,0x00,0x00,0x00,0x00,0x00,0x00,0x00,0x00,0x00,0x00,0x00,0x00,0x00,0x00,0x00,0x00,
    0xef,0x5b,0xb1,0x63,0xd1,0x63,0x91,0x63,0xb1,0x63,0xb1,0x63,0xb1,0x63,0x91,0x63,0xb1,0x63,0xb5,0x84,0x37,0x95,0x37,0x95,
    0x37,0x95,0x17,0x95,0x17,0x95,0x17,0x95,0x17,0x95,0x37,0x95,0x37,0x95,0xf6,0x8c,0xf2,0x6b,0x91,0x63,0xb1,0x63,0xb1,0x63,
    0xb1,0x63,0xb1,0x63,0xb1,0x63,0xb1,0x63,0xb1,0x63,0x91,0x63,0x54,0x7c,0x37,0x95,0x37,0x9d,0x37,0x95,0x17,0x95,0x17,0x95,
    0x17,0x95,0x37,0x95,0x37,0x95,0x57,0x9d,0x37,0x95,0x36,0x95,0x00,0x00,0xef,0x7b,0x00,0x00,0x00,0x00,0x00,0x00,0x00,0x00,
    0x00,0x00,0x00,0x00,0x00,0x00,0x00,0x00,0x00,0x00,0x00,0x00,0x00,0x00,0x00,0x00,0x00,0x00,0x00,0x00,0x00,0x00,0x00,0x00,
    0x00,0x00,0x00,0x00,0x00,0x00,0x55,0xad,0x00,0x00,0x91,0x63,0xf2,0x6b,0x91,0x63,0xb1,0x63,0xb1,0x63,0xb1,0x63,0xb1,0x63,
    0x91,0x63,0x91,0x63,0x12,0x74,0xb5,0x84,0x16,0x95,0x37,0x95,0x37,0x95,0x37,0x95,0x16,0x95,0xd5,0x8c,0x33,0x74,0xb1,0x63,
    0x91,0x63,0xb1,0x63,0xb1,0x63,0xb1,0x63,0xb1,0x63,0xb1,0x63,0xb1,0x63,0xb1,0x63,0xb1,0x63,0xb1,0x63,0x91,0x63,0xf2,0x6b,
    0x95,0x84,0xf6,0x8c,0x37,0x95,0x37,0x95,0x37,0x95,0x16,0x95,0xd6,0x8c,0x33,0x74,0x00,0x00,0x00,0x00,0xff,0x7b,0x00,0x00,
    0x00,0x00,0x00,0x00,0x00,0x00,0x00,0x00,0x00,0x00,0x00,0x00,0x00,0x00,0x00,0x00,0x00,0x00,0x00,0x00,0x00,0x00,0x00,0x00,
    0x00,0x00,0x00,0x00,0x00,0x00,0x00,0x00,0x00,0x00,0x00,0x00,0x00,0x00,0xb5,0x52,0x00,0x00,0x91,0x63,0xd2,0x6b,0x91,0x63,
    0xb1,0x63,0xb1,0x63,0xb1,0x63,0xb1,0x63,0xb1,0x63,0xb1,0x63,0x91,0x63,0x91,0x63,0xb1,0x63,0x12,0x74,0x12,0x74,0x12,0x74,
    0xd2,0x6b,0x91,0x63,0x91,0x63,0xb1,0x63,0xb1,0x63,0xb1,0x63,0xb1,0x63,0xb1,0x63,0xb1,0x63,0xb1,0x63,0xb1,0x63,0xb1,0x63,
    0xb1,0x63,0xb1,0x63,0xb1,0x63,0x91,0x63,0x91,0x63,0xb1,0x63,0xf2,0x6b,0x12,0x74,0x12,0x74,0xb1,0x63,0xd2,0x6b,0x70,0x5b,
    0x00,0x00,0x33,0x63,0x00,0x00,0x00,0x00,0x00,0x00,0x00,0x00,0x00,0x00,0x00,0x00,0x00,0x00,0x00,0x00,0x00,0x00,0x00,0x00,
    0x00,0x00,0x00,0x00,0x00,0x00,0x00,0x00,0x00,0x00,0x00,0x00,0x00,0x00,0x00,0x00,0x00,0x00,0x00,0x00,0x00,0x00,0x00,0x00,
    0xaa,0x52,0x00,0x00,0x91,0x63,0xf2,0x6b,0x91,0x63,0xb1,0x63,0xb1,0x63,0xb1,0x63,0xb1,0x63,0xb1,0x63,0xb1,0x63,0xb1,0x63,
    0x91,0x63,0x91,0x63,0x91,0x63,0x91,0x63,0x91,0x63,0xb1,0x63,0xb1,0x63,0xb1,0x63,0xb1,0x63,0xb1,0x63,0xb1,0x63,0xb1,0x63,
    0xb1,0x63,0xb1,0x63,0xb1,0x63,0xb1,0x63,0xb1,0x63,0xb1,0x63,0xb1,0x63,0xb1,0x63,0xb1,0x63,0xb1,0x63,0x91,0x63,0x91,0x63,
    0x91,0x63,0xd2,0x6b,0xb1,0x63,0x53,0x74,0xef,0x7b,0x1f,0x00,0x00,0x00,0x00,0x00,0x00,0x00,0x00,0x00,0x00,0x00,0x00,0x00,
    0x00,0x00,0x00,0x00,0x00,0x00,0x00,0x00,0x00,0x00,0x00,0x00,0x00,0x00,0x00,0x00,0x00,0x00,0x00,0x00,0x00,0x00,0x00,0x00,
    0x00,0x00,0x00,0x00,0x00,0x00,0x00,0x00,0xff,0x07,0xef,0x7b,0x91,0x63,0xb1,0x63,0xf2,0x6b,0x91,0x63,0xb1,0x63,0xb1,0x63,
    0xb1,0x63,0xb1,0x63,0xb1,0x63,0xb1,0x63,0xb1,0x63,0xb1,0x63,0xb1,0x63,0xb1,0x63,0xb1,0x63,0xb1,0x63,0xb1,0x63,0xb1,0x63,
    0xb1,0x63,0x91,0x63,0x91,0x63,0x91,0x63,0x91,0x63,0x91,0x63,0x91,0x63,0x91,0x63,0x91,0x63,0x91,0x63,0x91,0x63,0xb1,0x63,
    0xb1,0x63,0xb1,0x63,0xb1,0x63,0xb1,0x63,0xd2,0x6b,0xd1,0x63,0xb1,0x63,0x00,0x00,0xef,0x7b,0x00,0x00,0x00,0x00,0x00,0x00,
    0x00,0x00,0x00,0x00,0x00,0x00,0x00,0x00,0x00,0x00,0x00,0x00,0x00,0x00,0x00,0x00,0x00,0x00,0x00,0x00,0x00,0x00,0x00,0x00,
    0x00,0x00,0x00,0x00,0x00,0x00,0x00,0x00,0x00,0x00,0x00,0x00,0x00,0x00,0x00,0x00,0x00,0x00,0xef,0x7b,0x00,0x00,0x8f,0x53,
    0xb1,0x63,0xf2,0x6b,0xd2,0x6b,0xb1,0x63,0x91,0x63,0x91,0x63,0x91,0x63,0x91,0x63,0x91,0x63,0x91,0x63,0x91,0x63,0x91,0x63,
    0x91,0x63,0x91,0x63,0x91,0x63,0xb1,0x63,0x91,0x63,0xd0,0x6b,0xd0,0x6b,0xd0,0x6b,0xd0,0x6b,0xd0,0x6b,0xd0,0x6b,0xd0,0x6b,
    0xd0,0x6b,0xef,0x73,0xb0,0x6b,0x91,0x63,0x91,0x63,0xb1,0x63,0xb1,0x63,0xf2,0x6b,0xb2,0x6b,0x90,0x63,0x00,0x00,0xb5,0x52,
    0x00,0x00,0x00,0x00,0x00,0x00,0x00,0x00,0x00,0x00,0x00,0x00,0x00,0x00,0x00,0x00,0x00,0x00,0x00,0x00,0x00,0x00,0x00,0x00,
    0x00,0x00,0x00,0x00,0x00,0x00,0x00,0x00,0x00,0x00,0x00,0x00,0x00,0x00,0x00,0x00,0x00,0x00,0x00,0x00,0x00,0x00,0x00,0x00,
    0x00,0x00,0x00,0x00,0xef,0x7b,0x00,0x00,0x00,0x00,0xb1,0x63,0xb1,0x63,0xb1,0x63,0xd2,0x6b,0xd2,0x6b,0xd2,0x6b,0xd2,0x6b,
    0xd2,0x6b,0xd2,0x6b,0xd2,0x6b,0xd2,0x6b,0xd2,0x6b,0xd2,0x6b,0xd2,0x6b,0xb2,0x63,0x4d,0x8c,0x43,0xf6,0x23,0xf6,0x23,0xf6,
    0x23,0xf6,0x23,0xf6,0x23,0xf6,0x23,0xee,0x63,0xf6,0xe7,0xdd,0xf1,0x6b,0xd2,0x63,0xd2,0x6b,0xb1,0x63,0xb1,0x63,0xb1,0x63,
    0x31,0x63,0x00,0x00,0xb5,0x52,0x00,0x00,0x00,0x00,0x00,0x00,0x00,0x00,0x00,0x00,0x00,0x00,0x00,0x00,0x00,0x00,0x00,0x00,
    0x00,0x00,0x00,0x00,0x00,0x00,0x00,0x00,0x00,0x00,0x00,0x00,0x00,0x00,0x00,0x00,0x00,0x00,0x00,0x00,0x00,0x00,0x00,0x00,
    0x00,0x00,0x00,0x00,0x00,0x00,0x00,0x00,0x00,0x00,0x00,0x00,0x00,0x00,0xff,0x07,0x1f,0x00,0x00,0x00,0x00,0x00,0xd2,0x6b,
    0xd2,0x63,0xb1,0x63,0xb1,0x63,0xb1,0x63,0xb1,0x63,0xb1,0x63,0xb1,0x63,0xb1,0x63,0xb1,0x63,0x91,0x63,0xd0,0x6b,0xb1,0x63,
    0x23,0xf6,0x82,0xfe,0x62,0xfe,0x62,0xfe,0x62,0xfe,0x62,0xfe,0x62,0xfe,0x82,0xfe,0x82,0xfe,0x49,0xbd,0x53,0x53,0xb0,0x6b,
    0xd2,0x6b,0xf2,0x6b,0xb5,0x52,0x00,0x00,0x00,0x00,0xef,0x7b,0x00,0x00,0x00,0x00,0x00,0x00,0x00,0x00,0x00,0x00,0x00,0x00,
    0x00,0x00,0x00,0x00,0x00,0x00,0x00,0x00,0x00,0x00,0x00,0x00,0x00,0x00,0x00,0x00,0x00,0x00,0x00,0x00,0x00,0x00,0x00,0x00,
    0x00,0x00,0x00,0x00,0x00,0x00,0x00,0x00,0x00,0x00,0x00,0x00,0x00,0x00,0x00,0x00,0x00,0x00,0x00,0x00,0x00,0x00,0x00,0x00,
    0x00,0x00,0x55,0x55,0x00,0x00,0x00,0x00,0x00,0x00,0x00,0x00,0x00,0x00,0x00,0x00,0x00,0x00,0x00,0x00,0x00,0x00,0x00,0x00,
    0x00,0x00,0x00,0x00,0x00,0x00,0xa0,0xfe,0xc2,0xfe,0x42,0xfe,0x62,0xfe,0x62,0xfe,0x62,0xfe,0x42,0xfe,0x62,0xfe,0xa2,0xfe,
    0x23,0xf6,0x00,0x00,0x00,0x00,0x00,0x00,0x00,0x00,0x00,0x00,0x00,0x00,0x55,0x55,0x1f,0x00,0x00,0x00,0x00,0x00,0x00,0x00,
    0x00,0x00,0x00,0x00,0x00,0x00,0x00,0x00,0x00,0x00,0x00,0x00,0x00,0x00,0x00,0x00,0x00,0x00,0x00,0x00,0x00,0x00,0x00,0x00,
    0x00,0x00,0x00,0x00,0x00,0x00,0x00,0x00,0x00,0x00,0x00,0x00,0x00,0x00,0x00,0x00,0x00,0x00,0x00,0x00,0x00,0x00,0x00,0x00,
    0x00,0x00,0x00,0x00,0x00,0x00,0x00,0x00,0x00,0x00,0x00,0x00,0x00,0x00,0xef,0x7b,0xb5,0x52,0xb5,0x52,0xb5,0x52,0xb5,0x52,
    0xb5,0x52,0xb5,0x52,0xb5,0x52,0xb5,0x52,0xcc,0xcc,0x55,0x55,0x23,0xf6,0x82,0xfe,0x62,0xfe,0x42,0xfe,0x62,0xfe,0x62,0xfe,
    0x62,0xfe,0x62,0xfe,0xc2,0xfe,0x42,0xfe,0x00,0x00,0xa4,0xdd,0xef,0x7b,0xef,0x7b,0xef,0x7b,0xef,0x7b,0x00,0x00,0x00,0x00,
    0x00,0x00,0x00,0x00,0x00,0x00,0x00,0x00,0x00,0x00,0x00,0x00,0x00,0x00,0x00,0x00,0x00,0x00,0x00,0x00,0x00,0x00,0x00,0x00,
    0x00,0x00,0x00,0x00,0x00,0x00,0x00,0x00,0x00,0x00,0x00,0x00,0x00,0x00,0x00,0x00,0x00,0x00,0x00,0x00,0x00,0x00,0x00,0x00,
    0x00,0x00,0x00,0x00,0x00,0x00,0x00,0x00,0x00,0x00,0x00,0x00,0x00,0x00,0x00,0x00,0x00,0x00,0x00,0x00,0x00,0x00,0x00,0x00,
    0x00,0x00,0x00,0x00,0x00,0x00,0x00,0x00,0x00,0x00,0x00,0x00,0x00,0x00,0x00,0x00,0xe0,0xff,0x00,0x00,0x62,0xfe,0xa2,0xfe,
    0x42,0xfe,0x62,0xfe,0x62,0xfe,0x62,0xfe,0x42,0xfe,0xa2,0xfe,0x42,0xfe,0x00,0x00,0x00,0x00,0x00,0x00,0x00,0x00,0x00,0x00,
    0x00,0x00,0x00,0x00,0x00,0x00,0x00,0x00,0x00,0x00,0x00,0x00,0x00,0x00,0x00,0x00,0x00,0x00,0x00,0x00,0x00,0x00,0x00,0x00,
    0x00,0x00,0x00,0x00,0x00,0x00,0x00,0x00,0x00,0x00,0x00,0x00,0x00,0x00,0x00,0x00,0x00,0x00,0x00,0x00,0x00,0x00,0x00,0x00,
    0x00,0x00,0x00,0x00,0x00,0x00,0x00,0x00,0x00,0x00,0x00,0x00,0x00,0x00,0x00,0x00,0x00,0x00,0x00,0x00,0x00,0x00,0x00,0x00,
    0x00,0x00,0x00,0x00,0x00,0x00,0x00,0x00,0x00,0x00,0x00,0x00,0x00,0x00,0x00,0x00,0x00,0x00,0x00,0x00,0x00,0x00,0x40,0xfd,
    0x00,0x00,0x42,0xf6,0xc2,0xfe,0x42,0xfe,0x62,0xfe,0x62,0xfe,0x62,0xfe,0x42,0xfe,0xa2,0xfe,0x62,0xfe,0x42,0xfe,0x63,0xfe,
    0x81,0xfe,0x61,0xfe,0x81,0xf6,0xa2,0xfd,0xa2,0xfe,0xe3,0xfd,0x00,0x00,0x00,0x00,0x00,0x00,0x00,0x00,0x00,0x00,0x00,0x00,
    0x00,0x00,0x00,0x00,0x00,0x00,0x00,0x00,0x00,0x00,0x00,0x00,0x00,0x00,0x00,0x00,0x00,0x00,0x00,0x00,0x00,0x00,0x00,0x00,
    0x00,0x00,0x00,0x00,0x00,0x00,0x00,0x00,0x00,0x00,0x00,0x00,0x00,0x00,0x00,0x00,0x00,0x00,0x00,0x00,0x00,0x00,0x00,0x00,
    0x00,0x00,0x00,0x00,0x00,0x00,0x00,0x00,0x00,0x00,0x00,0x00,0x00,0x00,0x00,0x00,0x00,0x00,0x00,0x00,0x00,0x00,0x00,0x00,
    0x00,0x00,0x00,0x00,0xe0,0xfb,0xe0,0xff,0x42,0xf6,0x82,0xfe,0x62,0xfe,0x42,0xfe,0x62,0xfe,0x62,0xfe,0x62,0xfe,0x62,0xfe,
    0x62,0xfe,0x62,0xfe,0x42,0xfe,0x42,0xfe,0x62,0xfe,0x42,0xfe,0x42,0xfe,0x82,0xfe,0x62,0xfe,0x61,0xfe,0xe0,0xfb,0xe0,0xff,
    0x00,0x00,0x00,0x00,0x00,0x00,0x00,0x00,0x00,0x00,0x00,0x00,0x00,0x00,0x00,0x00,0x00,0x00,0x00,0x00,0x00,0x00,0x00,0x00,
    0x00,0x00,0x00,0x00,0x00,0x00,0x00,0x00,0x00,0x00,0x00,0x00,0x00,0x00,0x00,0x00,0x00,0x00,0x00,0x00,0x00,0x00,0x00,0x00,
    0x00,0x00,0x00,0x00,0x00,0x00,0x00,0x00,0x00,0x00,0x00,0x00,0x00,0x00,0x00,0x00,0x00,0x00,0x00,0x00,0x00,0x00,0x00,0x00,
    0x00,0x00,0x00,0x00,0x00,0x00,0x00,0x00,0x00,0x00,0x00,0x00,0xe0,0xff,0x00,0x00,0x42,0xfe,0xc2,0xfe,0x42,0xfe,0x62,0xfe,
    0x62,0xfe,0x62,0xfe,0x62,0xfe,0x62,0xfe,0x62,0xfe,0x62,0xfe,0x82,0xfe,0x62,0xfe,0x82,0xfe,0x42,0xfe,0xe2,0xfe,0x82,0xfe,
    0x22,0xf6,0x00,0x00,0xe0,0xff,0x00,0x00,0x00,0x00,0x00,0x00,0x00,0x00,0x00,0x00,0x00,0x00,0x00,0x00,0x00,0x00,0x00,0x00,
    0x00,0x00,0x00,0x00,0x00,0x00,0x00,0x00,0x00,0x00,0x00,0x00,0x00,0x00,0x00,0x00,0x00,0x00,0x00,0x00,0x00,0x00,0x00,0x00,
    0x00,0x00,0x00,0x00,0x00,0x00,0x00,0x00,0x00,0x00,0x00,0x00,0x00,0x00,0x00,0x00,0x00,0x00,0x00,0x00,0x00,0x00,0x00,0x00,
    0x00,0x00,0x00,0x00,0x00,0x00,0x00,0x00,0x00,0x00,0x00,0x00,0x00,0x00,0x00,0x00,0x00,0x00,0x40,0xfd,0x00,0x00,0x42,0xf6,
    0xc2,0xfe,0x62,0xfe,0x62,0xfe,0x62,0xfe,0x62,0xfe,0x62,0xfe,0x62,0xfe,0x62,0xfe,0x62,0xfe,0x62,0xfe,0x42,0xfe,0x42,0xfe,
    0x42,0xfe,0xc2,0xfe,0x82,0xfe,0xe1,0xed,0x00,0x00,0xe0,0xfb,0x00,0x00,0x00,0x00,0x00,0x00,0x00,0x00,0x00,0x00,0x00,0x00,
    0x00,0x00,0x00,0x00,0x00,0x00,0x00,0x00,0x00,0x00,0x00,0x00,0x00,0x00,0x00,0x00,0x00,0x00,0x00,0x00,0x00,0x00,0x00,0x00,
    0x00,0x00,0x00,0x00,0x00,0x00,0x00,0x00,0x00,0x00,0x00,0x00,0x00,0x00,0x00,0x00,0x00,0x00,0x00,0x00,0x00,0x00,0x00,0x00,
    0x00,0x00,0x00,0x00,0x00,0x00,0x00,0x00,0x00,0x00,0x00,0x00,0x00,0x00,0x00,0x00,0x00,0x00,0x00,0x00,0x00,0x00,0x00,0x00,
    0xe0,0xff,0x00,0x00,0x42,0xfe,0x62,0xfe,0x82,0xfe,0x62,0xfe,0x42,0xfe,0x42,0xfe,0x42,0xfe,0x42,0xfe,0x62,0xfe,0x62,0xfe,
    0x62,0xfe,0x62,0xfe,0x62,0xfe,0x42,0xfe,0xc2,0xfe,0x82,0xfe,0x01,0xf6,0x00,0x00,0xe0,0xff,0x00,0x00,0x00,0x00,0x00,0x00,
    0x00,0x00,0x00,0x00,0x00,0x00,0x00,0x00,0x00,0x00,0x00,0x00,0x00,0x00,0x00,0x00,0x00,0x00,0x00,0x00,0x00,0x00,0x00,0x00,
    0x00,0x00,0x00,0x00,0x00,0x00,0x00,0x00,0x00,0x00,0x00,0x00,0x00,0x00,0x00,0x00,0x00,0x00,0x00,0x00,0x00,0x00,0x00,0x00,
    0x00,0x00,0x00,0x00,0x00,0x00,0x00,0x00,0x00,0x00,0x00,0x00,0x00,0x00,0x00,0x00,0x00,0x00,0x00,0x00,0x00,0x00,0x00,0x00,
    0x00,0x00,0x00,0x00,0x00,0x00,0x00,0x00,0x40,0xfd,0xe0,0xfb,0x62,0xfe,0x02,0xff,0x82,0xfe,0xa2,0xfe,0xa2,0xfe,0xa2,0xfe,
    0xa2,0xfe,0x82,0xfe,0x42,0xfe,0x62,0xfe,0x62,0xfe,0x62,0xfe,0x42,0xfe,0xc2,0xfe,0x82,0xfe,0x01,0xf6,0x00,0x00,0xe0,0xff,
    0x00,0x00,0x00,0x00,0x00,0x00,0x00,0x00,0x00,0x00,0x00,0x00,0x00,0x00,0x00,0x00,0x00,0x00,0x00,0x00,0x00,0x00,0x00,0x00,
    0x00,0x00,0x00,0x00,0x00,0x00,0x00,0x00,0x00,0x00,0x00,0x00,0x00,0x00,0x00,0x00,0x00,0x00,0x00,0x00,0x00,0x00,0x00,0x00,
    0x00,0x00,0x00,0x00,0x00,0x00,0x00,0x00,0x00,0x00,0x00,0x00,0x00,0x00,0x00,0x00,0x00,0x00,0x00,0x00,0x00,0x00,0x00,0x00,
    0x00,0x00,0x00,0x00,0x00,0x00,0x00,0x00,0x00,0x00,0x00,0x00,0x00,0x00,0x00,0x00,0x00,0x00,0xe0,0xff,0x62,0xfe,0x82,0xfe,
    0x62,0xfe,0x62,0xfe,0x62,0xfe,0x62,0xfe,0x62,0xf6,0x42,0xfe,0x82,0xfe,0x62,0xfe,0x62,0xfe,0x42,0xfe,0xc2,0xfe,0x82,0xfe,
    0x01,0xf6,0x00,0x00,0xe0,0xff,0x00,0x00,0x00,0x00,0x00,0x00,0x00,0x00,0x00,0x00,0x00,0x00,0x00,0x00,0x00,0x00,0x00,0x00,
    0x00,0x00,0x00,0x00,0x00,0x00,0x00,0x00,0x00,0x00,0x00,0x00,0x00,0x00,0x00,0x00,0x00,0x00,0x00,0x00,0x00,0x00,0x00,0x00,
    0x00,0x00,0x00,0x00,0x00,0x00,0x00,0x00,0x00,0x00,0x00,0x00,0x00,0x00,0x00,0x00,0x00,0x00,0x00,0x00,0x00,0x00,0x00,0x00,
    0x00,0x00,0x00,0x00,0x00,0x00,0x00,0x00,0x00,0x00,0x00,0x00,0x00,0x00,0x00,0x00,0x00,0x00,0x00,0x00,0x00,0x00,0x00,0x00,
    0x00,0x00,0x00,0x00,0x00,0x00,0x00,0x00,0x00,0x00,0x00,0x00,0x00,0x00,0x00,0x00,0x00,0x00,0x42,0xfe,0xc2,0xfe,0x62,0xfe,
    0x42,0xfe,0xc2,0xfe,0x82,0xfe,0x01,0xf6,0x00,0x00,0xe0,0xff,0x00,0x00,0x00,0x00,0x00,0x00,0x00,0x00,0x00,0x00,0x00,0x00,
    0x00,0x00,0x00,0x00,0x00,0x00,0x00,0x00,0x00,0x00,0x00,0x00,0x00,0x00,0x00,0x00,0x00,0x00,0x00,0x00,0x00,0x00,0x00,0x00,
    0x00,0x00,0x00,0x00,0x00,0x00,0x00,0x00,0x00,0x00,0x00,0x00,0x00,0x00,0x00,0x00,0x00,0x00,0x00,0x00,0x00,0x00,0x00,0x00,
    0x00,0x00,0x00,0x00,0x00,0x00,0x00,0x00,0x00,0x00,0x00,0x00,0x00,0x00,0x00,0x00,0x00,0x00,0x00,0x00,0x00,0x00,0x00,0x00,
    0x00,0x00,0x00,0x00,0x00,0x00,0x00,0x00,0x00,0x00,0x00,0x00,0x40,0xfd,0xe0,0xff,0x40,0xfd,0x40,0xfd,0xe0,0xfd,0xe0,0xfd,
    0x62,0xfe,0x62,0xfe,0x82,0xfe,0x42,0xfe,0xc2,0xfe,0x82,0xfe,0x01,0xf6,0x00,0x00,0xe0,0xff,0x00,0x00,0x00,0x00,0x00,0x00,
    0x00,0x00,0x00,0x00,0x00,0x00,0x00,0x00,0x00,0x00,0x00,0x00,0x00,0x00,0x00,0x00,0x00,0x00,0x00,0x00,0x00,0x00,0x00,0x00,
    0x00,0x00,0x00,0x00,0x00,0x00,0x00,0x00,0x00,0x00,0x00,0x00,0x00,0x00,0x00,0x00,0x00,0x00,0x00,0x00,0x00,0x00,0x00,0x00,
    0x00,0x00,0x00,0x00,0x00,0x00,0x00,0x00,0x00,0x00,0x00,0x00,0x00,0x00,0x00,0x00,0x00,0x00,0x00,0x00,0x00,0x00,0x00,0x00,
    0x00,0x00,0x00,0x00,0x00,0x00,0x00,0x00,0x00,0x00,0x00,0x00,0x00,0x00,0x00,0x00,0x00,0x00,0x00,0x00,0x00,0x00,0x00,0x00,
    0x00,0x00,0x00,0x00,0xe0,0xfd,0x00,0x00,0x42,0xfe,0xc2,0xfe,0x42,0xfe,0xc2,0xfe,0x82,0xfe,0x01,0xf6,0x00,0x00,0xe0,0xff,
    0x00,0x00,0x00,0x00,0x00,0x00,0x00,0x00,0x00,0x00,0x00,0x00,0x00,0x00,0x00,0x00,0x00,0x00,0x00,0x00,0x00,0x00,0x00,0x00,
    0x00,0x00,0x00,0x00,0x00,0x00,0x00,0x00,0x00,0x00,0x00,0x00,0x00,0x00,0x00,0x00,0x00,0x00,0x00,0x00,0x00,0x00,0x00,0x00,
    0x00,0x00,0x00,0x00,0x00,0x00,0x00,0x00,0x00,0x00,0x00,0x00,0x00,0x00,0x00,0x00,0x00,0x00,0x00,0x00,0x00,0x00,0x00,0x00,
    0x00,0x00,0x00,0x00,0x00,0x00,0x00,0x00,0x00,0x00,0x00,0x00,0x00,0x00,0x00,0x00,0x00,0x00,0x00,0x00,0x00,0x00,0x00,0x00,
    0x00,0x00,0x00,0x00,0x00,0x00,0x00,0x00,0x00,0x00,0x00,0x00,0xe0,0xff,0x00,0x00,0x62,0xfe,0xa2,0xfe,0xa2,0xfe,0x82,0xfe,
    0x01,0xf6,0x00,0x00,0xe0,0xff,0x00,0x00,0x00,0x00,0x00,0x00,0x00,0x00,0x00,0x00,0x00,0x00,0x00,0x00,0x00,0x00,0x00,0x00,
    0x00,0x00,0x00,0x00,0x00,0x00,0x00,0x00,0x00,0x00,0x00,0x00,0x00,0x00,0x00,0x00,0x00,0x00,0x00,0x00,0x00,0x00,0x00,0x00,
    0x00,0x00,0x00,0x00,0x00,0x00,0x00,0x00,0x00,0x00,0x00,0x00,0x00,0x00,0x00,0x00,0x00,0x00,0x00,0x00,0x00,0x00,0x00,0x00,
    0x00,0x00,0x00,0x00,0x00,0x00,0x00,0x00,0x00,0x00,0x00,0x00,0x00,0x00,0x00,0x00,0x00,0x00,0x00,0x00,0x00,0x00,0x00,0x00,
    0x00,0x00,0x00,0x00,0x00,0x00,0x00,0x00,0x00,0x00,0x00,0x00,0x00,0x00,0x00,0x00,0x00,0x00,0xe0,0xff,0x00,0x00,0x42,0xfe,
    0x62,0xfe,0xc2,0xfe,0x82,0xfe,0x01,0xf6,0x00,0x00,0xe0,0xff,0x00,0x00,0x00,0x00,0x00,0x00,0x00,0x00,0x00,0x00,0x00,0x00,
    0x00,0x00,0x00,0x00,0x00,0x00,0x00,0x00,0x00,0x00,0x00,0x00,0x00,0x00,0x00,0x00,0x00,0x00,0x00,0x00,0x00,0x00,0x00,0x00,
    0x00,0x00,0x00,0x00,0x00,0x00,0x00,0x00,0x00,0x00,0x00,0x00,0x00,0x00,0x00,0x00,0x00,0x00,0x00,0x00,0x00,0x00,0x00,0x00,
    0x00,0x00,0x00,0x00,0x00,0x00,0x00,0x00,0x00,0x00,0x00,0x00,0x00,0x00,0x00,0x00,0x00,0x00,0x00,0x00,0x00,0x00,0x00,0x00,
    0x00,0x00,0x00,0x00,0x00,0x00,0x00,0x00,0x00,0x00,0x00,0x00,0x00,0x00,0x00,0x00,0x00,0x00,0x00,0x00,0x00,0x00,0x00,0x00,
    0x00,0x00,0xe0,0xfd,0x00,0x00,0x62,0xfe,0x43,0xff,0x62,0xfe,0x01,0xf6,0x00,0x00,0xe0,0xff,0x00,0x00,0x00,0x00,0x00,0x00,
    0x00,0x00,0x00,0x00,0x00,0x00,0x00,0x00,0x00,0x00,0x00,0x00,0x00,0x00,0x00,0x00,0x00,0x00,0x00,0x00,0x00,0x00,0x00,0x00,
    0x00,0x00,0x00,0x00,0x00,0x00,0x00,0x00,0x00,0x00,0x00,0x00,0x00,0x00,0x00,0x00,0x00,0x00,0x00,0x00,0x00,0x00,0x00,0x00,
    0x00,0x00,0x00,0x00,0x00,0x00,0x00,0x00,0x00,0x00,0x00,0x00,0x00,0x00,0x00,0x00,0x00,0x00,0x00,0x00,0x00,0x00,0x00,0x00,
    0x00,0x00,0x00,0x00,0x00,0x00,0x00,0x00,0x00,0x00,0x00,0x00,0x00,0x00,0x00,0x00,0x00,0x00,0x00,0x00,0x00,0x00,0x00,0x00,
    0x00,0x00,0x00,0x00,0x00,0x00,0x00,0x00,0xe0,0xff,0xe0,0xff,0xa0,0xfe,0x62,0xfe,0x82,0xfe,0xe1,0xed,0x00,0x00,0xe0,0xff,
    0x00,0x00,0x00,0x00,0x00,0x00,0x00,0x00,0x00,0x00,0x00,0x00,0x00,0x00,0x00,0x00,0x00,0x00,0x00,0x00,0x00,0x00,0x00,0x00,
    0x00,0x00,0x00,0x00,0x00,0x00,0x00,0x00,0x00,0x00,0x00,0x00,0x00,0x00,0x00,0x00,0x00,0x00,0x00,0x00,0x00,0x00,0x00,0x00,
    0x00,0x00,0x00,0x00,0x00,0x00,0x00,0x00,0x00,0x00,0x00,0x00,0x00,0x00,0x00,0x00,0x00,0x00,0x00,0x00,0x00,0x00,0x00,0x00,
    0x00,0x00,0x00,0x00,0x00,0x00,0x00,0x00,0x00,0x00,0x00,0x00,0x00,0x00,0x00,0x00,0x00,0x00,0x00,0x00,0x00,0x00,0x00,0x00,
    0x00,0x00,0x00,0x00,0x00,0x00,0x00,0x00,0x00,0x00,0x00,0x00,0x00,0x00,0x00,0x00,0xe0,0xfd,0x00,0x00,0x62,0xfe,0x62,0xfe,
    0xa1,0xf5,0x00,0x00,0xe0,0xff,0x00,0x00,0x00,0x00,0x00,0x00,0x00,0x00,0x00,0x00,0x00,0x00,0x00,0x00,0x00,0x00,0x00,0x00,
    0x00,0x00,0x00,0x00,0x00,0x00,0x00,0x00,0x00,0x00,0x00,0x00,0x00,0x00,0x00,0x00,0x00,0x00,0x00,0x00,0x00,0x00,0x00,0x00,
    0x00,0x00,0x00,0x00,0x00,0x00,0x00,0x00,0x00,0x00,0x00,0x00,0x00,0x00,0x00,0x00,0x00,0x00,0x00,0x00,0x00,0x00,0x00,0x00,
    0x00,0x00,0x00,0x00,0x00,0x00,0x00,0x00,0x00,0x00,0x00,0x00,0x00,0x00,0x00,0x00,0x00,0x00,0x00,0x00,0x00,0x00,0x00,0x00,
    0x00,0x00,0x00,0x00,0x00,0x00,0x00,0x00,0x00,0x00,0x00,0x00,0x00,0x00,0x00,0x00,0x00,0x00,0x00,0x00,0x00,0x00,0x00,0x00,
    0xe0,0xff,0x63,0xfe,0x42,0xfe,0x22,0xf6,0x00,0x00,0xe0,0xff,0x00,0x00,0x00,0x00,0x00,0x00,0x00,0x00,0x00,0x00,0x00,0x00,
    0x00,0x00,0x00,0x00,0x00,0x00,0x00,0x00,0x00,0x00,0x00,0x00,0x00,0x00,0x00,0x00,0x00,0x00,0x00,0x00,0x00,0x00,0x00,0x00,
    0x00,0x00,0x00,0x00,0x00,0x00,0x00,0x00,0x00,0x00,0x00,0x00,0x00,0x00,0x00,0x00,0x00,0x00,0x00,0x00,0x00,0x00,0x00,0x00,
    0x00,0x00,0x00,0x00,0x00,0x00,0x00,0x00,0x00,0x00,0x00,0x00,0x00,0x00,0x00,0x00,0x00,0x00,0x00,0x00,0x00,0x00,0x00,0x00,
    0x00,0x00,0x00,0x00,0x00,0x00,0x00,0x00,0x00,0x00,0x00,0x00,0x00,0x00,0x00,0x00,0x00,0x00,0x00,0x00,0x00,0x00,0x00,0x00,
    0x00,0x00,0x00,0x00,0x00,0x00,0x00,0x00,0x00,0x00,0x63,0xfe,0xa2,0xfe,0x00,0x00,0xe0,0xff,0x00,0x00,0x00,0x00,0x00,0x00,
    0x00,0x00,0x00,0x00,0x00,0x00,0x00,0x00,0x00,0x00,0x00,0x00,0x00,0x00,0x00,0x00,0x00,0x00,0x00,0x00,0x00,0x00,0x00,0x00,
    0x00,0x00,0x00,0x00,0x00,0x00,0x00,0x00,0x00,0x00,0x00,0x00,0x00,0x00,0x00,0x00,0x00,0x00,0x00,0x00,0x00,0x00,0x00,0x00,
    0x00,0x00,0x00,0x00,0x00,0x00,0x00,0x00,0x00,0x00,0x00,0x00,0x00,0x00,0x00,0x00,0x00,0x00,0x00,0x00,0x00,0x00,0x00,0x00,
    0x00,0x00,0x00,0x00,0x00,0x00,0x00,0x00,0x00,0x00,0x00,0x00,0x00,0x00,0x00,0x00,0x00,0x00,0x00,0x00,0x00,0x00,0x00,0x00,
    0x00,0x00,0x00,0x00,0x00,0x00,0x00,0x00,0x00,0x00,0x00,0x00,0x00,0x00,0x00,0x00,0x00,0x00,0x00,0x00,0x00,0x00,0x00,0x00,
    0x00,0x00,0x00,0x00,0x00,0x00,0x00,0x00,0x00,0x00,0x00,0x00,0x00,0x00,0x00,0x00,0x00,0x00,0x00,0x00,0x00,0x00,0x00,0x00,
    0x00,0x00,0x00,0x00,0x00,0x00,0x00,0x00,0x00,0x00,0x00,0x00,0x00,0x00,0x00,0x00,0x00,0x00,0x00,0x00,0x00,0x00,0x00,0x00,
    0x00,0x00,0x00,0x00,0x00,0x00,0x00,0x00,0x00,0x00,0x00,0x00,0x00,0x00,0x00,0x00,0x00,0x00,0x00,0x00,0x00,0x00,0x00,0x00,
    0x00,0x00,0x00,0x00,0x00,0x00,0x00,0x00,0x00,0x00,0x00,0x00,0x00,0x00,0x00,0x00,0x00,0x00,0x00,0x00,0x00,0x00,0x00,0x00,
    0x00,0x00,0x00,0x00,0x00,0x00,0x00,0x00,0x00,0x00,0x00,0x00,0x00,0x00,0x00,0x00,0x00,0x00,0x00,0x00,0x00,0x00,0x00,0x00,
    0x00,0x00,0x00,0x00,0x00,0x00,0x00,0x00,0x00,0x00,0x00,0x00,0x00,0x00,0x00,0x00,0x00,0x00,0x00,0x00,0x00,0x00,0x00,0x00,
    0x00,0x00,0x00,0x00,0x00,0x00,0x00,0x00,0x00,0x00,0x00,0x00,0x00,0x00,0x00,0x00,0x00,0x00,0x00,0x00,0x00,0x00,0x00,0x00,
    0x00,0x00,0x00,0x00,0x00,0x00,0x00,0x00,0x00,0x00,0x00,0x00,0x00,0x00,0x00,0x00,0x00,0x00,0x00,0x00,0x00,0x00,0x00,0x00,
    0x00,0x00,0x00,0x00,0x00,0x00,0x00,0x00,0x00,0x00,0x00,0x00,0x00,0x00,0x00,0x00,0x00,0x00,0x00,0x00,0x00,0x00,0x00,0x00,
    0x00,0x00,0x00,0x00,0x00,0x00,0x00,0x00,0x00,0x00,0x00,0x00,0x00,0x00,0x00,0x00,0x00,0x00,0x00,0x00,0x00,0x00,0x00,0x00,
    0x00,0x00,0x00,0x00,0x00,0x00,0x00,0x00,0x00,0x00,0x00,0x00,0x00,0x00,0x00,0x00,0x00,0x00,0x00,0x00,0x00,0x00,0x00,0x00,
    0x00,0x00,0x00,0x00,0x00,0x00,0x00,0x00,0x00,0x00,0x00,0x00,0x00,0x00,0x00,0x00,0x00,0x00,0x00,0x00,0x00,0x00,0x00,0x00,
    0x00,0x00,0x00,0x00,0x00,0x00,0x00,0x00,0x00,0x00,0x00,0x00,0x00,0x00,0x00,0x00,0x00,0x00,0x00,0x00,0x00,0x00,0x00,0x00,
    0x00,0x00,0x00,0x00,0x00,0x00,0x00,0x00,0x00,0x00,0x00,0x00,0x00,0x00,0x00,0x00,0x00,0x00,0x00,0x00,0x00,0x00,0x00,0x00,
    0x00,0x00,0x00,0x00,0x00,0x00,0x00,0x00,0x00,0x00,0x00,0x00,0x00,0x00,0x00,0x00,0x00,0x00,0x00,0x00,0x00,0x00,0x00,0x00,
    0x00,0x00,0x00,0x00,0x00,0x00,0x00,0x00,0x00,0x00,0x00,0x00,0x00,0x00,0x00,0x00,0x00,0x00,0x00,0x00,0x00,0x00,0x00,0x00,
    0x00,0x00,0x00,0x00,0x00,0x00,0x00,0x00,0x00,0x00,0x00,0x00,0x00,0x00,0x00,0x00,0x00,0x00,0x00,0x00,0x00,0x00,0x00,0x00,
    0x00,0x00,0x00,0x00,0x00,0x00,0x00,0x00,0x00,0x00,0x00,0x00,0x00,0x00,0x00,0x00,0x00,0x00,0x00,0x00,0x00,0x00,0x00,0x00,
    0x00,0x00,0x00,0x00,0x00,0x00,0x00,0x00,0x00,0x00,0x00,0x00,0x00,0x00,0x00,0x00,0x00,0x00,0x00,0x00,0x00,0x00,0x00,0x00,
    0x00,0x00,0x00,0x00,0x00,0x00,0x00,0x00,0x00,0x00,0x00,0x00,0x00,0x00,0x00,0x00,0x00,0x00,0x00,0x00,0x00,0x00,0x00,0x00,
    0x00,0x00,0x00,0x00,0x00,0x00,0x00,0x00,0x00,0x00,0x00,0x00,0x00,0x00,0x00,0x00,0x00,0x00,0x00,0x00,0x00,0x00,0x00,0x00,
    0x00,0x00,0x00,0x00,0x00,0x00,0x00,0x00,0x00,0x00,0x00,0x00,0x00,0x00,0x00,0x00,0x00,0x00,0x00,0x00,0x00,0x00,0x00,0x00,
    0x00,0x00,0x00,0x00,0x00,0x00,0x00,0x00,0x00,0x00,0x00,0x00,0x00,0x00,0x00,0x00,0x00,0x00,0x00,0x00,0x01,0x01,0x01,0x01,
    0x00,0x00,0x00,0x00,0x00,0x00,0x00,0x00,0x00,0x00,0x00,0x00,0x00,0x00,0x00,0x00,0x00,0x00,0x00,0x00,0x00,0x00,0x00,0x00,
    0x00,0x00,0x00,0x00,0x00,0x00,0x00,0x00,0x00,0x00,0x00,0x00,0x00,0x00,0x00,0x00,0x00,0x00,0x00,0x00,0x00,0x00,0x00,0x00,
    0x00,0x00,0x00,0x00,0x00,0x00,0x00,0x00,0x00,0x01,0x03,0x03,0x00,0x00,0x00,0x00,0x03,0x04,0x01,0x00,0x00,0x00,0x00,0x00,
    0x00,0x00,0x00,0x00,0x00,0x00,0x00,0x00,0x00,0x00,0x00,0x00,0x00,0x00,0x00,0x00,0x00,0x00,0x00,0x00,0x00,0x00,0x00,0x00,
    0x00,0x00,0x00,0x00,0x00,0x00,0x00,0x00,0x00,0x00,0x00,0x00,0x00,0x00,0x00,0x00,0x00,0x00,0x00,0x00,0x00,0x00,0x00,0x00,
    0x03,0x00,0x00,0x00,0x03,0x10,0x10,0x09,0x00,0x00,0x00,0x03,0x00,0x00,0x00,0x00,0x00,0x00,0x00,0x00,0x00,0x00,0x00,0x00,
    0x00,0x00,0x00,0x00,0x00,0x00,0x00,0x00,0x00,0x00,0x00,0x00,0x00,0x00,0x00,0x00,0x00,0x00,0x00,0x00,0x00,0x00,0x00,0x00,
    0x00,0x00,0x00,0x00,0x00,0x00,0x00,0x00,0x00,0x00,0x00,0x00,0x00,0x00,0x00,0x03,0x00,0x06,0x5e,0x9e,0xd5,0xee,0xee,0xe1,
    0xad,0x70,0x16,0x00,0x01,0x01,0x00,0x00,0x00,0x00,0x00,0x00,0x00,0x00,0x00,0x00,0x00,0x00,0x00,0x00,0x00,0x00,0x00,0x00,
    0x00,0x00,0x00,0x00,0x00,0x00,0x00,0x00,0x00,0x00,0x00,0x00,0x00,0x00,0x00,0x00,0x00,0x00,0x00,0x00,0x00,0x00,0x00,0x00,
    0x00,0x00,0x00,0x00,0x00,0x01,0x02,0x00,0x57,0xd4,0xff,0xff,0xff,0xff,0xff,0xff,0xff,0xff,0xe9,0x7d,0x00,0x00,0x02,0x00,
    0x00,0x00,0x00,0x00,0x00,0x00,0x00,0x00,0x00,0x00,0x00,0x00,0x00,0x00,0x00,0x00,0x00,0x00,0x00,0x00,0x00,0x00,0x00,0x00,
    0x00,0x00,0x00,0x00,0x00,0x00,0x00,0x00,0x00,0x00,0x00,0x00,0x00,0x00,0x00,0x00,0x00,0x00,0x00,0x00,0x01,0x01,0x00,0x8f,
    0xff,0xff,0xfb,0xfb,0xfd,0xfe,0xfe,0xfd,0xfc,0xfb,0xff,0xff,0xb8,0x12,0x00,0x02,0x00,0x00,0x00,0x00,0x00,0x00,0x00,0x00,
    0x00,0x00,0x00,0x00,0x00,0x00,0x00,0x00,0x00,0x00,0x00,0x00,0x00,0x00,0x00,0x00,0x00,0x00,0x00,0x00,0x00,0x00,0x00,0x00,
    0x00,0x00,0x00,0x00,0x00,0x00,0x00,0x00,0x00,0x00,0x00,0x00,0x03,0x01,0x9a,0xff,0xfc,0xfd,0xff,0xff,0xff,0xff,0xff,0xff,
    0xff,0xff,0xfe,0xfa,0xff,0xca,0x13,0x02,0x01,0x00,0x00,0x00,0x00,0x00,0x00,0x00,0x00,0x00,0x00,0x00,0x00,0x00,0x00,0x00,
    0x00,0x00,0x00,0x00,0x00,0x00,0x00,0x00,0x00,0x00,0x00,0x00,0x00,0x00,0x00,0x00,0x00,0x00,0x00,0x00,0x00,0x00,0x00,0x00,
    0x00,0x01,0x01,0x04,0x00,0x7f,0xff,0xf9,0xff,0xff,0xff,0xff,0xff,0xff,0xff,0xff,0xff,0xff,0xff,0xff,0xfa,0xff,0xbb,0x00,
    0x03,0x00,0x00,0x00,0x00,0x00,0x00,0x00,0x00,0x00,0x00,0x00,0x00,0x00,0x00,0x00,0x00,0x00,0x00,0x00,0x00,0x00,0x00,0x00,
    0x00,0x00,0x00,0x00,0x00,0x00,0x00,0x00,0x00,0x00,0x00,0x00,0x00,0x00,0x01,0x04,0x02,0x00,0x00,0x00,0x32,0xfa,0xfb,0xfe,
    0xff,0xff,0xff,0xff,0xff,0xff,0xff,0xff,0xff,0xff,0xff,0xff,0xff,0xfa,0xff,0x6b,0x00,0x03,0x00,0x00,0x00,0x00,0x00,0x00,
    0x00,0x00,0x00,0x00,0x00,0x00,0x00,0x00,0x00,0x00,0x00,0x00,0x00,0x00,0x00,0x00,0x00,0x00,0x00,0x00,0x00,0x00,0x00,0x00,
    0x00,0x00,0x00,0x00,0x00,0x03,0x00,0x00,0x00,0x0f,0x13,0x14,0xc2,0xff,0xfc,0xff,0xff,0xff,0xff,0xff,0xff,0xff,0xff,0xff,
    0xff,0xff,0xff,0xff,0xff,0xfe,0xfd,0xee,0x15,0x01,0x01,0x00,0x00,0x00,0x00,0x00,0x00,0x00,0x00,0x00,0x00,0x00,0x00,0x00,
    0x00,0x00,0x00,0x00,0x00,0x00,0x00,0x00,0x00,0x00,0x00,0x00,0x00,0x00,0x00,0x00,0x00,0x00,0x00,0x01,0x01,0x00,0x16,0x74,
    0xbc,0xeb,0xee,0xf0,0xff,0xfe,0xff,0xff,0xff,0xff,0xff,0xff,0xff,0xff,0xff,0xff,0xff,0xff,0xff,0xff,0xff,0xff,0xfc,0xff,
    0x60,0x02,0x08,0x02,0x00,0x00,0x00,0x00,0x00,0x00,0x00,0x00,0x00,0x00,0x00,0x00,0x00,0x00,0x00,0x00,0x00,0x00,0x00,0x00,
    0x00,0x00,0x00,0x00,0x00,0x00,0x00,0x00,0x00,0x00,0x01,0x00,0x00,0x7c,0xe9,0xff,0xff,0xff,0xff,0xff,0xfe,0xff,0xff,0xff,
    0xff,0xff,0xff,0xff,0xff,0xff,0xff,0xff,0xff,0xff,0xff,0xff,0xff,0xff,0xfc,0xfe,0xb5,0x00,0x00,0x00,0x03,0x00,0x00,0x00,
    0x00,0x00,0x00,0x00,0x00,0x00,0x00,0x00,0x00,0x00,0x00,0x00,0x00,0x00,0x00,0x00,0x00,0x00,0x00,0x00,0x00,0x00,0x00,0x00,
    0x00,0x01,0x01,0x13,0xb8,0xff,0xff,0xfb,0xfc,0xfe,0xfe,0xfe,0xff,0xff,0xff,0xff,0xff,0xff,0xff,0xff,0xff,0xff,0xff,0xff,
    0xff,0xff,0xff,0xff,0xff,0xff,0xff,0xff,0xf9,0xbc,0x74,0x22,0x00,0x02,0x00,0x00,0x00,0x00,0x00,0x00,0x00,0x00,0x00,0x00,
    0x00,0x00,0x00,0x00,0x00,0x00,0x00,0x00,0x00,0x00,0x00,0x00,0x00,0x00,0x00,0x00,0x00,0x03,0x02,0xbb,0xff,0xf9,0xfe,0xff,
    0xff,0xff,0xff,0xff,0xff,0xff,0xff,0xff,0xff,0xff,0xff,0xff,0xff,0xff,0xff,0xff,0xff,0xff,0xff,0xff,0xff,0xff,0xff,0xff,
    0xff,0xff,0xff,0xf0,0x6d,0x00,0x02,0x01,0x00,0x00,0x00,0x00,0x00,0x00,0x00,0x00,0x00,0x00,0x00,0x00,0x00,0x00,0x00,0x00,
    0x00,0x00,0x00,0x00,0x00,0x00,0x00,0x00,0x03,0x00,0x7a,0xff,0xf9,0xff,0xff,0xff,0xff,0xff,0xff,0xff,0xff,0xff,0xff,0xff,
    0xff,0xff,0xff,0xff,0xff,0xff,0xff,0xff,0xff,0xff,0xff,0xff,0xff,0xff,0xff,0xff,0xff,0xfc,0xfb,0xff,0xff,0x9a,0x01,0x03,
    0x00,0x00,0x00,0x00,0x00,0x00,0x00,0x00,0x00,0x00,0x00,0x00,0x00,0x00,0x00,0x00,0x00,0x00,0x00,0x00,0x00,0x00,0x00,0x01,
    0x01,0x15,0xed,0xfd,0xfe,0xff,0xff,0xff,0xff,0xff,0xff,0xff,0xff,0xff,0xff,0xff,0xff,0xff,0xff,0xff,0xff,0xff,0xff,0xff,
    0xff,0xff,0xff,0xff,0xff,0xff,0xff,0xff,0xff,0xff,0xff,0xfe,0xf9,0xff,0x7f,0x00,0x03,0x00,0x00,0x00,0x00,0x00,0x00,0x00,
    0x00,0x00,0x00,0x00,0x00,0x00,0x00,0x00,0x00,0x00,0x00,0x00,0x00,0x00,0x00,0x04,0x00,0x76,0xff,0xfb,0xff,0xff,0xff,0xff,
    0xff,0xff,0xff,0xff,0xff,0xff,0xff,0xff,0xff,0xff,0xff,0xff,0xff,0xff,0xff,0xff,0xff,0xff,0xff,0xff,0xff,0xff,0xff,0xff,
    0xff,0xff,0xff,0xff,0xfe,0xfb,0xfa,0x34,0x00,0x02,0x00,0x00,0x00,0x00,0x00,0x00,0x00,0x00,0x00,0x00,0x00,0x00,0x00,0x00,
    0x00,0x00,0x00,0x00,0x00,0x00,0x00,0x02,0x04,0xc0,0xfe,0xfc,0xff,0xff,0xff,0xff,0xff,0xff,0xff,0xff,0xff,0xff,0xff,0xff,
    0xff,0xff,0xff,0xff,0xff,0xff,0xff,0xff,0xff,0xff,0xff,0xff,0xff,0xff,0xff,0xff,0xff,0xff,0xff,0xff,0xff,0xfb,0xff,0xa4,
    0x00,0x03,0x00,0x00,0x00,0x00,0x00,0x00,0x00,0x00,0x00,0x00,0x00,0x00,0x00,0x00,0x00,0x00,0x00,0x00,0x00,0x00,0x01,0x01,
    0x01,0xea,0xff,0xfe,0xff,0xff,0xff,0xff,0xff,0xff,0xff,0xff,0xff,0xff,0xff,0xff,0xff,0xff,0xff,0xff,0xff,0xff,0xff,0xff,
    0xff,0xff,0xff,0xff,0xff,0xff,0xff,0xff,0xff,0xff,0xff,0xff,0xff,0xfe,0xff,0xe4,0x0a,0x00,0x01,0x00,0x00,0x00,0x00,0x00,
    0x00,0x00,0x00,0x00,0x00,0x00,0x00,0x00,0x00,0x00,0x00,0x00,0x00,0x01,0x01,0x00,0x81,0xfb,0xfe,0xff,0xff,0xff,0xff,0xff,
    0xff,0xff,0xff,0xff,0xff,0xff,0xff,0xff,0xff,0xff,0xff,0xff,0xff,0xff,0xff,0xff,0xff,0xff,0xff,0xff,0xff,0xff,0xff,0xff,
    0xff,0xff,0xff,0xff,0xff,0xff,0xfe,0xfc,0x35,0x00,0x03,0x00,0x00,0x00,0x00,0x00,0x00,0x00,0x00,0x00,0x00,0x00,0x00,0x00,
    0x00,0x00,0x00,0x00,0x00,0x03,0x01,0x9a,0xff,0xfd,0xff,0xff,0xff,0xff,0xff,0xff,0xff,0xff,0xff,0xff,0xff,0xff,0xff,0xff,
    0xff,0xff,0xff,0xff,0xff,0xff,0xff,0xff,0xff,0xff,0xff,0xff,0xff,0xff,0xff,0xff,0xff,0xff,0xff,0xff,0xff,0xff,0xfd,0xff,
    0x44,0x00,0x03,0x00,0x00,0x00,0x00,0x00,0x00,0x00,0x00,0x00,0x00,0x00,0x00,0x00,0x00,0x00,0x00,0x00,0x03,0x00,0x7f,0xff,
    0xf9,0xff,0xff,0xff,0xff,0xff,0xff,0xff,0xff,0xff,0xff,0xff,0xff,0xff,0xff,0xff,0xff,0xff,0xff,0xff,0xff,0xff,0xff,0xff,
    0xff,0xff,0xff,0xff,0xff,0xff,0xff,0xff,0xff,0xff,0xff,0xff,0xff,0xff,0xfd,0xfe,0x3e,0x00,0x03,0x00,0x00,0x00,0x00,0x00,
    0x00,0x00,0x00,0x00,0x00,0x00,0x00,0x00,0x00,0x00,0x00,0x02,0x00,0x29,0xfa,0xfc,0xfe,0xff,0xff,0xff,0xff,0xff,0xff,0xff,
    0xff,0xff,0xff,0xff,0xff,0xff,0xff,0xff,0xff,0xff,0xff,0xff,0xff,0xff,0xff,0xff,0xff,0xff,0xff,0xff,0xff,0xff,0xff,0xff,
    0xff,0xff,0xff,0xff,0xff,0xfe,0xff,0xee,0x13,0x00,0x01,0x00,0x00,0x00,0x00,0x00,0x00,0x00,0x00,0x00,0x00,0x00,0x00,0x00,
    0x00,0x00,0x00,0x04,0x00,0x8d,0xff,0xfb,0xff,0xff,0xff,0xff,0xff,0xff,0xff,0xff,0xff,0xff,0xff,0xff,0xff,0xff,0xff,0xff,
    0xff,0xff,0xff,0xff,0xff,0xff,0xff,0xff,0xff,0xff,0xff,0xff,0xff,0xff,0xff,0xff,0xff,0xff,0xff,0xff,0xff,0xfc,0xfe,0xb8,
    0x00,0x03,0x00,0x00,0x00,0x00,0x00,0x00,0x00,0x00,0x00,0x00,0x00,0x00,0x00,0x00,0x00,0x00,0x00,0x01,0x04,0xcd,0xfe,0xfd,
    0xff,0xff,0xff,0xff,0xff,0xff,0xff,0xff,0xff,0xff,0xff,0xff,0xff,0xff,0xff,0xff,0xff,0xff,0xff,0xff,0xff,0xff,0xff,0xff,
    0xff,0xff,0xff,0xff,0xff,0xff,0xff,0xff,0xff,0xff,0xff,0xff,0xff,0xfa,0xff,0x51,0x00,0x03,0x00,0x00,0x00,0x00,0x00,0x00,
    0x00,0x00,0x00,0x00,0x00,0x00,0x00,0x00,0x00,0x00,0x01,0x00,0x11,0xee,0xff,0xfe,0xff,0xff,0xff,0xff,0xff,0xff,0xff,0xff,
    0xff,0xff,0xff,0xff,0xff,0xff,0xff,0xff,0xff,0xff,0xff,0xff,0xff,0xff,0xff,0xff,0xff,0xff,0xff,0xff,0xff,0xff,0xff,0xff,
    0xff,0xff,0xff,0xff,0xf9,0xff,0xaa,0x00,0x03,0x00,0x00,0x00,0x00,0x00,0x00,0x00,0x00,0x00,0x00,0x00,0x00,0x00,0x00,0x00,
    0x00,0x00,0x01,0x00,0x12,0xf0,0xff,0xfe,0xff,0xff,0xff,0xff,0xff,0xff,0xff,0xff,0xff,0xff,0xff,0xff,0xff,0xff,0xff,0xff,
    0xff,0xff,0xff,0xff,0xff,0xff,0xff,0xff,0xff,0xff,0xff,0xff,0xff,0xff,0xff,0xff,0xff,0xff,0xff,0xfc,0xff,0xca,0x12,0x02,
    0x01,0x00,0x00,0x00,0x00,0x00,0x00,0x00,0x00,0x00,0x00,0x00,0x00,0x00,0x00,0x00,0x00,0x00,0x00,0x01,0x08,0xd9,0xff,0xfd,
    0xff,0xff,0xff,0xff,0xff,0xff,0xff,0xff,0xff,0xff,0xff,0xff,0xff,0xff,0xff,0xff,0xff,0xff,0xff,0xff,0xff,0xff,0xff,0xff,
    0xff,0xff,0xff,0xff,0xff,0xff,0xff,0xff,0xff,0xff,0xfd,0xff,0xaa,0x11,0x00,0x02,0x00,0x00,0x00,0x00,0x00,0x00,0x00,0x00,
    0x00,0x00,0x00,0x00,0x00,0x00,0x00,0x00,0x00,0x00,0x00,0x03,0x00,0xa1,0xfe,0xfb,0xff,0xff,0xff,0xff,0xff,0xff,0xff,0xff,
    0xff,0xff,0xff,0xff,0xff,0xff,0xff,0xff,0xff,0xff,0xff,0xff,0xff,0xff,0xff,0xff,0xff,0xff,0xff,0xff,0xff,0xff,0xff,0xff,
    0xff,0xfd,0xfd,0xdd,0x00,0x00,0x02,0x00,0x00,0x00,0x00,0x00,0x00,0x00,0x00,0x00,0x00,0x00,0x00,0x00,0x00,0x00,0x00,0x00,
    0x00,0x00,0x00,0x03,0x00,0x42,0xff,0xfb,0xff,0xff,0xff,0xff,0xff,0xff,0xff,0xff,0xff,0xff,0xff,0xff,0xff,0xff,0xff,0xff,
    0xff,0xff,0xff,0xff,0xff,0xff,0xff,0xff,0xff,0xff,0xff,0xff,0xff,0xff,0xff,0xff,0xff,0xfa,0xff,0x7f,0x00,0x05,0x00,0x00,
    0x00,0x00,0x00,0x00,0x00,0x00,0x00,0x00,0x00,0x00,0x00,0x00,0x00,0x00,0x00,0x00,0x00,0x00,0x00,0x00,0x03,0x00,0xaa,0xff,
    0xf9,0xff,0xff,0xff,0xff,0xff,0xff,0xff,0xff,0xff,0xff,0xff,0xff,0xff,0xff,0xff,0xff,0xff,0xff,0xff,0xff,0xff,0xff,0xff,
    0xff,0xff,0xff,0xff,0xff,0xff,0xff,0xff,0xfb,0xff,0xde,0x0f,0x02,0x01,0x00,0x00,0x00,0x00,0x00,0x00,0x00,0x00,0x00,0x00,
    0x00,0x00,0x00,0x00,0x00,0x00,0x00,0x00,0x00,0x00,0x00,0x00,0x01,0x02,0x12,0xca,0xff,0xfa,0xfc,0xfe,0xff,0xff,0xff,0xff,
    0xff,0xff,0xff,0xff,0xff,0xff,0xff,0xff,0xff,0xff,0xff,0xff,0xff,0xff,0xff,0xff,0xff,0xff,0xff,0xff,0xff,0xfe,0xfd,0xfa,
    0xff,0xee,0x34,0x00,0x02,0x00,0x00,0x00,0x00,0x00,0x00,0x00,0x00,0x00,0x00,0x00,0x00,0x00,0x00,0x00,0x00,0x00,0x00,0x00,
    0x00,0x00,0x00,0x00,0x00,0x02,0x00,0x12,0xb8,0xff,0xff,0xff,0xfd,0xfd,0xfd,0xfd,0xfd,0xfd,0xfd,0xfd,0xfd,0xfd,0xfd,0xfd,
    0xff,0xff,0xff,0xff,0xff,0xff,0xff,0xff,0xfe,0xfc,0xfd,0xfd,0xfd,0xff,0xff,0xff,0xd9,0x35,0x00,0x03,0x00,0x00,0x00,0x00,
    0x00,0x00,0x00,0x00,0x00,0x00,0x00,0x00,0x00,0x00,0x00,0x00,0x00,0x00,0x00,0x00,0x00,0x00,0x00,0x00,0x00,0x00,0x02,0x00,
    0x00,0x62,0xc6,0xf4,0xff,0xff,0xff,0xff,0xff,0xff,0xff,0xff,0xff,0xff,0xff,0xff,0xfe,0xff,0xff,0xff,0xff,0xff,0xff,0xfe,
    0xff,0xff,0xff,0xff,0xff,0xfb,0xd5,0x80,0x0f,0x00,0x03,0x00,0x00,0x00,0x00,0x00,0x00,0x00,0x00,0x00,0x00,0x00,0x00,0x00,
    0x00,0x00,0x00,0x00,0x00,0x00,0x00,0x00,0x00,0x00,0x00,0x00,0x00,0x00,0x00,0x01,0x01,0x00,0x00,0x1d,0x41,0x41,0x41,0x41,
    0x41,0x41,0x41,0x41,0x41,0x42,0x43,0x46,0xe8,0xff,0xfe,0xff,0xff,0xff,0xfd,0xfe,0xec,0x55,0x42,0x42,0x41,0x29,0x03,0x00,
    0x00,0x02,0x00,0x00,0x00,0x00,0x00,0x00,0x00,0x00,0x00,0x00,0x00,0x00,0x00,0x00,0x00,0x00,0x00,0x00,0x00,0x00,0x00,0x00,
    0x00,0x00,0x00,0x00,0x00,0x00,0x00,0x00,0x00,0x03,0x01,0x00,0x00,0x00,0x00,0x00,0x00,0x00,0x00,0x00,0x00,0x00,0x00,0x72,
    0xfe,0xfc,0xff,0xff,0xff,0xfe,0xfb,0xff,0x44,0x00,0x00,0x00,0x00,0x00,0x00,0x03,0x01,0x00,0x00,0x00,0x00,0x00,0x00,0x00,
    0x00,0x00,0x00,0x00,0x00,0x00,0x00,0x00,0x00,0x00,0x00,0x00,0x00,0x00,0x00,0x00,0x00,0x00,0x00,0x00,0x00,0x00,0x00,0x00,
    0x00,0x00,0x00,0x02,0x03,0x03,0x03,0x03,0x03,0x03,0x03,0x03,0x05,0x03,0x35,0xfd,0xfe,0xfe,0xff,0xff,0xff,0xfd,0xff,0x68,
    0x00,0x07,0x04,0x04,0x04,0x02,0x01,0x00,0x00,0x00,0x00,0x00,0x00,0x00,0x00,0x00,0x00,0x00,0x00,0x00,0x00,0x00,0x00,0x00,
    0x00,0x00,0x00,0x00,0x00,0x00,0x00,0x00,0x00,0x00,0x00,0x00,0x00,0x00,0x00,0x00,0x00,0x00,0x00,0x00,0x00,0x00,0x00,0x00,
    0x00,0x00,0x00,0x00,0x03,0x00,0xc2,0xff,0xfc,0xff,0xff,0xff,0xfd,0xff,0x94,0x00,0x00,0x00,0x00,0x00,0x00,0x00,0x00,0x00,
    0x00,0x00,0x00,0x00,0x00,0x00,0x00,0x00,0x00,0x00,0x00,0x00,0x00,0x00,0x00,0x00,0x00,0x00,0x00,0x00,0x00,0x00,0x00,0x00,
    0x00,0x00,0x00,0x00,0x00,0x00,0x00,0x00,0x00,0x00,0x00,0x00,0x00,0x00,0x00,0x00,0x00,0x00,0x00,0x03,0x00,0x6b,0xff,0xfc,
    0xff,0xff,0xff,0xfd,0xff,0xc4,0x0e,0x14,0x11,0x10,0x11,0x0e,0x19,0x08,0x00,0x00,0x00,0x00,0x00,0x00,0x00,0x00,0x00,0x00,
    0x00,0x00,0x00,0x00,0x00,0x00,0x00,0x00,0x00,0x00,0x00,0x00,0x00,0x00,0x00,0x00,0x00,0x00,0x00,0x00,0x00,0x00,0x00,0x00,
    0x00,0x00,0x00,0x00,0x00,0x00,0x00,0x00,0x00,0x00,0x02,0x01,0x22,0xf2,0xfd,0xfe,0xff,0xff,0xff,0xff,0xff,0xf1,0xef,0xef,
    0xee,0xef,0xeb,0xf6,0xb9,0x10,0x02,0x01,0x00,0x00,0x00,0x00,0x00,0x00,0x00,0x00,0x00,0x00,0x00,0x00,0x00,0x00,0x00,0x00,
    0x00,0x00,0x00,0x00,0x00,0x00,0x00,0x00,0x00,0x00,0x00,0x00,0x00,0x00,0x00,0x00,0x00,0x00,0x00,0x00,0x00,0x00,0x00,0x00,
    0x00,0x00,0x03,0x00,0xab,0xff,0xfc,0xff,0xff,0xff,0xff,0xff,0xff,0xff,0xff,0xff,0xff,0xff,0xff,0xce,0x16,0x00,0x01,0x00,
    0x00,0x00,0x00,0x00,0x00,0x00,0x00,0x00,0x00,0x00,0x00,0x00,0x00,0x00,0x00,0x00,0x00,0x00,0x00,0x00,0x00,0x00,0x00,0x00,
    0x00,0x00,0x00,0x00,0x00,0x00,0x00,0x00,0x00,0x00,0x00,0x00,0x00,0x00,0x00,0x00,0x00,0x03,0x00,0x56,0xff,0xfb,0xff,0xff,
    0xff,0xff,0xff,0xff,0xff,0xfe,0xfe,0xfe,0xfa,0xff,0xc9,0x10,0x00,0x02,0x00,0x00,0x00,0x00,0x00,0x00,0x00,0x00,0x00,0x00,
    0x00,0x00,0x00,0x00,0x00,0x00,0x00,0x00,0x00,0x00,0x00,0x00,0x00,0x00,0x00,0x00,0x00,0x00,0x00,0x00,0x00,0x00,0x00,0x00,
    0x00,0x00,0x00,0x00,0x00,0x00,0x00,0x00,0x01,0x00,0x0e,0xe7,0xfb,0xfb,0xfd,0xfd,0xfd,0xfe,0xff,0xff,0xff,0xff,0xff,0xfb,
    0xff,0xca,0x11,0x00,0x02,0x00,0x00,0x00,0x00,0x00,0x00,0x00,0x00,0x00,0x00,0x00,0x00,0x00,0x00,0x00,0x00,0x00,0x00,0x00,
    0x00,0x00,0x00,0x00,0x00,0x00,0x00,0x00,0x00,0x00,0x00,0x00,0x00,0x00,0x00,0x00,0x00,0x00,0x00,0x00,0x00,0x00,0x00,0x00,
    0x03,0x02,0xa0,0xff,0xff,0xff,0xff,0xff,0xff,0xff,0xfe,0xff,0xff,0xff,0xfb,0xff,0xca,0x11,0x00,0x02,0x00,0x00,0x00,0x00,
    0x00,0x00,0x00,0x00,0x00,0x00,0x00,0x00,0x00,0x00,0x00,0x00,0x00,0x00,0x00,0x00,0x00,0x00,0x00,0x00,0x00,0x00,0x00,0x00,
    0x00,0x00,0x00,0x00,0x00,0x00,0x00,0x00,0x00,0x00,0x00,0x00,0x00,0x00,0x00,0x00,0x00,0x03,0x41,0x40,0x41,0x41,0x41,0x43,
    0x42,0x67,0xfb,0xfe,0xff,0xfb,0xff,0xca,0x11,0x00,0x02,0x00,0x00,0x00,0x00,0x00,0x00,0x00,0x00,0x00,0x00,0x00,0x00,0x00,
    0x00,0x00,0x00,0x00,0x00,0x00,0x00,0x00,0x00,0x00,0x00,0x00,0x00,0x00,0x00,0x00,0x00,0x00,0x00,0x00,0x00,0x00,0x00,0x00,
    0x00,0x00,0x00,0x00,0x00,0x00,0x00,0x00,0x00,0x00,0x00,0x00,0x00,0x00,0x00,0x00,0x00,0x80,0xff,0xfb,0xfb,0xff,0xca,0x11,
    0x00,0x02,0x00,0x00,0x00,0x00,0x00,0x00,0x00,0x00,0x00,0x00,0x00,0x00,0x00,0x00,0x00,0x00,0x00,0x00,0x00,0x00,0x00,0x00,
    0x00,0x00,0x00,0x00,0x00,0x00,0x00,0x00,0x00,0x00,0x00,0x00,0x00,0x00,0x00,0x00,0x00,0x00,0x00,0x00,0x00,0x00,0x00,0x00,
    0x00,0x00,0x03,0x03,0x03,0x03,0x04,0x04,0x0f,0xe9,0xff,0xfa,0xff,0xca,0x11,0x00,0x02,0x00,0x00,0x00,0x00,0x00,0x00,0x00,
    0x00,0x00,0x00,0x00,0x00,0x00,0x00,0x00,0x00,0x00,0x00,0x00,0x00,0x00,0x00,0x00,0x00,0x00,0x00,0x00,0x00,0x00,0x00,0x00,
    0x00,0x00,0x00,0x00,0x00,0x00,0x00,0x00,0x00,0x00,0x00,0x00,0x00,0x00,0x00,0x00,0x00,0x00,0x00,0x00,0x00,0x00,0x04,0x00,
    0x59,0xff,0xf7,0xff,0xca,0x11,0x00,0x02,0x00,0x00,0x00,0x00,0x00,0x00,0x00,0x00,0x00,0x00,0x00,0x00,0x00,0x00,0x00,0x00,
    0x00,0x00,0x00,0x00,0x00,0x00,0x00,0x00,0x00,0x00,0x00,0x00,0x00,0x00,0x00,0x00,0x00,0x00,0x00,0x00,0x00,0x00,0x00,0x00,
    0x00,0x00,0x00,0x00,0x00,0x00,0x00,0x00,0x00,0x00,0x00,0x00,0x00,0x00,0x02,0x00,0xbe,0xfd,0xff,0xca,0x11,0x00,0x02,0x00,
    0x00,0x00,0x00,0x00,0x00,0x00,0x00,0x00,0x00,0x00,0x00,0x00,0x00,0x00,0x00,0x00,0x00,0x00,0x00,0x00,0x00,0x00,0x00,0x00,
    0x00,0x00,0x00,0x00,0x00,0x00,0x00,0x00,0x00,0x00,0x00,0x00,0x00,0x00,0x00,0x00,0x00,0x00,0x00,0x00,0x00,0x00,0x00,0x00,
    0x00,0x00,0x00,0x00,0x00,0x02,0x00,0x2b,0xf8,0xff,0xca,0x11,0x00,0x02,0x00,0x00,0x00,0x00,0x00,0x00,0x00,0x00,0x00,0x00,
    0x00,0x00,0x00,0x00,0x00,0x00,0x00,0x00,0x00,0x00,0x00,0x00,0x00,0x00,0x00,0x00,0x00,0x00,0x00,0x00,0x00,0x00,0x00,0x00,
    0x00,0x00,0x00,0x00,0x00,0x00,0x00,0x00,0x00,0x00,0x00,0x00,0x00,0x00,0x00,0x00,0x00,0x00,0x00,0x00,0x00,0x04,0x00,0x87,
    0xff,0xc7,0x11,0x00,0x02,0x00,0x00,0x00,0x00,0x00,0x00,0x00,0x00,0x00,0x00,0x00,0x00,0x00,0x00,0x00,0x00,0x00,0x00,0x00,
    0x00,0x00,0x00,0x00,0x00,0x00,0x00,0x00,0x00,0x00,0x00,0x00,0x00,0x00,0x00,0x00,0x00,0x00,0x00,0x00,0x00,0x00,0x00,0x00,
    0x00,0x00,0x00,0x00,0x00,0x00,0x00,0x00,0x00,0x00,0x00,0x00,0x01,0x01,0x06,0xf3,0xcc,0x10,0x00,0x02,0x00,0x00,0x00,0x00,
    0x00,0x00,0x00,0x00,0x00,0x00,0x00,0x00,0x00,0x00,0x00,0x00,0x00,0x00,0x00,0x00,0x00,0x00,0x00,0x00,0x00,0x00,0x00,0x00,
    0x00,0x00,0x00,0x00,0x00,0x00,0x00,0x00,0x00,0x00,0x00,0x00,0x00,0x00,0x00,0x00,0x00,0x00,0x00,0x00,0x00,0x00,0x00,0x00,
    0x00,0x00,0x00,0x00,0x04,0x00,0x6a,0xdc,0x11,0x00,0x02,0x00,0x00,0x00,0x00,0x00,0x00,0x00,0x00,0x00,0x00,0x00,0x00,0x00,
    0x00,0x00,0x00,0x00,0x00,0x00,0x00,0x00,0x00,0x00,0x00,0x00,0x00,0x00,0x00,0x00,0x00,0x00,0x00,0x00,0x00,0x00,0x00,0x00,
    0x00,0x00,0x00,0x00,0x00,0x00,0x00,0x00,0x00,0x00,0x00,0x00,0x00,0x00,0x00,0x00,0x00,0x00,0x00,0x00,0x01,0x0a,0x8c,0x1a,
    0x00,0x02,0x00,0x00,0x00,0x00,0x00,0x00,0x00,0x00,0x00,0x00,0x00,0x00,0x00,0x00,0x00,0x00,0x00,0x00,0x00,0x00,0x00,0x00,
    0x00,0x00,0x00,0x00,0x00,0x00,0x00,0x00,0x00,0x00,0x00,0x00,0x00,0x00,0x00,0x00,0x00,0x00,0x00,0x00,0x00,0x00,0x00,0x00,
    0x00,0x00,0x00,0x00,0x00,0x00,0x00,0x00,0x00,0x00,0x00,0x00,0x00,0x0a,0x0d,0x00,0x02,0x00,0x00,0x00,0x00,0x00,0x00,0x00,
    0x00,0x00,0x00,0x00,0x00,0x00,0x00,0x00,0x00,0x00,0x00,0x00,0x00,0x00,0x00,0x00,0x00,0x00,0x00,0x00,0x00,0x00,0x00,0x00,
};

const lv_image_dsc_t weather_icon_thunderstorm = {
    .header = {
        .magic = LV_IMAGE_HEADER_MAGIC,
        .cf = LV_COLOR_FORMAT_RGB565A8,
        .flags = 0,
        .w = 64,
        .h = 64,
        .stride = 128,
        .reserved_2 = 0,
    },
    .data_size = sizeof(weather_icon_thunderstorm_map),
    .data = weather_icon_thunderstorm_map,
    .reserved = NULL,
};

static const WEATHER_ICON_ALIGN uint8_t weather_icon_snow_map[] = {
    0x00,0x00,0x00,0x00,0x00,0x00,0x00,0x00,0x00,0x00,0x00,0x00,0x00,0x00,0x00,0x00,0x00,0x00,0x00,0x00,0x00,0x00,0x00,0x00,
    0x00,0x00,0x00,0x00,0x00,0x00,0x00,0x00,0x00,0x00,0x00,0x00,0x00,0x00,0x00,0x00,0x00,0x00,0x00,0x00,0x00,0x00,0x00,0x00,
    0x00,0x00,0x00,0x00,0x00,0x00,0x00,0x00,0x00,0x00,0x00,0x00,0x00,0x00,0x00,0x00,0x00,0x00,0x00,0x00,0x00,0x00,0x00,0x00,
    0x00,0x00,0x00,0x00,0x00,0x00,0x00,0x00,0x00,0x00,0x00,0x00,0x00,0x00,0x00,0x00,0x00,0x00,0x00,0x00,0x00,0x00,0x00,0x00,
    0x00,0x00,0x00,0x00,0x00,0x00,0x00,0x00,0x00,0x00,0x00,0x00,0x00,0x00,0x00,0x00,0x00,0x00,0x00,0x00,0x00,0x00,0x00,0x00,
    0x00,0x00,0x00,0x00,0x00,0x00,0x00,0x00,0x00,0x00,0x00,0x00,0x00,0x00,0x00,0x00,0x00,0x00,0x00,0x00,0x00,0x00,0x00,0x00,
    0x00,0x00,0x00,0x00,0x00,0x00,0x00,0x00,0x00,0x00,0x00,0x00,0x00,0x00,0x00,0x00,0x00,0x00,0x00,0x00,0x00,0x00,0x00,0x00,
    0x00,0x00,0x00,0x00,0x00,0x00,0x00,0x00,0x00,0x00,0x00,0x00,0x00,0x00,0x00,0x00,0x00,0x00,0x00,0x00,0x00,0x00,0x00,0x00,
    0x00,0x00,0x00,0x00,0x00,0x00,0x00,0x00,0x00,0x00,0x00,0x00,0x00,0x00,0x00,0x00,0x00,0x00,0x00,0x00,0x00,0x00,0x00,0x00,
    0x00,0x00,0x00,0x00,0x00,0x00,0x00,0x00,0x00,0x00,0x00,0x00,0x00,0x00,0x00,0x00,0x00,0x00,0x00,0x00,0x00,0x00,0x00,0x00,
    0x00,0x00,0x00,0x00,0x00,0x00,0x00,0x00,0x00,0x00,0x00,0x00,0x00,0x00,0x00,0x00,0x00,0x00,0x00,0x00,0x00,0x00,0x00,0x00,
    0x00,0x00,0x00,0x00,0x00,0x00,0x00,0x00,0x00,0x00,0x00,0x00,0x00,0x00,0x00,0x00,0x00,0x00,0x00,0x00,0x00,0x00,0x00,0x00,
    0x00,0x00,0x00,0x00,0x00,0x00,0x00,0x00,0x00,0x00,0x00,0x00,0x00,0x00,0x00,0x00,0x00,0x00,0x00,0x00,0x00,0x00,0x00,0x00,
    0x00,0x00,0x00,0x00,0x00,0x00,0x00,0x00,0x00,0x00,0x00,0x00,0x00,0x00,0x00,0x00,0x00,0x00,0x00,0x00,0x00,0x00,0x00,0x00,
    0x00,0x00,0x00,0x00,0x00,0x00,0x00,0x00,0x00,0x00,0x00,0x00,0x00,0x00,0x00,0x00,0x00,0x00,0x00,0x00,0x00,0x00,0x00,0x00,
    0x00,0x00,0x00,0x00,0x00,0x00,0x00,0x00,0x00,0x00,0x00,0x00,0x00,0x00,0x00,0x00,0x00,0x00,0x00,0x00,0x00,0x00,0x00,0x00,
    0x00,0x00,0x00,0x00,0x00,0x00,0x00,0x00,0x00,0x00,0x00,0x00,0x00,0x00,0x00,0x00,0x00,0x00,0x00,0x00,0x00,0x00,0x00,0x00,
    0x00,0x00,0x00,0x00,0x00,0x00,0x00,0x00,0x00,0x00,0x00,0x00,0x00,0x00,0x00,0x00,0x00,0x00,0x00,0x00,0x00,0x00,0x00,0x00,
    0x00,0x00,0x00,0x00,0x00,0x00,0x00,0x00,0x00,0x00,0x00,0x00,0x00,0x00,0x00,0x00,0x00,0x00,0x00,0x00,0x00,0x00,0x00,0x00,
    0x00,0x00,0x00,0x00,0x00,0x00,0x00,0x00,0x00,0x00,0x00,0x00,0x00,0x00,0x00,0x00,0x00,0x00,0x00,0x00,0x00,0x00,0x00,0x00,
    0x00,0x00,0x00,0x00,0x00,0x00,0x00,0x00,0x00,0x00,0x00,0x00,0x00,0x00,0x00,0x00,0x00,0x00,0x00,0x00,0x00,0x00,0x00,0x00,
    0x00,0x00,0x00,0x00,0x00,0x00,0x00,0x00,0x00,0x00,0x00,0x00,0x00,0x00,0x00,0x00,0x00,0x00,0x00,0x00,0x00,0x00,0x00,0x00,
    0x00,0x00,0x00,0x00,0x00,0x00,0x00,0x00,0x00,0x00,0x00,0x00,0x00,0x00,0x00,0x00,0x00,0x00,0x00,0x00,0x00,0x00,0x00,0x00,
    0x00,0x00,0x00,0x00,0x00,0x00,0x00,0x00,0x00,0x00,0x00,0x00,0x00,0x00,0x00,0x00,0x00,0x00,0x00,0x00,0x00,0x00,0x00,0x00,
    0x00,0x00,0x00,0x00,0x00,0x00,0x00,0x00,0x00,0x00,0x00,0x00,0x00,0x00,0x00,0x00,0x00,0x00,0x00,0x00,0x00,0x00,0x00,0x00,
    0x00,0x00,0x00,0x00,0x00,0x00,0x00,0x00,0x00,0x00,0x00,0x00,0x00,0x00,0x00,0x00,0x00,0x00,0x00,0x00,0x00,0x00,0x00,0x00,
    0x00,0x00,0x00,0x00,0x00,0x00,0x00,0x00,0x00,0x00,0x00,0x00,0x00,0x00,0x00,0x00,0x00,0x00,0x00,0x00,0x00,0x00,0x00,0x00,
    0x00,0x00,0x00,0x00,0x00,0x00,0x00,0x00,0x00,0x00,0x00,0x00,0x00,0x00,0x00,0x00,0x00,0x00,0x00,0x00,0x00,0x00,0x00,0x00,
    0x00,0x00,0x00,0x00,0x00,0x00,0x00,0x00,0x00,0x00,0x00,0x00,0x00,0x00,0x00,0x00,0x00,0x00,0x00,0x00,0x00,0x00,0x00,0x00,
    0x00,0x00,0x00,0x00,0x00,0x00,0x00,0x00,0x00,0x00,0x00,0x00,0x00,0x00,0x00,0x00,0x00,0x00,0x00,0x00,0x00,0x00,0x00,0x00,
    0x00,0x00,0x00,0x00,0x00,0x00,0x00,0x00,0x00,0x00,0x00,0x00,0x00,0x00,0x00,0x00,0x00,0x00,0x00,0x00,0x00,0x00,0x00,0x00,
    0x00,0x00,0x00,0x00,0x00,0x00,0x00,0x00,0x00,0x00,0x00,0x00,0x00,0x00,0x00,0x00,0x00,0x00,0x00,0x00,0x00,0x00,0x00,0x00,
    0x00,0x00,0x00,0x00,0x00,0x00,0x00,0x00,0x00,0x00,0x00,0x00,0x00,0x00,0x00,0x00,0x00,0x00,0x00,0x00,0x00,0x00,0x00,0x00,
    0x00,0x00,0x00,0x00,0x00,0x00,0x00,0x00,0x00,0x00,0x00,0x00,0x00,0x00,0x00,0x00,0x00,0x00,0x00,0x00,0x00,0x00,0x00,0x00,
    0x00,0x00,0x00,0x00,0x00,0x00,0x00,0x00,0x00,0x00,0x00,0x00,0x00,0x00,0x00,0x00,0x00,0x00,0x00,0x00,0x00,0x00,0x00,0x00,
    0x00,0x00,0x00,0x00,0x00,0x00,0x00,0x00,0x00,0x00,0x00,0x00,0x00,0x00,0x00,0x00,0x00,0x00,0x00,0x00,0x00,0x00,0x00,0x00,
    0x00,0x00,0x00,0x00,0x00,0x00,0x00,0x00,0x00,0x00,0x00,0x00,0x00,0x00,0x00,0x00,0x00,0x00,0x00,0x00,0x00,0x00,0x00,0x00,
    0x00,0x00,0x00,0x00,0x00,0x00,0x00,0x00,0x00,0x00,0x00,0x00,0x00,0x00,0x00,0x00,0x00,0x00,0x00,0x00,0x00,0x00,0x00,0x00,
    0x00,0x00,0x00,0x00,0x00,0x00,0x00,0x00,0x00,0x00,0x00,0x00,0x00,0x00,0x00,0x00,0x00,0x00,0x00,0x00,0x00,0x00,0x00,0x00,
    0x00,0x00,0x00,0x00,0x00,0x00,0x00,0x00,0x00,0x00,0x00,0x00,0x00,0x00,0x00,0x00,0x00,0x00,0x00,0x00,0x00,0x00,0x00,0x00,
    0x00,0x00,0x00,0x00,0x00,0x00,0x00,0x00,0x00,0x00,0x00,0x00,0x00,0x00,0x00,0x00,0x00,0x00,0x00,0x00,0x00,0x00,0x00,0x00,
    0x00,0x00,0x00,0x00,0x00,0x00,0x00,0x00,0x00,0x00,0x00,0x00,0x00,0x00,0x00,0x00,0x00,0x00,0x00,0x00,0x00,0x00,0x00,0x00,
    0x00,0x00,0x00,0x00,0x00,0x00,0x00,0x00,0x00,0x00,0x00,0x00,0x00,0x00,0x00,0x00,0x00,0x00,0x00,0x00,0x00,0x00,0x00,0x00,
    0x00,0x00,0x00,0x00,0x00,0x00,0x00,0x00,0x00,0x00,0x00,0x00,0x00,0x00,0x00,0x00,0x00,0x00,0x00,0x00,0x00,0x00,0x00,0x00,
    0x00,0x00,0x00,0x00,0x00,0x00,0x00,0x00,0x00,0x00,0x00,0x00,0x00,0x00,0x00,0x00,0x00,0x00,0x00,0x00,0x00,0x00,0x00,0x00,
    0x00,0x00,0x00,0x00,0x00,0x00,0x00,0x00,0x00,0x00,0x00,0x00,0x00,0x00,0x00,0x00,0x00,0x00,0x00,0x00,0x00,0x00,0x00,0x00,
    0x00,0x00,0x00,0x00,0x00,0x00,0x00,0x00,0x00,0x00,0x00,0x00,0x00,0x00,0x00,0x00,0x00,0x00,0x00,0x00,0x00,0x00,0x00,0x00,
    0x00,0x00,0x00,0x00,0x00,0x00,0x00,0x00,0x00,0x00,0x00,0x00,0x00,0x00,0x00,0x00,0x00,0x00,0x00,0x00,0x00,0x00,0x00,0x00,
    0x00,0x00,0x00,0x00,0x00,0x00,0x00,0x00,0x00,0x00,0x00,0x00,0x00,0x00,0x00,0x00,0x00,0x00,0x00,0x00,0x00,0x00,0x00,0x00,
    0x00,0x00,0x00,0x00,0x00,0x00,0x00,0x00,0x00,0x00,0x00,0x00,0x00,0x00,0x00,0x00,0x00,0x00,0x00,0x00,0x00,0x00,0x00,0x00,
    0x00,0x00,0x00,0x00,0x00,0x00,0x00,0x00,0x00,0x00,0x00,0x00,0x00,0x00,0x00,0x00,0x00,0x00,0x00,0x00,0x00,0x00,0x00,0x00,
    0x00,0x00,0xff,0xff,0xff,0xff,0xff,0xff,0x00,0x00,0x00,0x00,0x00,0x00,0x00,0x00,0x00,0x00,0x00,0x00,0x00,0x00,0x00,0x00,
    0x00,0x00,0x00,0x00,0x00,0x00,0x00,0x00,0x00,0x00,0x00,0x00,0x00,0x00,0x00,0x00,0x00,0x00,0x00,0x00,0x00,0x00,0x00,0x00,
    0x00,0x00,0x00,0x00,0x00,0x00,0x00,0x00,0x00,0x00,0x00,0x00,0x00,0x00,0x00,0x00,0x00,0x00,0x00,0x00,0x00,0x00,0x00,0x00,
    0x00,0x00,0x00,0x00,0x00,0x00,0x00,0x00,0x00,0x00,0x00,0x00,0x00,0x00,0x00,0x00,0x00,0x00,0x00,0x00,0x00,0x00,0x00,0x00,
    0x00,0x00,0x00,0x00,0x00,0x00,0x00,0x00,0x00,0x00,0x00,0x00,0x00,0x00,0x00,0x00,0x00,0x00,0x00,0x00,0x00,0x00,0x00,0x00,
    0x00,0x00,0x1f,0x00,0x5f,0xad,0x5f,0xad,0x00,0x00,0x00,0x00,0x00,0x00,0x00,0x00,0x55,0xad,0xf7,0x7d,0xff,0xff,0x00,0x00,
    0x00,0x00,0x00,0x00,0x00,0x00,0x00,0x00,0x00,0x00,0x00,0x00,0x00,0x00,0x00,0x00,0x00,0x00,0x00,0x00,0x00,0x00,0x00,0x00,
    0x00,0x00,0x00,0x00,0x00,0x00,0x00,0x00,0x00,0x00,0x00,0x00,0x00,0x00,0x00,0x00,0x00,0x00,0x00,0x00,0x00,0x00,0x00,0x00,
    0x00,0x00,0x00,0x00,0x00,0x00,0x00,0x00,0x00,0x00,0x00,0x00,0x00,0x00,0x00,0x00,0x00,0x00,0x00,0x00,0x00,0x00,0x00,0x00,
    0x00,0x00,0x00,0x00,0x00,0x00,0x00,0x00,0x00,0x00,0x00,0x00,0x00,0x00,0x00,0x00,0x00,0x00,0x00,0x00,0x00,0x00,0x00,0x00,
    0x00,0x00,0x00,0x00,0x00,0x00,0x00,0x00,0x55,0xad,0x00,0x00,0x00,0x00,0x00,0x00,0x55,0xad,0xf9,0x9d,0x79,0x9d,0x58,0xad,
    0x00,0x00,0x00,0x00,0x00,0x00,0x55,0xad,0x00,0x00,0x00,0x00,0x00,0x00,0x00,0x00,0x00,0x00,0x00,0x00,0x00,0x00,0x00,0x00,
    0x00,0x00,0x00,0x00,0x00,0x00,0x00,0x00,0x00,0x00,0x00,0x00,0x00,0x00,0x00,0x00,0x00,0x00,0x00,0x00,0x00,0x00,0x00,0x00,
    0x00,0x00,0x00,0x00,0x00,0x00,0x00,0x00,0x00,0x00,0x00,0x00,0x00,0x00,0x00,0x00,0x00,0x00,0x00,0x00,0x00,0x00,0x00,0x00,
    0x00,0x00,0x00,0x00,0x00,0x00,0x00,0x00,0x00,0x00,0x00,0x00,0x00,0x00,0x00,0x00,0x00,0x00,0x00,0x00,0x00,0x00,0x00,0x00,
    0x00,0x00,0x00,0x00,0x00,0x00,0x00,0x00,0x00,0x00,0x00,0x00,0x00,0x00,0x55,0xad,0x00,0x00,0x55,0x7d,0x57,0x95,0x57,0x9d,
    0x37,0x95,0x37,0x95,0x17,0x95,0x37,0x95,0x37,0x95,0x57,0x9d,0x17,0x95,0x00,0x00,0xff,0xff,0xff,0xff,0x00,0x00,0x00,0x00,
    0x00,0x00,0x00,0x00,0x00,0x00,0x00,0x00,0x00,0x00,0x00,0x00,0x00,0x00,0x00,0x00,0x00,0x00,0x00,0x00,0x00,0x00,0x00,0x00,
    0x00,0x00,0x00,0x00,0x00,0x00,0x00,0x00,0x00,0x00,0x00,0x00,0x00,0x00,0x00,0x00,0x00,0x00,0x00,0x00,0x00,0x00,0x00,0x00,
    0x00,0x00,0x00,0x00,0x00,0x00,0x00,0x00,0x00,0x00,0x00,0x00,0x00,0x00,0x00,0x00,0x00,0x00,0x00,0x00,0x00,0x00,0x00,0x00,
    0x00,0x00,0x00,0x00,0x00,0x00,0x00,0x00,0x00,0x00,0x00,0x00,0x00,0x00,0x00,0x00,0x00,0x00,0x00,0x00,0xff,0xff,0x00,0x00,
    0x16,0x95,0x57,0x9d,0x78,0x9d,0x78,0x9d,0x57,0x9d,0x37,0x95,0x37,0x95,0x37,0x9d,0x78,0x9d,0x78,0x9d,0x37,0x9d,0x37,0x95,
    0x00,0x00,0x00,0x00,0xef,0x7b,0x00,0x00,0x00,0x00,0x00,0x00,0x00,0x00,0x00,0x00,0x00,0x00,0x00,0x00,0x00,0x00,0x00,0x00,
    0x00,0x00,0x00,0x00,0x00,0x00,0x00,0x00,0x00,0x00,0x00,0x00,0x00,0x00,0x00,0x00,0x00,0x00,0x00,0x00,0x00,0x00,0x00,0x00,
    0x00,0x00,0x00,0x00,0x00,0x00,0x00,0x00,0x00,0x00,0x00,0x00,0x00,0x00,0x00,0x00,0x00,0x00,0x00,0x00,0x00,0x00,0x00,0x00,
    0x00,0x00,0x00,0x00,0x00,0x00,0x00,0x00,0x00,0x00,0x00,0x00,0x00,0x00,0x00,0x00,0x00,0x00,0x00,0x00,0x00,0x00,0x00,0x00,
    0xff,0xff,0xff,0xff,0x00,0x00,0x37,0x95,0x58,0x9d,0x57,0x9d,0x16,0x95,0x16,0x95,0x17,0x95,0x16,0x95,0x16,0x95,0x17,0x95,
    0x17,0x95,0x16,0x95,0x37,0x95,0x78,0xa5,0x37,0x95,0xd5,0x8c,0x00,0x00,0xef,0x7b,0x00,0x00,0x00,0x00,0x00,0x00,0x00,0x00,
    0x00,0x00,0x00,0x00,0x00,0x00,0x00,0x00,0x00,0x00,0x00,0x00,0x00,0x00,0x00,0x00,0x00,0x00,0x00,0x00,0x00,0x00,0x00,0x00,
    0x00,0x00,0x00,0x00,0x00,0x00,0x00,0x00,0x00,0x00,0x00,0x00,0x00,0x00,0x00,0x00,0x00,0x00,0x00,0x00,0x00,0x00,0x00,0x00,
    0x00,0x00,0x00,0x00,0x00,0x00,0x00,0x00,0x00,0x00,0x00,0x00,0x00,0x00,0x00,0x00,0x00,0x00,0x00,0x00,0x00,0x00,0x00,0x00,
    0x00,0x00,0x00,0x00,0x00,0x00,0x00,0x00,0xff,0xaf,0xff,0xff,0x16,0x95,0x99,0xa5,0x17,0x95,0x16,0x95,0x17,0x95,0x17,0x95,
    0x17,0x95,0x17,0x95,0x17,0x95,0x17,0x95,0x17,0x95,0x17,0x95,0x16,0x95,0x16,0x95,0x98,0xa5,0x37,0x95,0x17,0x95,0xef,0x7b,
    0xff,0xff,0x00,0x00,0x00,0x00,0x00,0x00,0x00,0x00,0x00,0x00,0x00,0x00,0x00,0x00,0x00,0x00,0x00,0x00,0x00,0x00,0x00,0x00,
    0x00,0x00,0x00,0x00,0x00,0x00,0x00,0x00,0x00,0x00,0x00,0x00,0x00,0x00,0x00,0x00,0x00,0x00,0x00,0x00,0x00,0x00,0x00,0x00,
    0x00,0x00,0x00,0x00,0x00,0x00,0x00,0x00,0x00,0x00,0x00,0x00,0x00,0x00,0x00,0x00,0x00,0x00,0x00,0x00,0x00,0x00,0x00,0x00,
    0x00,0x00,0x00,0x00,0x00,0x00,0x00,0x00,0x00,0x00,0xff,0xff,0xff,0xff,0xf7,0xbd,0x00,0x00,0x16,0x95,0x99,0xa5,0x17,0x95,
    0x17,0x95,0x17,0x95,0x17,0x95,0x17,0x95,0x17,0x95,0x17,0x95,0x17,0x95,0x17,0x95,0x17,0x95,0x17,0x95,0x17,0x95,0x17,0x95,
    0x16,0x95,0x98,0xa5,0x17,0x95,0x00,0x00,0x55,0xad,0x00,0x00,0x00,0x00,0x00,0x00,0x00,0x00,0x00,0x00,0x00,0x00,0x00,0x00,
    0x00,0x00,0x00,0x00,0x00,0x00,0x00,0x00,0x00,0x00,0x00,0x00,0x00,0x00,0x00,0x00,0x00,0x00,0x00,0x00,0x00,0x00,0x00,0x00,
    0x00,0x00,0x00,0x00,0x00,0x00,0x00,0x00,0x00,0x00,0x00,0x00,0x00,0x00,0x00,0x00,0x00,0x00,0x00,0x00,0x00,0x00,0x00,0x00,
    0x00,0x00,0x00,0x00,0x00,0x00,0x00,0x00,0x00,0x00,0x00,0x00,0xff,0xff,0xff,0xff,0xff,0xff,0x00,0x00,0x00,0x00,0x00,0x00,
    0x16,0x95,0x57,0x9d,0x37,0x95,0x16,0x95,0x17,0x95,0x17,0x95,0x17,0x95,0x17,0x95,0x17,0x95,0x17,0x95,0x17,0x95,0x17,0x95,
    0x17,0x95,0x17,0x95,0x17,0x95,0x17,0x95,0x17,0x95,0x16,0x95,0x78,0x9d,0x16,0x95,0x00,0x00,0x55,0xad,0x00,0x00,0x00,0x00,
    0x00,0x00,0x00,0x00,0x00,0x00,0x00,0x00,0x00,0x00,0x00,0x00,0x00,0x00,0x00,0x00,0x00,0x00,0x00,0x00,0x00,0x00,0x00,0x00,
    0x00,0x00,0x00,0x00,0x00,0x00,0x00,0x00,0x00,0x00,0x00,0x00,0x00,0x00,0x00,0x00,0x00,0x00,0x00,0x00,0x00,0x00,0x00,0x00,
    0x00,0x00,0x00,0x00,0x00,0x00,0x00,0x00,0x00,0x00,0x00,0x00,0x00,0x00,0x00,0x00,0x00,0x00,0xff,0xff,0x00,0x00,0x00,0x00,
    0x00,0x00,0x7d,0xdf,0x3e,0xd7,0x3c,0xdf,0x37,0x95,0x78,0x9d,0x16,0x95,0x17,0x95,0x17,0x95,0x17,0x95,0x17,0x95,0x17,0x95,
    0x17,0x95,0x17,0x95,0x17,0x95,0x17,0x95,0x17,0x95,0x17,0x95,0x17,0x95,0x17,0x95,0x17,0x95,0x16,0x95,0x37,0x9d,0x37,0x95,
    0x56,0x9d,0xff,0x07,0xff,0xff,0x00,0x00,0x00,0x00,0x00,0x00,0x00,0x00,0x00,0x00,0x00,0x00,0x00,0x00,0x00,0x00,0x00,0x00,
    0x00,0x00,0x00,0x00,0x00,0x00,0x00,0x00,0x00,0x00,0x00,0x00,0x00,0x00,0x00,0x00,0x00,0x00,0x00,0x00,0x00,0x00,0x00,0x00,
    0x00,0x00,0x00,0x00,0x00,0x00,0x00,0x00,0x00,0x00,0x00,0x00,0x00,0x00,0x00,0x00,0x00,0x00,0x00,0x00,0x00,0x00,0xff,0xff,
    0xff,0xff,0x00,0x00,0x3e,0xe7,0x7e,0xef,0x7e,0xe7,0x5d,0xe7,0x5e,0xe7,0xfc,0xd6,0x37,0x95,0x16,0x95,0x17,0x95,0x17,0x95,
    0x17,0x95,0x17,0x95,0x17,0x95,0x17,0x95,0x17,0x95,0x17,0x95,0x17,0x95,0x17,0x95,0x17,0x95,0x17,0x95,0x17,0x95,0x17,0x95,
    0x37,0x95,0x37,0x95,0x16,0x95,0x78,0x9d,0x16,0x95,0xff,0xff,0xfb,0xbd,0xff,0xff,0x00,0x00,0x00,0x00,0x00,0x00,0x00,0x00,
    0x00,0x00,0x00,0x00,0x00,0x00,0x00,0x00,0x00,0x00,0x00,0x00,0x00,0x00,0x00,0x00,0x00,0x00,0x00,0x00,0x00,0x00,0x00,0x00,
    0x00,0x00,0x00,0x00,0x00,0x00,0x00,0x00,0x00,0x00,0x00,0x00,0x00,0x00,0x00,0x00,0x00,0x00,0x00,0x00,0x00,0x00,0x00,0x00,
    0x00,0x00,0x00,0x00,0xff,0xff,0x00,0x00,0x00,0x00,0x7e,0xe7,0x7e,0xef,0xdf,0xf7,0xbf,0xef,0x5e,0xe7,0x9f,0xef,0x5b,0xc6,
    0xf6,0x8c,0x37,0x95,0x17,0x95,0x17,0x95,0x17,0x95,0x17,0x95,0x17,0x95,0x17,0x95,0x17,0x95,0x17,0x95,0x17,0x95,0x17,0x95,
    0x17,0x95,0x17,0x95,0x37,0x95,0x16,0x95,0xf6,0x8c,0xf6,0x8c,0x37,0x95,0x98,0xa5,0x37,0x9d,0x00,0x00,0x00,0x00,0x00,0x00,
    0xff,0xff,0x00,0x00,0x00,0x00,0x00,0x00,0x00,0x00,0x00,0x00,0x00,0x00,0x00,0x00,0x00,0x00,0x00,0x00,0x00,0x00,0x00,0x00,
    0x00,0x00,0x00,0x00,0x00,0x00,0x00,0x00,0x00,0x00,0x00,0x00,0x00,0x00,0x00,0x00,0x00,0x00,0x00,0x00,0x00,0x00,0x00,0x00,
    0x00,0x00,0x00,0x00,0x00,0x00,0x00,0x00,0x00,0x00,0xff,0xff,0xff,0xff,0x3e,0xe7,0x7e,0xe7,0xdf,0xf7,0x7e,0xe7,0x3d,0xe7,
    0x3d,0xe7,0x3d,0xe7,0x5e,0xe7,0xb8,0xad,0xf6,0x94,0x37,0x95,0x17,0x95,0x17,0x95,0x17,0x95,0x17,0x95,0x17,0x95,0x17,0x95,
    0x17,0x95,0x17,0x95,0x17,0x95,0x17,0x95,0x17,0x95,0x37,0x95,0xf6,0x8c,0x37,0x95,0xf9,0xb5,0x9b,0xce,0x1d,0xdf,0x3d,0xdf,
    0x3d,0xdf,0x7e,0xe7,0x9f,0xef,0x5e,0xe7,0x00,0x00,0xff,0xff,0x00,0x00,0x00,0x00,0x00,0x00,0x00,0x00,0x00,0x00,0x00,0x00,
    0x00,0x00,0x00,0x00,0x00,0x00,0x00,0x00,0x00,0x00,0x00,0x00,0x00,0x00,0x00,0x00,0x00,0x00,0x00,0x00,0x00,0x00,0x00,0x00,
    0x00,0x00,0x00,0x00,0x00,0x00,0x00,0x00,0x00,0x00,0x00,0x00,0x00,0x00,0x00,0x00,0x00,0x00,0xff,0xff,0xff,0xff,0x3e,0xe7,
    0xff,0xf7,0x3d,0xe7,0x3d,0xe7,0x5e,0xe7,0x5e,0xe7,0x5e,0xe7,0x3d,0xdf,0x57,0x9d,0x16,0x95,0x17,0x95,0x17,0x95,0x17,0x95,
    0x17,0x95,0x17,0x95,0x17,0x95,0x17,0x95,0x17,0x95,0x17,0x95,0x17,0x95,0x17,0x95,0x37,0x95,0xf6,0x8c,0xb8,0xad,0xfd,0xde,
    0x7e,0xef,0x7e,0xe7,0x5e,0xe7,0x5e,0xe7,0x5e,0xe7,0xbf,0xef,0xdf,0xf7,0x7e,0xef,0x5e,0xe7,0x00,0x00,0xff,0xff,0xff,0xff,
    0x00,0x00,0x00,0x00,0x00,0x00,0x00,0x00,0x00,0x00,0x00,0x00,0x00,0x00,0x00,0x00,0x00,0x00,0x00,0x00,0x00,0x00,0x00,0x00,
    0x00,0x00,0x00,0x00,0x00,0x00,0x00,0x00,0x00,0x00,0x00,0x00,0x00,0x00,0x00,0x00,0x00,0x00,0x00,0x00,0x00,0x00,0x00,0x00,
    0xff,0xff,0x00,0x00,0x5d,0xe7,0xdf,0xf7,0x3d,0xe7,0x5e,0xe7,0x5e,0xe7,0x5e,0xe7,0x5e,0xe7,0x5e,0xe7,0x3d,0xdf,0x37,0x9d,
    0x16,0x95,0x17,0x95,0x17,0x95,0x17,0x95,0x17,0x95,0x17,0x95,0x17,0x95,0x17,0x95,0x17,0x95,0x17,0x95,0x17,0x95,0x37,0x95,
    0xf6,0x8c,0xf9,0xb5,0x7e,0xe7,0x5e,0xe7,0x3d,0xe7,0x3d,0xe7,0x5e,0xe7,0x5e,0xe7,0x3d,0xe7,0x3d,0xe7,0x3d,0xe7,0x5e,0xe7,
    0xff,0xf7,0x3e,0xe7,0xff,0xff,0xff,0xff,0x00,0x00,0x00,0x00,0x00,0x00,0x00,0x00,0x00,0x00,0x00,0x00,0x00,0x00,0x00,0x00,
    0x00,0x00,0x00,0x00,0x00,0x00,0x00,0x00,0x00,0x00,0x00,0x00,0x00,0x00,0x00,0x00,0x00,0x00,0x00,0x00,0x00,0x00,0x00,0x00,
    0x00,0x00,0x00,0x00,0x00,0x00,0xff,0xff,0xff,0xff,0x3e,0xe7,0x5e,0xe7,0x7e,0xe7,0x3d,0xe7,0x5e,0xe7,0x5e,0xe7,0x5e,0xe7,
    0x5e,0xe7,0x5e,0xe7,0x3d,0xdf,0x37,0x9d,0x16,0x95,0x17,0x95,0x17,0x95,0x17,0x95,0x17,0x95,0x17,0x95,0x17,0x95,0x17,0x95,
    0x17,0x95,0x17,0x95,0x37,0x95,0xf6,0x8c,0xb8,0xad,0x7e,0xe7,0x5e,0xe7,0x3d,0xe7,0x5e,0xe7,0x5e,0xe7,0x5e,0xe7,0x5e,0xe7,
    0x5e,0xe7,0x5e,0xe7,0x5e,0xe7,0x3d,0xe7,0x5e,0xe7,0xff,0xff,0x3d,0xdf,0x00,0x00,0xff,0xff,0x00,0x00,0x00,0x00,0x00,0x00,
    0x00,0x00,0x00,0x00,0x00,0x00,0x00,0x00,0x00,0x00,0x00,0x00,0x00,0x00,0x00,0x00,0x00,0x00,0x00,0x00,0x00,0x00,0x00,0x00,
    0x00,0x00,0x00,0x00,0x00,0x00,0x00,0x00,0x00,0x00,0x00,0x00,0x00,0x00,0xff,0xff,0x00,0x00,0x3d,0xe7,0xdf,0xf7,0x3d,0xe7,
    0x5e,0xe7,0x5e,0xe7,0x5e,0xe7,0x5e,0xe7,0x5e,0xe7,0x5e,0xe7,0x3d,0xdf,0x57,0x9d,0x16,0x95,0x17,0x95,0x17,0x95,0x17,0x95,
    0x17,0x95,0x17,0x95,0x17,0x95,0x17,0x95,0x17,0x95,0x17,0x95,0x17,0x95,0x37,0x95,0xfd,0xde,0x5e,0xe7,0x3d,0xe7,0x5e,0xe7,
    0x5e,0xe7,0x5e,0xe7,0x5e,0xe7,0x5e,0xe7,0x5e,0xe7,0x5e,0xe7,0x5e,0xe7,0x5e,0xe7,0x3d,0xe7,0x5e,0xe7,0x7e,0xef,0x3e,0xe7,
    0x00,0x00,0xff,0xff,0x00,0x00,0x00,0x00,0x00,0x00,0x00,0x00,0x00,0x00,0x00,0x00,0x00,0x00,0x00,0x00,0x00,0x00,0x00,0x00,
    0x00,0x00,0x00,0x00,0x00,0x00,0x00,0x00,0x00,0x00,0x00,0x00,0x00,0x00,0x00,0x00,0x00,0x00,0x00,0x00,0x00,0x00,0xff,0xff,
    0xf7,0xbd,0x5d,0xe7,0xbf,0xef,0x3d,0xe7,0x5e,0xe7,0x5e,0xe7,0x5e,0xe7,0x5e,0xe7,0x5e,0xe7,0x3d,0xe7,0x5e,0xe7,0x98,0xa5,
    0xf6,0x94,0x37,0x95,0x17,0x95,0x17,0x95,0x17,0x95,0x17,0x95,0x17,0x95,0x17,0x95,0x17,0x95,0x37,0x95,0xf6,0x8c,0xf9,0xb5,
    0x7e,0xef,0x3d,0xe7,0x5e,0xe7,0x5e,0xe7,0x5e,0xe7,0x5e,0xe7,0x5e,0xe7,0x5e,0xe7,0x5e,0xe7,0x5e,0xe7,0x5e,0xe7,0x5e,0xe7,
    0x5e,0xe7,0x3d,0xe7,0xdf,0xf7,0x3d,0xe7,0x00,0x00,0xff,0xff,0x00,0x00,0x00,0x00,0x00,0x00,0x00,0x00,0x00,0x00,0x00,0x00,
    0x00,0x00,0x00,0x00,0x00,0x00,0x00,0x00,0x00,0x00,0x00,0x00,0x00,0x00,0x00,0x00,0x00,0x00,0x00,0x00,0x00,0x00,0x00,0x00,
    0x00,0x00,0x00,0x00,0xff,0xff,0xff,0xff,0xff,0xff,0x5e,0xe7,0x7e,0xe7,0x3d,0xe7,0x5e,0xe7,0x5e,0xe7,0x5e,0xe7,0x5e,0xe7,
    0x5e,0xe7,0x3d,0xe7,0x7e,0xef,0x1a,0xb6,0xf6,0x8c,0x37,0x95,0x17,0x95,0x17,0x95,0x17,0x95,0x17,0x95,0x17,0x95,0x17,0x95,
    0x17,0x95,0x37,0x95,0xf6,0x8c,0x9b,0xce,0x7e,0xe7,0x3d,0xe7,0x5e,0xe7,0x5e,0xe7,0x5e,0xe7,0x5e,0xe7,0x5e,0xe7,0x5e,0xe7,
    0x5e,0xe7,0x5e,0xe7,0x5e,0xe7,0x5e,0xe7,0x5e,0xe7,0x3d,0xe7,0x7e,0xe7,0x5d,0xe7,0x3f,0xe7,0x00,0x00,0xff,0xff,0x00,0x00,
    0x00,0x00,0x00,0x00,0x00,0x00,0x00,0x00,0x00,0x00,0x00,0x00,0x00,0x00,0x00,0x00,0x00,0x00,0x00,0x00,0x00,0x00,0x00,0x00,
    0x00,0x00,0x00,0x00,0x00,0x00,0x00,0x00,0x00,0x00,0xff,0xff,0xff,0xff,0x00,0x00,0x78,0xa5,0x5e,0xe7,0x5e,0xe7,0x5e,0xe7,
    0x5e,0xe7,0x5e,0xe7,0x5e,0xe7,0x5e,0xe7,0x5e,0xe7,0x3d,0xe7,0x7e,0xe7,0xdc,0xd6,0x16,0x95,0x37,0x95,0x17,0x95,0x17,0x95,
    0x17,0x95,0x17,0x95,0x17,0x95,0x17,0x95,0x17,0x95,0x17,0x95,0x37,0x95,0x1d,0xdf,0x5e,0xe7,0x5e,0xe7,0x5e,0xe7,0x5e,0xe7,
    0x5e,0xe7,0x5e,0xe7,0x5e,0xe7,0x5e,0xe7,0x5e,0xe7,0x5e,0xe7,0x5e,0xe7,0x5e,0xe7,0x5e,0xe7,0x5e,0xe7,0x3d,0xe7,0x7e,0xef,
    0x3e,0xe7,0x00,0x00,0xff,0xff,0x00,0x00,0x00,0x00,0x00,0x00,0x00,0x00,0x00,0x00,0x00,0x00,0x00,0x00,0x00,0x00,0x00,0x00,
    0x00,0x00,0x00,0x00,0x00,0x00,0x00,0x00,0x00,0x00,0x00,0x00,0x00,0x00,0x00,0x00,0x00,0x00,0x55,0xad,0xff,0xff,0x16,0x95,
    0xb9,0xa5,0x3d,0xdf,0x5e,0xe7,0x5e,0xe7,0x5e,0xe7,0x5e,0xe7,0x5e,0xe7,0x5e,0xe7,0x5e,0xe7,0x5e,0xe7,0x5e,0xe7,0x5e,0xe7,
    0x78,0xa5,0x16,0x95,0x37,0x95,0x17,0x95,0x17,0x95,0x17,0x95,0x17,0x95,0x17,0x95,0x17,0x95,0x16,0x95,0x37,0x9d,0x3d,0xdf,
    0x5e,0xe7,0x5e,0xe7,0x5e,0xe7,0x5e,0xe7,0x5e,0xe7,0x5e,0xe7,0x5e,0xe7,0x5e,0xe7,0x5e,0xe7,0x5e,0xe7,0x5e,0xe7,0x5e,0xe7,
    0x5e,0xe7,0x5e,0xe7,0x3d,0xe7,0x9f,0xef,0x5e,0xe7,0x00,0x00,0xff,0xff,0x00,0x00,0x00,0x00,0x00,0x00,0x00,0x00,0x00,0x00,
    0x00,0x00,0x00,0x00,0x00,0x00,0x00,0x00,0x00,0x00,0x00,0x00,0x00,0x00,0x00,0x00,0x00,0x00,0x00,0x00,0x00,0x00,0x00,0x00,
    0x55,0xad,0x00,0x00,0x16,0x95,0x99,0xa5,0x16,0x95,0xdc,0xd6,0x5e,0xe7,0x3d,0xe7,0x5e,0xe7,0x5e,0xe7,0x5e,0xe7,0x5e,0xe7,
    0x5e,0xe7,0x5e,0xe7,0x3d,0xe7,0x7e,0xe7,0x9b,0xce,0xf6,0x8c,0x37,0x95,0x17,0x95,0x17,0x95,0x17,0x95,0x17,0x95,0x17,0x95,
    0x17,0x95,0x16,0x95,0x37,0x9d,0x1d,0xdf,0x5e,0xe7,0x5e,0xe7,0x5e,0xe7,0x5e,0xe7,0x5e,0xe7,0x5e,0xe7,0x5e,0xe7,0x5e,0xe7,
    0x5e,0xe7,0x5e,0xe7,0x5e,0xe7,0x5e,0xe7,0x5e,0xe7,0x5e,0xe7,0x3d,0xe7,0x9f,0xef,0x3e,0xe7,0x00,0x00,0xff,0xff,0x00,0x00,
    0x00,0x00,0x00,0x00,0x00,0x00,0x00,0x00,0x00,0x00,0x00,0x00,0x00,0x00,0x00,0x00,0x00,0x00,0x00,0x00,0x00,0x00,0x00,0x00,
    0x00,0x00,0x00,0x00,0x00,0x00,0xff,0xff,0x00,0x00,0x37,0x95,0x37,0x95,0x37,0x95,0xf6,0x8c,0x5a,0xbe,0x7e,0xef,0x3d,0xe7,
    0x5e,0xe7,0x5e,0xe7,0x5e,0xe7,0x5e,0xe7,0x5e,0xe7,0x5e,0xe7,0x5e,0xe7,0x3d,0xe7,0x7e,0xe7,0xd9,0xad,0xf6,0x8c,0x37,0x95,
    0x17,0x95,0x17,0x95,0x17,0x95,0x17,0x95,0x17,0x95,0x37,0x95,0x16,0x95,0xbc,0xce,0x7e,0xe7,0x3d,0xe7,0x5e,0xe7,0x5e,0xe7,
    0x5e,0xe7,0x5e,0xe7,0x5e,0xe7,0x5e,0xe7,0x5e,0xe7,0x5e,0xe7,0x5e,0xe7,0x5e,0xe7,0x5e,0xe7,0x3d,0xe7,0x7e,0xe7,0x5e,0xe7,
    0x3e,0xe7,0x00,0x00,0xff,0xff,0x00,0x00,0x00,0x00,0x00,0x00,0x00,0x00,0x00,0x00,0x00,0x00,0x00,0x00,0x00,0x00,0x00,0x00,
    0x00,0x00,0x00,0x00,0x00,0x00,0x00,0x00,0x00,0x00,0x00,0x00,0x00,0x00,0xf7,0xbd,0x00,0x00,0x17,0x95,0x78,0x9d,0x16,0x95,
    0x16,0x95,0x78,0xa5,0x5e,0xe7,0x5e,0xe7,0x5e,0xe7,0x5e,0xe7,0x5e,0xe7,0x5e,0xe7,0x5e,0xe7,0x5e,0xe7,0x5e,0xe7,0x5e,0xe7,
    0x5e,0xe7,0x3d,0xdf,0x98,0xa5,0xf6,0x8c,0x37,0x95,0x17,0x95,0x17,0x95,0x17,0x95,0x17,0x95,0x37,0x95,0xf6,0x8c,0x3a,0xbe,
    0x7e,0xef,0x3d,0xe7,0x5e,0xe7,0x5e,0xe7,0x5e,0xe7,0x5e,0xe7,0x5e,0xe7,0x5e,0xe7,0x5e,0xe7,0x5e,0xe7,0x5e,0xe7,0x5e,0xe7,
    0x5e,0xe7,0x3d,0xe7,0xbf,0xef,0x3d,0xe7,0x00,0x00,0xff,0xff,0x00,0x00,0x00,0x00,0x00,0x00,0x00,0x00,0x00,0x00,0x00,0x00,
    0x00,0x00,0x00,0x00,0x00,0x00,0x00,0x00,0x00,0x00,0x00,0x00,0x00,0x00,0x00,0x00,0x00,0x00,0x00,0x00,0x00,0x00,0xff,0xff,
    0xf7,0xbd,0x17,0x95,0x58,0x9d,0x16,0x95,0x37,0x95,0xf6,0x8c,0x7b,0xc6,0x7e,0xef,0x3d,0xe7,0x5e,0xe7,0x5e,0xe7,0x5e,0xe7,
    0x5e,0xe7,0x5e,0xe7,0x5e,0xe7,0x5e,0xe7,0x3d,0xe7,0x5e,0xe7,0x3d,0xdf,0x98,0xa5,0xf6,0x8c,0x16,0x95,0x17,0x95,0x17,0x95,
    0x17,0x95,0x17,0x95,0x16,0x95,0x57,0x9d,0x3d,0xe7,0x5e,0xe7,0x5e,0xe7,0x5e,0xe7,0x5e,0xe7,0x5e,0xe7,0x5e,0xe7,0x5e,0xe7,
    0x5e,0xe7,0x5e,0xe7,0x5e,0xe7,0x5e,0xe7,0x5e,0xe7,0x5e,0xe7,0xbf,0xf7,0x5e,0xe7,0x00,0x00,0xff,0xff,0x00,0x00,0x00,0x00,
    0x00,0x00,0x00,0x00,0x00,0x00,0x00,0x00,0x00,0x00,0x00,0x00,0x00,0x00,0x00,0x00,0x00,0x00,0x00,0x00,0x00,0x00,0x00,0x00,
    0x00,0x00,0x00,0x00,0xff,0xff,0x00,0x00,0x36,0x95,0x17,0x95,0x37,0x95,0x16,0x95,0x17,0x95,0x17,0x95,0x37,0x95,0x1d,0xdf,
    0x7e,0xe7,0x3d,0xe7,0x5e,0xe7,0x5e,0xe7,0x5e,0xe7,0x5e,0xe7,0x5e,0xe7,0x5e,0xe7,0x5e,0xe7,0x3d,0xe7,0x5e,0xe7,0x5e,0xe7,
    0x1a,0xb6,0x37,0x9d,0x17,0x95,0x17,0x95,0x17,0x95,0x17,0x95,0x37,0x95,0xf6,0x8c,0x19,0xb6,0x7e,0xef,0x3d,0xe7,0x5e,0xe7,
    0x5e,0xe7,0x5e,0xe7,0x5e,0xe7,0x5e,0xe7,0x5e,0xe7,0x5e,0xe7,0x5e,0xe7,0x5e,0xe7,0x3d,0xe7,0xff,0xf7,0x3d,0xdf,0x00,0x00,
    0xff,0xff,0x00,0x00,0x00,0x00,0x00,0x00,0x00,0x00,0x00,0x00,0x00,0x00,0x00,0x00,0x00,0x00,0x00,0x00,0x00,0x00,0x00,0x00,
    0x00,0x00,0x00,0x00,0x00,0x00,0x00,0x00,0x00,0x00,0x00,0x00,0xff,0xff,0x00,0x00,0x57,0x9d,0x16,0x95,0x37,0x95,0x16,0x95,
    0x17,0x95,0x37,0x95,0x16,0x95,0x98,0xa5,0x3d,0xdf,0x7e,0xe7,0x3d,0xe7,0x3d,0xe7,0x5e,0xe7,0x5e,0xe7,0x5e,0xe7,0x5e,0xe7,
    0x5e,0xe7,0x3d,0xe7,0x3d,0xe7,0x5e,0xe7,0x7e,0xef,0xb9,0xad,0x16,0x95,0x37,0x95,0x17,0x95,0x17,0x95,0x17,0x95,0x37,0x95,
    0x16,0x95,0x7b,0xc6,0x7e,0xef,0x5e,0xe7,0x3d,0xe7,0x5e,0xe7,0x5e,0xe7,0x5e,0xe7,0x5e,0xe7,0x5e,0xe7,0x3d,0xe7,0x3d,0xe7,
    0xff,0xf7,0x7e,0xe7,0x1e,0xe7,0xff,0xff,0xff,0xff,0x00,0x00,0x00,0x00,0x00,0x00,0x00,0x00,0x00,0x00,0x00,0x00,0x00,0x00,
    0x00,0x00,0x00,0x00,0x00,0x00,0x00,0x00,0x00,0x00,0x00,0x00,0x00,0x00,0x00,0x00,0x00,0x00,0x00,0x00,0x00,0x00,0xff,0x07,
    0xf7,0x9c,0x17,0x95,0x57,0x9d,0x17,0x95,0x17,0x95,0x17,0x95,0x37,0x95,0x16,0x95,0x57,0x9d,0xbc,0xce,0x5e,0xe7,0x7e,0xe7,
    0x5e,0xe7,0x3e,0xe7,0x3d,0xe7,0x3d,0xe7,0x5e,0xe7,0x5e,0xe7,0x7e,0xe7,0xfd,0xd6,0x98,0xa5,0x16,0x95,0x37,0x95,0x17,0x95,
    0x17,0x95,0x17,0x95,0x17,0x95,0x17,0x95,0x17,0x95,0x16,0x95,0x3a,0xbe,0x5e,0xe7,0x7e,0xef,0x5e,0xe7,0x5e,0xe7,0x3d,0xe7,
    0x3e,0xe7,0x5e,0xe7,0x7e,0xe7,0x9f,0xef,0x5e,0xe7,0x1e,0xe7,0x00,0x00,0xff,0xff,0x00,0x00,0x00,0x00,0x00,0x00,0x00,0x00,
    0x00,0x00,0x00,0x00,0x00,0x00,0x00,0x00,0x00,0x00,0x00,0x00,0x00,0x00,0x00,0x00,0x00,0x00,0x00,0x00,0x00,0x00,0x00,0x00,
    0x00,0x00,0x00,0x00,0x00,0x00,0xff,0xaf,0x00,0x00,0x16,0x95,0x78,0x9d,0x16,0x95,0x17,0x95,0x17,0x95,0x17,0x95,0x37,0x95,
    0x16,0x95,0x16,0x95,0xb8,0xad,0xbc,0xce,0x3d,0xdf,0x5e,0xe7,0x5e,0xe7,0x5e,0xe7,0x3d,0xe7,0xdc,0xd6,0xf9,0xb5,0x17,0x95,
    0x16,0x95,0x37,0x95,0x17,0x95,0x17,0x95,0x17,0x95,0x17,0x95,0x17,0x95,0x17,0x95,0x17,0x95,0x17,0x95,0xf6,0x8c,0x98,0xa5,
    0x7b,0xc6,0x1d,0xdf,0x5e,0xe7,0x5e,0xe7,0x5e,0xe7,0x3d,0xdf,0xdc,0xd6,0xf9,0xb5,0x00,0x00,0x00,0x00,0xff,0xff,0x00,0x00,
    0x00,0x00,0x00,0x00,0x00,0x00,0x00,0x00,0x00,0x00,0x00,0x00,0x00,0x00,0x00,0x00,0x00,0x00,0x00,0x00,0x00,0x00,0x00,0x00,
    0x00,0x00,0x00,0x00,0x00,0x00,0x00,0x00,0x00,0x00,0x00,0x00,0x00,0x00,0x55,0xad,0x00,0x00,0x16,0x95,0x58,0x9d,0x16,0x95,
    0x17,0x95,0x17,0x95,0x17,0x95,0x17,0x95,0x17,0x95,0x37,0x95,0xf6,0x94,0xf6,0x94,0x57,0x9d,0xb8,0xa5,0xb8,0xad,0xb8,0xad,
    0x57,0x9d,0x16,0x95,0xf6,0x8c,0x17,0x95,0x37,0x95,0x17,0x95,0x17,0x95,0x17,0x95,0x17,0x95,0x17,0x95,0x17,0x95,0x17,0x95,
    0x17,0x95,0x17,0x95,0x37,0x95,0x16,0x95,0xf6,0x8c,0x37,0x95,0x98,0xa5,0xb8,0xad,0xb8,0xa5,0x37,0x9d,0x78,0x9d,0xd6,0x8c,
    0x00,0x00,0x79,0x9e,0x00,0x00,0x00,0x00,0x00,0x00,0x00,0x00,0x00,0x00,0x00,0x00,0x00,0x00,0x00,0x00,0x00,0x00,0x00,0x00,
    0x00,0x00,0x00,0x00,0x00,0x00,0x00,0x00,0x00,0x00,0x00,0x00,0x00,0x00,0x00,0x00,0x00,0x00,0x00,0x00,0x00,0x00,0x00,0x00,
    0x55,0xad,0x00,0x00,0x16,0x95,0x99,0xa5,0x16,0x95,0x17,0x95,0x17,0x95,0x17,0x95,0x17,0x95,0x17,0x95,0x37,0x95,0x37,0x95,
    0x16,0x95,0xf6,0x94,0xf6,0x94,0xf6,0x94,0x16,0x95,0x17,0x95,0x37,0x95,0x17,0x95,0x17,0x95,0x17,0x95,0x17,0x95,0x17,0x95,
    0x17,0x95,0x17,0x95,0x17,0x95,0x17,0x95,0x17,0x95,0x17,0x95,0x17,0x95,0x37,0x95,0x37,0x95,0x16,0x95,0x16,0x95,0xf6,0x94,
    0xf6,0x8c,0x58,0x9d,0x37,0x95,0xd9,0xad,0xff,0x7f,0xff,0xff,0x00,0x00,0x00,0x00,0x00,0x00,0x00,0x00,0x00,0x00,0x00,0x00,
    0x00,0x00,0x00,0x00,0x00,0x00,0x00,0x00,0x00,0x00,0x00,0x00,0x00,0x00,0x00,0x00,0x00,0x00,0x00,0x00,0x00,0x00,0x00,0x00,
    0x00,0x00,0x00,0x00,0x00,0x00,0x00,0x00,0xff,0xff,0xff,0x7b,0x57,0x8d,0x37,0x95,0x98,0xa5,0x16,0x95,0x17,0x95,0x17,0x95,
    0x17,0x95,0x17,0x95,0x17,0x95,0x17,0x95,0x17,0x95,0x37,0x95,0x37,0x95,0x37,0x95,0x17,0x95,0x17,0x95,0x17,0x95,0x17,0x95,
    0x17,0x95,0x17,0x95,0x17,0x95,0x17,0x95,0x17,0x95,0x17,0x95,0x17,0x95,0x17,0x95,0x17,0x95,0x17,0x95,0x17,0x95,0x17,0x95,
    0x17,0x95,0x17,0x95,0x37,0x95,0x16,0x95,0x58,0x9d,0x57,0x9d,0x16,0x95,0x00,0x00,0xff,0x7f,0x00,0x00,0x00,0x00,0x00,0x00,
    0x00,0x00,0x00,0x00,0x00,0x00,0x00,0x00,0x00,0x00,0x00,0x00,0x00,0x00,0x00,0x00,0x00,0x00,0x00,0x00,0x00,0x00,0x00,0x00,
    0x00,0x00,0x00,0x00,0x00,0x00,0x00,0x00,0x00,0x00,0x00,0x00,0x00,0x00,0x00,0x00,0x00,0x00,0xef,0x7b,0x00,0x00,0xd5,0x8c,
    0x37,0x9d,0x78,0x9d,0x58,0x9d,0x37,0x95,0x16,0x95,0x16,0x95,0x16,0x95,0x16,0x95,0x16,0x95,0x16,0x95,0x16,0x95,0x16,0x95,
    0x16,0x95,0x16,0x95,0x16,0x95,0x16,0x95,0x16,0x95,0x16,0x95,0x16,0x95,0x16,0x95,0x16,0x95,0x16,0x95,0x16,0x95,0x16,0x95,
    0x16,0x95,0x16,0x95,0x16,0x95,0x16,0x95,0x16,0x95,0x17,0x95,0x57,0x9d,0x98,0xa5,0x57,0x9d,0xf6,0x94,0x00,0x00,0x55,0xad,
    0x00,0x00,0x00,0x00,0x00,0x00,0x00,0x00,0x00,0x00,0x00,0x00,0x00,0x00,0x00,0x00,0x00,0x00,0x00,0x00,0x00,0x00,0x00,0x00,
    0x00,0x00,0x00,0x00,0x00,0x00,0x00,0x00,0x00,0x00,0x00,0x00,0x00,0x00,0x00,0x00,0x00,0x00,0x00,0x00,0x00,0x00,0x00,0x00,
    0x00,0x00,0x00,0x00,0xef,0x7b,0x00,0x00,0x00,0x00,0x37,0x95,0x37,0x95,0x37,0x95,0x58,0x9d,0x58,0x9d,0x58,0x9d,0x58,0x9d,
    0x58,0x9d,0x58,0x9d,0x58,0x9d,0x58,0x9d,0x58,0x9d,0x58,0x9d,0x58,0x9d,0x58,0x9d,0x58,0x9d,0x58,0x9d,0x58,0x9d,0x58,0x9d,
    0x58,0x9d,0x58,0x9d,0x58,0x9d,0x58,0x9d,0x58,0x9d,0x58,0x9d,0x58,0x9d,0x58,0x9d,0x58,0x9d,0x37,0x95,0x37,0x9d,0x57,0x9d,
    0xd5,0x8c,0x00,0x00,0x55,0xad,0x00,0x00,0x00,0x00,0x00,0x00,0x00,0x00,0x00,0x00,0x00,0x00,0x00,0x00,0x00,0x00,0x00,0x00,
    0x00,0x00,0x00,0x00,0x00,0x00,0x00,0x00,0x00,0x00,0x00,0x00,0x00,0x00,0x00,0x00,0x00,0x00,0x00,0x00,0x00,0x00,0x00,0x00,
    0x00,0x00,0x00,0x00,0x00,0x00,0x00,0x00,0x00,0x00,0x00,0x00,0x00,0x00,0xff,0xff,0xff,0xff,0x00,0x00,0x00,0x00,0x78,0x9d,
    0x57,0x9d,0x17,0x95,0x16,0x95,0x37,0x95,0x37,0x95,0x37,0x95,0x37,0x95,0x37,0x95,0x37,0x95,0x37,0x95,0x37,0x95,0x37,0x95,
    0x37,0x95,0x37,0x95,0x37,0x95,0x37,0x95,0x37,0x95,0x37,0x95,0x37,0x95,0x37,0x95,0x37,0x95,0x37,0x95,0x37,0x95,0x17,0x95,
    0x58,0x9d,0x98,0x9d,0x55,0xad,0x00,0x00,0x00,0x00,0xef,0x7b,0x00,0x00,0x00,0x00,0x00,0x00,0x00,0x00,0x00,0x00,0x00,0x00,
    0x00,0x00,0x00,0x00,0x00,0x00,0x00,0x00,0x00,0x00,0x00,0x00,0x00,0x00,0x00,0x00,0x00,0x00,0x00,0x00,0x00,0x00,0x00,0x00,
    0x00,0x00,0x00,0x00,0x00,0x00,0x00,0x00,0x00,0x00,0x00,0x00,0x00,0x00,0x00,0x00,0x00,0x00,0x00,0x00,0x00,0x00,0x00,0x00,
    0x00,0x00,0x5a,0x7d,0xff,0x7f,0x00,0x00,0x00,0x00,0x00,0x00,0x00,0x00,0x00,0x00,0x00,0x00,0x00,0x00,0x00,0x00,0x00,0x00,
    0x00,0x00,0x00,0x00,0x00,0x00,0x00,0x00,0x00,0x00,0x00,0x00,0x00,0x00,0x00,0x00,0x00,0x00,0x00,0x00,0x00,0x00,0x00,0x00,
    0x00,0x00,0x00,0x00,0x00,0x00,0x00,0x00,0x00,0x00,0x00,0x00,0x00,0x00,0xf7,0x7b,0xff,0x7f,0xff,0xff,0x00,0x00,0x00,0x00,
    0x00,0x00,0x00,0x00,0x00,0x00,0x00,0x00,0x00,0x00,0x00,0x00,0x00,0x00,0x00,0x00,0x00,0x00,0x00,0x00,0x00,0x00,0x00,0x00,
    0x00,0x00,0x00,0x00,0x00,0x00,0x00,0x00,0x00,0x00,0x00,0x00,0x00,0x00,0x00,0x00,0x00,0x00,0x00,0x00,0x00,0x00,0x00,0x00,
    0x00,0x00,0x00,0x00,0x00,0x00,0x00,0x00,0xff,0xff,0x00,0x00,0x00,0x00,0x55,0x55,0x7d,0x8e,0xde,0x8e,0xfb,0x7d,0xd9,0x9c,
    0x00,0x00,0x00,0x00,0x55,0xad,0x55,0xad,0x55,0xad,0x55,0xad,0x55,0xad,0x55,0xad,0x55,0xad,0x55,0xad,0x55,0xad,0x55,0xad,
    0x55,0xad,0x55,0xad,0x55,0xad,0x55,0xad,0xd9,0x64,0x00,0x00,0x00,0x00,0xf7,0x7d,0x7d,0x8e,0xbe,0x86,0xbf,0x7e,0xff,0x7b,
    0x00,0x00,0x00,0x00,0x00,0x00,0x00,0x00,0x00,0x00,0x00,0x00,0x00,0x00,0x00,0x00,0x00,0x00,0x00,0x00,0x00,0x00,0x00,0x00,
    0x00,0x00,0x00,0x00,0x00,0x00,0x00,0x00,0x00,0x00,0x00,0x00,0x00,0x00,0x00,0x00,0x00,0x00,0x00,0x00,0x00,0x00,0x00,0x00,
    0x00,0x00,0x00,0x00,0x00,0x00,0x00,0x00,0x00,0x00,0x00,0x00,0x00,0x00,0xff,0x7f,0x00,0x00,0x7f,0x7e,0x9e,0x76,0x00,0x00,
    0xbf,0x7e,0x5f,0x8f,0xbf,0x7e,0x00,0x00,0xdf,0x86,0xbf,0x7e,0x00,0x00,0xff,0xff,0x00,0x00,0x00,0x00,0x00,0x00,0x00,0x00,
    0x00,0x00,0x00,0x00,0x00,0x00,0x00,0x00,0x00,0x00,0x00,0x00,0x00,0x00,0xff,0x7f,0x00,0x00,0x7f,0x7e,0x9e,0x76,0x00,0x00,
    0xbf,0x7e,0x5f,0x8f,0xbf,0x7e,0x00,0x00,0xdf,0x86,0xbf,0x7e,0x00,0x00,0xff,0xff,0x00,0x00,0x00,0x00,0x00,0x00,0x00,0x00,
    0x00,0x00,0x00,0x00,0x00,0x00,0x00,0x00,0x00,0x00,0x00,0x00,0x00,0x00,0x00,0x00,0x00,0x00,0x00,0x00,0x00,0x00,0x00,0x00,
    0x00,0x00,0x00,0x00,0x00,0x00,0x00,0x00,0x00,0x00,0x00,0x00,0x00,0x00,0x00,0x00,0x00,0x00,0x00,0x00,0xff,0x7f,0xff,0x07,
    0x9f,0x7e,0xdf,0x86,0xbf,0x7e,0x9f,0x76,0x9f,0x7e,0x7f,0x8f,0x9f,0x7e,0x9f,0x7e,0xdf,0x97,0x9f,0x7e,0xff,0x7d,0xff,0x57,
    0x00,0x00,0x00,0x00,0x00,0x00,0x00,0x00,0xff,0x07,0xff,0xff,0x00,0x00,0x00,0x00,0x00,0x00,0x00,0x00,0xff,0x7f,0xff,0x07,
    0x9f,0x7e,0xdf,0x86,0xbf,0x7e,0x9f,0x76,0x9f,0x7e,0x7f,0x8f,0x9f,0x7e,0x9f,0x7e,0xdf,0x97,0x9f,0x7e,0xff,0x7d,0xff,0x57,
    0x00,0x00,0x00,0x00,0x00,0x00,0x00,0x00,0x00,0x00,0x00,0x00,0x00,0x00,0x00,0x00,0x00,0x00,0x00,0x00,0x00,0x00,0x00,0x00,
    0x00,0x00,0x00,0x00,0x00,0x00,0x00,0x00,0x00,0x00,0x00,0x00,0x00,0x00,0x00,0x00,0x00,0x00,0x00,0x00,0x00,0x00,0x00,0x00,
    0x00,0x00,0x00,0x00,0xff,0xff,0xff,0x7f,0x9f,0x7e,0xbf,0x7e,0x9f,0x8f,0x9f,0x7e,0x9f,0x7e,0xdf,0x86,0x9f,0x7e,0x3f,0x87,
    0xdf,0x86,0x9f,0x7e,0xff,0x7f,0xff,0x7f,0x00,0x00,0xff,0x7f,0xff,0xff,0x00,0x00,0x00,0x00,0x00,0x00,0x00,0x00,0x00,0x00,
    0xff,0xaf,0xff,0xff,0xff,0xff,0xff,0x7f,0x9f,0x7e,0xbf,0x7e,0x9f,0x8f,0x9f,0x7e,0x9f,0x7e,0xdf,0x86,0x9f,0x7e,0x3f,0x87,
    0xdf,0x86,0x9f,0x7e,0xff,0x7f,0xff,0x7f,0x00,0x00,0x00,0x00,0x00,0x00,0x00,0x00,0x00,0x00,0x00,0x00,0x00,0x00,0x00,0x00,
    0x00,0x00,0x00,0x00,0x00,0x00,0x00,0x00,0x00,0x00,0x00,0x00,0x00,0x00,0x00,0x00,0x00,0x00,0x00,0x00,0x00,0x00,0x00,0x00,
    0x00,0x00,0x00,0x00,0x00,0x00,0x00,0x00,0x00,0x00,0x00,0x00,0x00,0x00,0xff,0x07,0x00,0x00,0xdf,0x64,0xbf,0x7e,0x1f,0x87,
    0xbf,0x7e,0x9f,0x7e,0xff,0x86,0xdf,0x86,0x7f,0x7e,0x00,0x00,0x00,0x00,0x00,0x00,0xff,0x7b,0x00,0x00,0x00,0x00,0xff,0x07,
    0xbf,0x7e,0x1f,0x87,0x7f,0x9e,0xff,0x7b,0x00,0x00,0x00,0x00,0x00,0x00,0x00,0x00,0x00,0x00,0xdf,0x64,0xbf,0x7e,0x1f,0x87,
    0xbf,0x7e,0x9f,0x7e,0xff,0x86,0xdf,0x86,0x7f,0x7e,0x00,0x00,0x00,0x00,0x00,0x00,0x00,0x00,0x00,0x00,0x00,0x00,0x00,0x00,
    0x00,0x00,0x00,0x00,0x00,0x00,0x00,0x00,0x00,0x00,0x00,0x00,0x00,0x00,0x00,0x00,0x00,0x00,0x00,0x00,0x00,0x00,0x00,0x00,
    0x00,0x00,0x00,0x00,0x00,0x00,0x00,0x00,0x00,0x00,0x00,0x00,0x00,0x00,0x00,0x00,0x00,0x00,0xff,0xff,0x00,0x00,0xbf,0x7e,
    0x9f,0x7e,0xdf,0x7e,0x9f,0x7e,0xbf,0x7e,0x9f,0x7e,0x9f,0x7e,0xbf,0x86,0x9f,0x7e,0x9f,0x7e,0xff,0x86,0x9f,0x7e,0x00,0x00,
    0x00,0x00,0x7f,0x7e,0x9e,0x76,0x00,0x00,0xbf,0x7e,0x5f,0x8f,0xbf,0x7e,0x00,0x00,0xdf,0x86,0x7f,0x7e,0x00,0x00,0xbf,0x8e,
    0x9f,0x7e,0xdf,0x7e,0x9f,0x7e,0xbf,0x7e,0x9f,0x7e,0x9f,0x7e,0xbf,0x86,0x9f,0x7e,0x9f,0x7e,0xff,0x86,0x7f,0x7e,0x00,0x00,
    0xff,0x7f,0x00,0x00,0x00,0x00,0x00,0x00,0x00,0x00,0x00,0x00,0x00,0x00,0x00,0x00,0x00,0x00,0x00,0x00,0x00,0x00,0x00,0x00,
    0x00,0x00,0x00,0x00,0x00,0x00,0x00,0x00,0x00,0x00,0x00,0x00,0x00,0x00,0x00,0x00,0x00,0x00,0x00,0x00,0x00,0x00,0x00,0x00,
    0x00,0x00,0xff,0xff,0x00,0x00,0x5c,0x7e,0xdf,0x86,0x7f,0x8f,0xdf,0x86,0x9f,0x7e,0x9f,0x7e,0x9f,0x7e,0x9f,0x7e,0xbf,0x7e,
    0x3f,0x8f,0x9f,0x97,0x9f,0x7e,0x00,0x00,0xdf,0x7e,0xdf,0x86,0xbf,0x7e,0x9f,0x76,0x9f,0x7e,0x7f,0x8f,0x9f,0x7e,0x9f,0x7e,
    0xdf,0x97,0x9f,0x7e,0x5f,0x55,0x7f,0x7e,0xdf,0x86,0x7f,0x8f,0xdf,0x86,0x9f,0x7e,0x9f,0x7e,0x9f,0x7e,0x9f,0x7e,0xbf,0x7e,
    0x3f,0x8f,0x9f,0x97,0x9f,0x7e,0x00,0x00,0xff,0x57,0x00,0x00,0x00,0x00,0x00,0x00,0x00,0x00,0x00,0x00,0x00,0x00,0x00,0x00,
    0x00,0x00,0x00,0x00,0x00,0x00,0x00,0x00,0x00,0x00,0x00,0x00,0x00,0x00,0x00,0x00,0x00,0x00,0x00,0x00,0x00,0x00,0x00,0x00,
    0x00,0x00,0x00,0x00,0x00,0x00,0x00,0x00,0x00,0x00,0x00,0x00,0x00,0x00,0x7f,0x66,0x9f,0x7e,0xdf,0x7e,0x9f,0x7e,0xff,0x86,
    0xbf,0x7e,0x9f,0x7e,0xdf,0x86,0xbf,0x7e,0x9f,0x7e,0x1f,0x87,0xbf,0x7e,0xff,0x7b,0x9f,0x7e,0xbf,0x7e,0x9f,0x8f,0x9f,0x7e,
    0x9f,0x7e,0xdf,0x86,0x9f,0x7e,0x3f,0x87,0xdf,0x86,0x9f,0x7e,0xff,0x7f,0xbf,0x7e,0x9f,0x7e,0xdf,0x7e,0x9f,0x7e,0xff,0x86,
    0xbf,0x7e,0x9f,0x7e,0xdf,0x86,0xbf,0x7e,0x9f,0x7e,0x1f,0x87,0x1f,0x87,0x00,0x00,0xff,0x07,0x00,0x00,0x00,0x00,0x00,0x00,
    0x00,0x00,0x00,0x00,0x00,0x00,0x00,0x00,0x00,0x00,0x00,0x00,0x00,0x00,0x00,0x00,0x00,0x00,0x00,0x00,0x00,0x00,0x00,0x00,
    0x00,0x00,0x00,0x00,0x00,0x00,0x00,0x00,0x00,0x00,0x00,0x00,0x00,0x00,0x00,0x00,0x00,0x00,0x00,0x00,0xff,0x07,0xff,0xff,
    0x00,0x00,0x9f,0x7e,0x1f,0x87,0x9f,0x7e,0x9f,0x7e,0xbf,0x7e,0x9f,0x7e,0x1f,0x87,0xbf,0x7e,0xbf,0x6d,0x00,0x00,0xff,0x7f,
    0x00,0x00,0xdf,0x64,0xbf,0x7e,0x1f,0x87,0xbf,0x7e,0x9f,0x7e,0xff,0x86,0xdf,0x86,0x7f,0x7e,0x00,0x00,0x00,0x00,0xff,0xff,
    0x00,0x00,0x9f,0x7e,0x1f,0x87,0x9f,0x7e,0x9f,0x7e,0xbf,0x7e,0x9f,0x7e,0x1f,0x87,0xbf,0x7e,0xbf,0x6d,0x00,0x00,0xff,0xff,
    0x00,0x00,0x00,0x00,0x00,0x00,0x00,0x00,0x00,0x00,0x00,0x00,0x00,0x00,0x00,0x00,0x00,0x00,0x00,0x00,0x00,0x00,0x00,0x00,
    0x00,0x00,0x00,0x00,0x00,0x00,0x00,0x00,0x00,0x00,0x00,0x00,0x00,0x00,0x00,0x00,0x00,0x00,0x00,0x00,0x00,0x00,0x00,0x00,
    0x00,0x00,0x00,0x00,0xff,0x57,0x00,0x00,0xbf,0x7e,0x7f,0x8f,0xdf,0x86,0x9f,0x7e,0x9f,0x7e,0x3f,0x8f,0x9f,0x7e,0x9f,0x7e,
    0xff,0x97,0x9f,0x7e,0xff,0xaf,0x5f,0x6e,0x9f,0x7e,0xdf,0x7e,0x9f,0x7e,0xbf,0x7e,0x9f,0x7e,0x9f,0x7e,0xbf,0x86,0x9f,0x7e,
    0x9f,0x7e,0xff,0x86,0xbf,0x7e,0x00,0x00,0xbf,0x7e,0x7f,0x8f,0xdf,0x86,0x9f,0x7e,0x9f,0x7e,0x3f,0x8f,0x9f,0x7e,0x9f,0x7e,
    0xff,0x97,0x9f,0x7e,0x79,0x66,0xff,0x57,0x00,0x00,0x00,0x00,0x00,0x00,0x00,0x00,0x00,0x00,0x00,0x00,0x00,0x00,0x00,0x00,
    0x00,0x00,0x00,0x00,0x00,0x00,0x00,0x00,0x00,0x00,0x00,0x00,0x00,0x00,0x00,0x00,0x00,0x00,0x00,0x00,0x00,0x00,0x00,0x00,
    0x00,0x00,0x00,0x00,0x00,0x00,0x00,0x00,0x00,0x00,0x00,0x00,0x00,0x00,0xff,0x7f,0x00,0x00,0x9f,0x7e,0x9f,0x7e,0x00,0x00,
    0x9f,0x7e,0xbf,0x97,0xbf,0x7e,0xff,0x7e,0xff,0x86,0x9f,0x7e,0x00,0x00,0x7e,0x7e,0xdf,0x86,0x7f,0x8f,0xdf,0x86,0x9f,0x7e,
    0x9f,0x7e,0x9f,0x7e,0x9f,0x7e,0xbf,0x7e,0x3f,0x8f,0x9f,0x97,0x9f,0x7e,0x00,0x00,0x00,0x00,0x9f,0x7e,0x9f,0x7e,0x00,0x00,
    0x9f,0x7e,0xbf,0x97,0xbf,0x7e,0xff,0x7e,0xff,0x86,0x9f,0x7e,0x1f,0x00,0xff,0x7f,0x00,0x00,0x00,0x00,0x00,0x00,0x00,0x00,
    0x00,0x00,0x00,0x00,0x00,0x00,0x00,0x00,0x00,0x00,0x00,0x00,0x00,0x00,0x00,0x00,0x00,0x00,0x00,0x00,0x00,0x00,0x00,0x00,
    0x00,0x00,0x00,0x00,0x00,0x00,0x00,0x00,0x00,0x00,0x00,0x00,0x00,0x00,0x00,0x00,0x00,0x00,0x00,0x00,0x00,0x00,0x00,0x00,
    0x00,0x00,0x00,0x00,0x00,0x00,0xff,0x7f,0x9f,0x7e,0x3f,0x8f,0x5e,0x7e,0x00,0x00,0x00,0x00,0x00,0x00,0x00,0x00,0x79,0x66,
    0x9f,0x7e,0xdf,0x7e,0x9f,0x7e,0xff,0x86,0xbf,0x7e,0x9f,0x7e,0xdf,0x86,0xbf,0x7e,0x9f,0x7e,0x1f,0x87,0x1f,0x87,0x00,0x00,
    0xff,0x07,0x00,0x00,0x00,0x00,0xff,0x7f,0x9f,0x7e,0x3f,0x8f,0x5e,0x7e,0x00,0x00,0x00,0x00,0x00,0x00,0x00,0x00,0x00,0x00,
    0x00,0x00,0x00,0x00,0x00,0x00,0x00,0x00,0x00,0x00,0x00,0x00,0x00,0x00,0x00,0x00,0x00,0x00,0x00,0x00,0x00,0x00,0x00,0x00,
    0x00,0x00,0x00,0x00,0x00,0x00,0x00,0x00,0x00,0x00,0x00,0x00,0x00,0x00,0x00,0x00,0x00,0x00,0x00,0x00,0x00,0x00,0x00,0x00,
    0x00,0x00,0x00,0x00,0x00,0x00,0x00,0x00,0x00,0x00,0xff,0x57,0xff,0x7f,0x00,0x00,0x00,0x00,0x00,0x00,0x00,0x00,0xff,0x07,
    0xff,0xff,0xff,0x7b,0xff,0x07,0xff,0xff,0x00,0x00,0x9f,0x7e,0x1f,0x87,0x9f,0x7e,0x9f,0x7e,0xbf,0x7e,0x9f,0x7e,0x1f,0x87,
    0xbf,0x7e,0xbf,0x6d,0x00,0x00,0xff,0xff,0x00,0x00,0xff,0x57,0xff,0x7f,0x00,0x00,0x00,0x00,0x00,0x00,0x00,0x00,0xff,0x07,
    0xff,0xff,0xff,0x7b,0x00,0x00,0x00,0x00,0x00,0x00,0x00,0x00,0x00,0x00,0x00,0x00,0x00,0x00,0x00,0x00,0x00,0x00,0x00,0x00,
    0x00,0x00,0x00,0x00,0x00,0x00,0x00,0x00,0x00,0x00,0x00,0x00,0x00,0x00,0x00,0x00,0x00,0x00,0x00,0x00,0x00,0x00,0x00,0x00,
    0x00,0x00,0x00,0x00,0x00,0x00,0x00,0x00,0x00,0x00,0x00,0x00,0x00,0x00,0x00,0x00,0x00,0x00,0x00,0x00,0x00,0x00,0x00,0x00,
    0xff,0x7f,0xff,0xaf,0xff,0x07,0x00,0x00,0x00,0x00,0x00,0x00,0xff,0x57,0x00,0x00,0xbf,0x7e,0x7f,0x8f,0xdf,0x86,0x9f,0x7e,
    0x9f,0x7e,0x3f,0x8f,0x9f,0x7e,0x9f,0x7e,0xff,0x97,0x9f,0x7e,0x79,0x66,0xff,0x57,0x00,0x00,0x00,0x00,0x00,0x00,0x00,0x00,
    0xff,0x7f,0xff,0xaf,0xff,0x07,0x00,0x00,0x00,0x00,0x00,0x00,0x00,0x00,0x00,0x00,0x00,0x00,0x00,0x00,0x00,0x00,0x00,0x00,
    0x00,0x00,0x00,0x00,0x00,0x00,0x00,0x00,0x00,0x00,0x00,0x00,0x00,0x00,0x00,0x00,0x00,0x00,0x00,0x00,0x00,0x00,0x00,0x00,
    0x00,0x00,0x00,0x00,0x00,0x00,0x00,0x00,0x00,0x00,0x00,0x00,0x00,0x00,0x00,0x00,0x00,0x00,0x00,0x00,0x00,0x00,0x00,0x00,
    0x00,0x00,0x00,0x00,0x00,0x00,0x00,0x00,0x00,0x00,0x00,0x00,0x00,0x00,0x00,0x00,0x00,0x00,0x00,0x00,0x00,0x00,0xff,0x7f,
    0x00,0x00,0x9f,0x7e,0x9f,0x7e,0x00,0x00,0x9f,0x7e,0xbf,0x97,0xbf,0x7e,0xff,0x7e,0xff,0x86,0x9f,0x7e,0x1f,0x00,0xff,0x7f,
    0x00,0x00,0x00,0x00,0x00,0x00,0x00,0x00,0x00,0x00,0x00,0x00,0x00,0x00,0x00,0x00,0x00,0x00,0x00,0x00,0x00,0x00,0x00,0x00,
    0x00,0x00,0x00,0x00,0x00,0x00,0x00,0x00,0x00,0x00,0x00,0x00,0x00,0x00,0x00,0x00,0x00,0x00,0x00,0x00,0x00,0x00,0x00,0x00,
    0x00,0x00,0x00,0x00,0x00,0x00,0x00,0x00,0x00,0x00,0x00,0x00,0x00,0x00,0x00,0x00,0x00,0x00,0x00,0x00,0x00,0x00,0x00,0x00,
    0x00,0x00,0x00,0x00,0x00,0x00,0x00,0x00,0x00,0x00,0x00,0x00,0x00,0x00,0x00,0x00,0x00,0x00,0x00,0x00,0x00,0x00,0x00,0x00,
    0x00,0x00,0x00,0x00,0x00,0x00,0x00,0x00,0x00,0x00,0x00,0x00,0x00,0x00,0xff,0x7f,0x9f,0x7e,0x3f,0x8f,0x5e,0x7e,0x00,0x00,
    0x00,0x00,0x00,0x00,0x00,0x00,0x00,0x00,0x00,0x00,0x00,0x00,0x00,0x00,0x00,0x00,0x00,0x00,0x00,0x00,0x00,0x00,0x00,0x00,
    0x00,0x00,0x00,0x00,0x00,0x00,0x00,0x00,0x00,0x00,0x00,0x00,0x00,0x00,0x00,0x00,0x00,0x00,0x00,0x00,0x00,0x00,0x00,0x00,
    0x00,0x00,0x00,0x00,0x00,0x00,0x00,0x00,0x00,0x00,0x00,0x00,0x00,0x00,0x00,0x00,0x00,0x00,0x00,0x00,0x00,0x00,0x00,0x00,
    0x00,0x00,0x00,0x00,0x00,0x00,0x00,0x00,0x00,0x00,0x00,0x00,0x00,0x00,0x00,0x00,0x00,0x00,0x00,0x00,0x00,0x00,0x00,0x00,
    0x00,0x00,0x00,0x00,0x00,0x00,0x00,0x00,0x00,0x00,0x00,0x00,0x00,0x00,0x00,0x00,0x00,0x00,0xff,0x57,0xff,0x7f,0x00,0x00,
    0x00,0x00,0x00,0x00,0x00,0x00,0xff,0x07,0xff,0xff,0xff,0x7b,0x00,0x00,0x00,0x00,0x00,0x00,0x00,0x00,0x00,0x00,0x00,0x00,
    0x00,0x00,0x00,0x00,0x00,0x00,0x00,0x00,0x00,0x00,0x00,0x00,0x00,0x00,0x00,0x00,0x00,0x00,0x00,0x00,0x00,0x00,0x00,0x00,
    0x00,0x00,0x00,0x00,0x00,0x00,0x00,0x00,0x00,0x00,0x00,0x00,0x00,0x00,0x00,0x00,0x00,0x00,0x00,0x00,0x00,0x00,0x00,0x00,
    0x00,0x00,0x00,0x00,0x00,0x00,0x00,0x00,0x00,0x00,0x00,0x00,0x00,0x00,0x00,0x00,0x00,0x00,0x00,0x00,0x00,0x00,0x00,0x00,
    0x00,0x00,0x00,0x00,0x00,0x00,0x00,0x00,0x00,0x00,0x00,0x00,0x00,0x00,0x00,0x00,0x00,0x00,0x00,0x00,0x00,0x00,0x00,0x00,
    0x00,0x00,0x00,0x00,0x00,0x00,0x00,0x00,0xff,0x7f,0xff,0xaf,0xff,0x07,0x00,0x00,0x00,0x00,0x00,0x00,0x00,0x00,0x00,0x00,
    0x00,0x00,0x00,0x00,0x00,0x00,0x00,0x00,0x00,0x00,0x00,0x00,0x00,0x00,0x00,0x00,0x00,0x00,0x00,0x00,0x00,0x00,0x00,0x00,
    0x00,0x00,0x00,0x00,0x00,0x00,0x00,0x00,0x00,0x00,0x00,0x00,0x00,0x00,0x00,0x00,0x00,0x00,0x00,0x00,0x00,0x00,0x00,0x00,
    0x00,0x00,0x00,0x00,0x00,0x00,0x00,0x00,0x00,0x00,0x00,0x00,0x00,0x00,0x00,0x00,0x00,0x00,0x00,0x00,0x00,0x00,0x00,0x00,
    0x00,0x00,0x00,0x00,0x00,0x00,0x00,0x00,0x00,0x00,0x00,0x00,0x00,0x00,0x00,0x00,0x00,0x00,0x00,0x00,0x00,0x00,0x00,0x00,
    0x00,0x00,0x00,0x00,0x00,0x00,0x00,0x00,0x00,0x00,0x00,0x00,0x00,0x00,0x00,0x00,0x00,0x00,0x00,0x00,0x00,0x00,0x00,0x00,
    0x00,0x00,0x00,0x00,0x00,0x00,0x00,0x00,0x00,0x00,0x00,0x00,0x00,0x00,0x00,0x00,0x00,0x00,0x00,0x00,0x00,0x00,0x00,0x00,
    0x00,0x00,0x00,0x00,0x00,0x00,0x00,0x00,0x00,0x00,0x00,0x00,0x00,0x00,0x00,0x00,0x00,0x00,0x00,0x00,0x00,0x00,0x00,0x00,
    0x00,0x00,0x00,0x00,0x00,0x00,0x00,0x00,0x00,0x00,0x00,0x00,0x00,0x00,0x00,0x00,0x00,0x00,0x00,0x00,0x00,0x00,0x00,0x00,
    0x00,0x00,0x00,0x00,0x00,0x00,0x00,0x00,0x00,0x00,0x00,0x00,0x00,0x00,0x00,0x00,0x00,0x00,0x00,0x00,0x00,0x00,0x00,0x00,
    0x00,0x00,0x00,0x00,0x00,0x00,0x00,0x00,0x00,0x00,0x00,0x00,0x00,0x00,0x00,0x00,0x00,0x00,0x00,0x00,0x00,0x00,0x00,0x00,
    0x00,0x00,0x00,0x00,0x00,0x00,0x00,0x00,0x00,0x00,0x00,0x00,0x00,0x00,0x00,0x00,0x00,0x00,0x00,0x00,0x00,0x00,0x00,0x00,
    0x00,0x00,0x00,0x00,0x00,0x00,0x00,0x00,0x00,0x00,0x00,0x00,0x00,0x00,0x00,0x00,0x00,0x00,0x00,0x00,0x00,0x00,0x00,0x00,
    0x00,0x00,0x00,0x00,0x00,0x00,0x00,0x00,0x00,0x00,0x00,0x00,0x00,0x00,0x00,0x00,0x00,0x00,0x00,0x00,0x00,0x00,0x00,0x00,
    0x00,0x00,0x00,0x00,0x00,0x00,0x00,0x00,0x00,0x00,0x00,0x00,0x00,0x00,0x00,0x00,0x00,0x00,0x00,0x00,0x00,0x00,0x00,0x00,
    0x00,0x00,0x00,0x00,0x00,0x00,0x00,0x00,0x00,0x00,0x00,0x00,0x00,0x00,0x00,0x00,0x00,0x00,0x00,0x00,0x00,0x00,0x00,0x00,
    0x00,0x00,0x00,0x00,0x00,0x00,0x00,0x00,0x00,0x00,0x00,0x00,0x00,0x00,0x00,0x00,0x00,0x00,0x00,0x00,0x00,0x00,0x00,0x00,
    0x00,0x00,0x00,0x00,0x00,0x00,0x00,0x00,0x00,0x00,0x00,0x00,0x00,0x00,0x00,0x00,0x00,0x00,0x00,0x00,0x00,0x00,0x00,0x00,
    0x00,0x00,0x00,0x00,0x00,0x00,0x00,0x00,0x00,0x00,0x00,0x00,0x00,0x00,0x00,0x00,0x00,0x00,0x00,0x00,0x00,0x00,0x00,0x00,
    0x00,0x00,0x00,0x00,0x00,0x00,0x00,0x00,0x00,0x00,0x00,0x00,0x00,0x00,0x00,0x00,0x00,0x00,0x00,0x00,0x00,0x00,0x00,0x00,
    0x00,0x00,0x00,0x00,0x00,0x00,0x00,0x00,0x00,0x00,0x00,0x00,0x00,0x00,0x00,0x00,0x00,0x00,0x00,0x00,0x00,0x00,0x00,0x00,
    0x00,0x00,0x00,0x00,0x00,0x00,0x00,0x00,0x00,0x00,0x00,0x00,0x00,0x00,0x00,0x00,0x00,0x00,0x00,0x00,0x00,0x00,0x00,0x00,
    0x00,0x00,0x00,0x00,0x00,0x00,0x00,0x00,0x00,0x00,0x00,0x00,0x00,0x00,0x00,0x00,0x00,0x00,0x00,0x00,0x00,0x00,0x00,0x00,
    0x00,0x00,0x00,0x00,0x00,0x00,0x00,0x00,0x00,0x00,0x00,0x00,0x00,0x00,0x00,0x00,0x00,0x00,0x00,0x00,0x00,0x00,0x00,0x00,
    0x00,0x00,0x00,0x00,0x00,0x00,0x00,0x00,0x00,0x00,0x00,0x00,0x00,0x00,0x00,0x00,0x00,0x00,0x00,0x00,0x00,0x00,0x00,0x00,
    0x00,0x00,0x00,0x00,0x00,0x00,0x00,0x00,0x00,0x00,0x00,0x00,0x00,0x00,0x00,0x00,0x00,0x00,0x00,0x00,0x00,0x00,0x00,0x00,
    0x00,0x00,0x00,0x00,0x00,0x00,0x00,0x00,0x00,0x00,0x00,0x00,0x00,0x00,0x00,0x00,0x00,0x00,0x00,0x00,0x00,0x00,0x00,0x00,
    0x00,0x00,0x00,0x00,0x00,0x00,0x00,0x00,0x00,0x00,0x00,0x00,0x00,0x00,0x00,0x00,0x00,0x00,0x00,0x00,0x00,0x00,0x00,0x00,
    0x00,0x00,0x00,0x00,0x00,0x00,0x00,0x00,0x00,0x00,0x00,0x00,0x00,0x00,0x00,0x00,0x00,0x00,0x00,0x00,0x00,0x00,0x00,0x00,
    0x00,0x00,0x00,0x00,0x00,0x00,0x00,0x00,0x00,0x00,0x00,0x00,0x00,0x00,0x00,0x00,0x00,0x00,0x00,0x00,0x00,0x00,0x00,0x00,
    0x00,0x00,0x00,0x00,0x00,0x00,0x00,0x00,0x00,0x00,0x00,0x00,0x00,0x00,0x00,0x00,0x00,0x00,0x00,0x00,0x00,0x00,0x00,0x00,
    0x00,0x00,0x00,0x00,0x00,0x00,0x00,0x00,0x00,0x00,0x00,0x00,0x00,0x00,0x00,0x00,0x00,0x00,0x00,0x00,0x00,0x00,0x00,0x00,
    0x00,0x00,0x00,0x00,0x00,0x00,0x00,0x00,0x00,0x00,0x00,0x00,0x00,0x00,0x00,0x00,0x00,0x00,0x00,0x00,0x00,0x00,0x00,0x00,
    0x00,0x00,0x00,0x00,0x00,0x00,0x00,0x00,0x00,0x00,0x00,0x00,0x00,0x00,0x00,0x00,0x00,0x00,0x00,0x00,0x01,0x01,0x01,0x01,
    0x00,0x00,0x00,0x00,0x00,0x00,0x00,0x00,0x00,0x00,0x00,0x00,0x00,0x00,0x00,0x00,0x00,0x00,0x00,0x00,0x00,0x00,0x00,0x00,
    0x00,0x00,0x00,0x00,0x00,0x00,0x00,0x00,0x00,0x00,0x00,0x00,0x00,0x00,0x00,0x00,0x00,0x00,0x00,0x00,0x00,0x00,0x00,0x00,
    0x00,0x00,0x00,0x00,0x00,0x00,0x00,0x00,0x00,0x01,0x03,0x03,0x00,0x00,0x00,0x00,0x03,0x04,0x01,0x00,0x00,0x00,0x00,0x00,
    0x00,0x00,0x00,0x00,0x00,0x00,0x00,0x00,0x00,0x00,0x00,0x00,0x00,0x00,0x00,0x00,0x00,0x00,0x00,0x00,0x00,0x00,0x00,0x00,
    0x00,0x00,0x00,0x00,0x00,0x00,0x00,0x00,0x00,0x00,0x00,0x00,0x00,0x00,0x00,0x00,0x00,0x00,0x00,0x00,0x00,0x00,0x00,0x00,
    0x03,0x00,0x00,0x00,0x03,0x10,0x10,0x09,0x00,0x00,0x00,0x03,0x00,0x00,0x00,0x00,0x00,0x00,0x00,0x00,0x00,0x00,0x00,0x00,
    0x00,0x00,0x00,0x00,0x00,0x00,0x00,0x00,0x00,0x00,0x00,0x00,0x00,0x00,0x00,0x00,0x00,0x00,0x00,0x00,0x00,0x00,0x00,0x00,
    0x00,0x00,0x00,0x00,0x00,0x00,0x00,0x00,0x00,0x00,0x00,0x00,0x00,0x00,0x00,0x03,0x00,0x06,0x5e,0x9e,0xd5,0xee,0xee,0xe1,
    0xad,0x70,0x16,0x00,0x01,0x01,0x00,0x00,0x00,0x00,0x00,0x00,0x00,0x00,0x00,0x00,0x00,0x00,0x00,0x00,0x00,0x00,0x00,0x00,
    0x00,0x00,0x00,0x00,0x00,0x00,0x00,0x00,0x00,0x00,0x00,0x00,0x00,0x00,0x00,0x00,0x00,0x00,0x00,0x00,0x00,0x00,0x00,0x00,
    0x00,0x00,0x00,0x00,0x00,0x01,0x02,0x00,0x57,0xd4,0xff,0xff,0xff,0xff,0xff,0xff,0xff,0xff,0xe9,0x7d,0x00,0x00,0x02,0x00,
    0x00,0x00,0x00,0x00,0x00,0x00,0x00,0x00,0x00,0x00,0x00,0x00,0x00,0x00,0x00,0x00,0x00,0x00,0x00,0x00,0x00,0x00,0x00,0x00,
    0x00,0x00,0x00,0x00,0x00,0x00,0x00,0x00,0x00,0x00,0x00,0x00,0x00,0x00,0x00,0x00,0x00,0x00,0x00,0x00,0x01,0x01,0x00,0x8f,
    0xff,0xff,0xfb,0xfb,0xfd,0xfe,0xfe,0xfd,0xfc,0xfb,0xff,0xff,0xb8,0x12,0x00,0x02,0x00,0x00,0x00,0x00,0x00,0x00,0x00,0x00,
    0x00,0x00,0x00,0x00,0x00,0x00,0x00,0x00,0x00,0x00,0x00,0x00,0x00,0x00,0x00,0x00,0x00,0x00,0x00,0x00,0x00,0x00,0x00,0x00,
    0x00,0x00,0x00,0x00,0x00,0x00,0x00,0x00,0x00,0x00,0x00,0x00,0x03,0x01,0x9a,0xff,0xfc,0xfd,0xff,0xff,0xff,0xff,0xff,0xff,
    0xff,0xff,0xfe,0xfa,0xff,0xca,0x13,0x02,0x01,0x00,0x00,0x00,0x00,0x00,0x00,0x00,0x00,0x00,0x00,0x00,0x00,0x00,0x00,0x00,
    0x00,0x00,0x00,0x00,0x00,0x00,0x00,0x00,0x00,0x00,0x00,0x00,0x00,0x00,0x00,0x00,0x00,0x00,0x00,0x00,0x00,0x00,0x00,0x00,
    0x00,0x01,0x01,0x04,0x00,0x7f,0xff,0xf9,0xff,0xff,0xff,0xff,0xff,0xff,0xff,0xff,0xff,0xff,0xff,0xff,0xfa,0xff,0xbb,0x00,
    0x03,0x00,0x00,0x00,0x00,0x00,0x00,0x00,0x00,0x00,0x00,0x00,0x00,0x00,0x00,0x00,0x00,0x00,0x00,0x00,0x00,0x00,0x00,0x00,
    0x00,0x00,0x00,0x00,0x00,0x00,0x00,0x00,0x00,0x00,0x00,0x00,0x00,0x00,0x01,0x04,0x02,0x00,0x00,0x00,0x32,0xfa,0xfb,0xfe,
    0xff,0xff,0xff,0xff,0xff,0xff,0xff,0xff,0xff,0xff,0xff,0xff,0xff,0xfa,0xff,0x6b,0x00,0x03,0x00,0x00,0x00,0x00,0x00,0x00,
    0x00,0x00,0x00,0x00,0x00,0x00,0x00,0x00,0x00,0x00,0x00,0x00,0x00,0x00,0x00,0x00,0x00,0x00,0x00,0x00,0x00,0x00,0x00,0x00,
    0x00,0x00,0x00,0x00,0x00,0x03,0x00,0x00,0x00,0x0f,0x13,0x14,0xc2,0xff,0xfc,0xff,0xff,0xff,0xff,0xff,0xff,0xff,0xff,0xff,
    0xff,0xff,0xff,0xff,0xff,0xfe,0xfd,0xee,0x15,0x01,0x01,0x00,0x00,0x00,0x00,0x00,0x00,0x00,0x00,0x00,0x00,0x00,0x00,0x00,
    0x00,0x00,0x00,0x00,0x00,0x00,0x00,0x00,0x00,0x00,0x00,0x00,0x00,0x00,0x00,0x00,0x00,0x00,0x00,0x01,0x01,0x00,0x16,0x74,
    0xbc,0xeb,0xee,0xf0,0xff,0xfe,0xff,0xff,0xff,0xff,0xff,0xff,0xff,0xff,0xff,0xff,0xff,0xff,0xff,0xff,0xff,0xff,0xfc,0xff,
    0x60,0x02,0x08,0x02,0x00,0x00,0x00,0x00,0x00,0x00,0x00,0x00,0x00,0x00,0x00,0x00,0x00,0x00,0x00,0x00,0x00,0x00,0x00,0x00,
    0x00,0x00,0x00,0x00,0x00,0x00,0x00,0x00,0x00,0x00,0x01,0x00,0x00,0x7c,0xe9,0xff,0xff,0xff,0xff,0xff,0xfe,0xff,0xff,0xff,
    0xff,0xff,0xff,0xff,0xff,0xff,0xff,0xff,0xff,0xff,0xff,0xff,0xff,0xff,0xfc,0xfe,0xb5,0x00,0x00,0x00,0x03,0x00,0x00,0x00,
    0x00,0x00,0x00,0x00,0x00,0x00,0x00,0x00,0x00,0x00,0x00,0x00,0x00,0x00,0x00,0x00,0x00,0x00,0x00,0x00,0x00,0x00,0x00,0x00,
    0x00,0x01,0x01,0x13,0xb8,0xff,0xff,0xfb,0xfc,0xfe,0xfe,0xfe,0xff,0xff,0xff,0xff,0xff,0xff,0xff,0xff,0xff,0xff,0xff,0xff,
    0xff,0xff,0xff,0xff,0xff,0xff,0xff,0xff,0xf9,0xbc,0x74,0x22,0x00,0x02,0x00,0x00,0x00,0x00,0x00,0x00,0x00,0x00,0x00,0x00,
    0x00,0x00,0x00,0x00,0x00,0x00,0x00,0x00,0x00,0x00,0x00,0x00,0x00,0x00,0x00,0x00,0x00,0x03,0x02,0xbb,0xff,0xf9,0xfe,0xff,
    0xff,0xff,0xff,0xff,0xff,0xff,0xff,0xff,0xff,0xff,0xff,0xff,0xff,0xff,0xff,0xff,0xff,0xff,0xff,0xff,0xff,0xff,0xff,0xff,
    0xff,0xff,0xff,0xf0,0x6d,0x00,0x02,0x01,0x00,0x00,0x00,0x00,0x00,0x00,0x00,0x00,0x00,0x00,0x00,0x00,0x00,0x00,0x00,0x00,
    0x00,0x00,0x00,0x00,0x00,0x00,0x00,0x00,0x03,0x00,0x7a,0xff,0xf9,0xff,0xff,0xff,0xff,0xff,0xff,0xff,0xff,0xff,0xff,0xff,
    0xff,0xff,0xff,0xff,0xff,0xff,0xff,0xff,0xff,0xff,0xff,0xff,0xff,0xff,0xff,0xff,0xff,0xfc,0xfb,0xff,0xff,0x9a,0x01,0x03,
    0x00,0x00,0x00,0x00,0x00,0x00,0x00,0x00,0x00,0x00,0x00,0x00,0x00,0x00,0x00,0x00,0x00,0x00,0x00,0x00,0x00,0x00,0x00,0x01,
    0x01,0x15,0xed,0xfd,0xfe,0xff,0xff,0xff,0xff,0xff,0xff,0xff,0xff,0xff,0xff,0xff,0xff,0xff,0xff,0xff,0xff,0xff,0xff,0xff,
    0xff,0xff,0xff,0xff,0xff,0xff,0xff,0xff,0xff,0xff,0xff,0xfe,0xf9,0xff,0x7f,0x00,0x03,0x00,0x00,0x00,0x00,0x00,0x00,0x00,
    0x00,0x00,0x00,0x00,0x00,0x00,0x00,0x00,0x00,0x00,0x00,0x00,0x00,0x00,0x00,0x04,0x00,0x76,0xff,0xfb,0xff,0xff,0xff,0xff,
    0xff,0xff,0xff,0xff,0xff,0xff,0xff,0xff,0xff,0xff,0xff,0xff,0xff,0xff,0xff,0xff,0xff,0xff,0xff,0xff,0xff,0xff,0xff,0xff,
    0xff,0xff,0xff,0xff,0xfe,0xfb,0xfa,0x34,0x00,0x02,0x00,0x00,0x00,0x00,0x00,0x00,0x00,0x00,0x00,0x00,0x00,0x00,0x00,0x00,
    0x00,0x00,0x00,0x00,0x00,0x00,0x00,0x02,0x04,0xc0,0xfe,0xfc,0xff,0xff,0xff,0xff,0xff,0xff,0xff,0xff,0xff,0xff,0xff,0xff,
    0xff,0xff,0xff,0xff,0xff,0xff,0xff,0xff,0xff,0xff,0xff,0xff,0xff,0xff,0xff,0xff,0xff,0xff,0xff,0xff,0xff,0xfb,0xff,0xa4,
    0x00,0x03,0x00,0x00,0x00,0x00,0x00,0x00,0x00,0x00,0x00,0x00,0x00,0x00,0x00,0x00,0x00,0x00,0x00,0x00,0x00,0x00,0x01,0x01,
    0x01,0xea,0xff,0xfe,0xff,0xff,0xff,0xff,0xff,0xff,0xff,0xff,0xff,0xff,0xff,0xff,0xff,0xff,0xff,0xff,0xff,0xff,0xff,0xff,
    0xff,0xff,0xff,0xff,0xff,0xff,0xff,0xff,0xff,0xff,0xff,0xff,0xff,0xfe,0xff,0xe4,0x0a,0x00,0x01,0x00,0x00,0x00,0x00,0x00,
    0x00,0x00,0x00,0x00,0x00,0x00,0x00,0x00,0x00,0x00,0x00,0x00,0x00,0x01,0x01,0x00,0x81,0xfb,0xfe,0xff,0xff,0xff,0xff,0xff,
    0xff,0xff,0xff,0xff,0xff,0xff,0xff,0xff,0xff,0xff,0xff,0xff,0xff,0xff,0xff,0xff,0xff,0xff,0xff,0xff,0xff,0xff,0xff,0xff,
    0xff,0xff,0xff,0xff,0xff,0xff,0xfe,0xfc,0x35,0x00,0x03,0x00,0x00,0x00,0x00,0x00,0x00,0x00,0x00,0x00,0x00,0x00,0x00,0x00,
    0x00,0x00,0x00,0x00,0x00,0x03,0x01,0x9a,0xff,0xfd,0xff,0xff,0xff,0xff,0xff,0xff,0xff,0xff,0xff,0xff,0xff,0xff,0xff,0xff,
    0xff,0xff,0xff,0xff,0xff,0xff,0xff,0xff,0xff,0xff,0xff,0xff,0xff,0xff,0xff,0xff,0xff,0xff,0xff,0xff,0xff,0xff,0xfd,0xff,
    0x44,0x00,0x03,0x00,0x00,0x00,0x00,0x00,0x00,0x00,0x00,0x00,0x00,0x00,0x00,0x00,0x00,0x00,0x00,0x00,0x03,0x00,0x7f,0xff,
    0xf9,0xff,0xff,0xff,0xff,0xff,0xff,0xff,0xff,0xff,0xff,0xff,0xff,0xff,0xff,0xff,0xff,0xff,0xff,0xff,0xff,0xff,0xff,0xff,
    0xff,0xff,0xff,0xff,0xff,0xff,0xff,0xff,0xff,0xff,0xff,0xff,0xff,0xff,0xfd,0xfe,0x3e,0x00,0x03,0x00,0x00,0x00,0x00,0x00,
    0x00,0x00,0x00,0x00,0x00,0x00,0x00,0x00,0x00,0x00,0x00,0x02,0x00,0x29,0xfa,0xfc,0xfe,0xff,0xff,0xff,0xff,0xff,0xff,0xff,
    0xff,0xff,0xff,0xff,0xff,0xff,0xff,0xff,0xff,0xff,0xff,0xff,0xff,0xff,0xff,0xff,0xff,0xff,0xff,0xff,0xff,0xff,0xff,0xff,
    0xff,0xff,0xff,0xff,0xff,0xfe,0xff,0xee,0x13,0x00,0x01,0x00,0x00,0x00,0x00,0x00,0x00,0x00,0x00,0x00,0x00,0x00,0x00,0x00,
    0x00,0x00,0x00,0x04,0x00,0x8d,0xff,0xfb,0xff,0xff,0xff,0xff,0xff,0xff,0xff,0xff,0xff,0xff,0xff,0xff,0xff,0xff,0xff,0xff,
    0xff,0xff,0xff,0xff,0xff,0xff,0xff,0xff,0xff,0xff,0xff,0xff,0xff,0xff,0xff,0xff,0xff,0xff,0xff,0xff,0xff,0xfc,0xfe,0xb8,
    0x00,0x03,0x00,0x00,0x00,0x00,0x00,0x00,0x00,0x00,0x00,0x00,0x00,0x00,0x00,0x00,0x00,0x00,0x00,0x01,0x04,0xcd,0xfe,0xfd,
    0xff,0xff,0xff,0xff,0xff,0xff,0xff,0xff,0xff,0xff,0xff,0xff,0xff,0xff,0xff,0xff,0xff,0xff,0xff,0xff,0xff,0xff,0xff,0xff,
    0xff,0xff,0xff,0xff,0xff,0xff,0xff,0xff,0xff,0xff,0xff,0xff,0xff,0xfa,0xff,0x51,0x00,0x03,0x00,0x00,0x00,0x00,0x00,0x00,
    0x00,0x00,0x00,0x00,0x00,0x00,0x00,0x00,0x00,0x00,0x01,0x00,0x11,0xee,0xff,0xfe,0xff,0xff,0xff,0xff,0xff,0xff,0xff,0xff,
    0xff,0xff,0xff,0xff,0xff,0xff,0xff,0xff,0xff,0xff,0xff,0xff,0xff,0xff,0xff,0xff,0xff,0xff,0xff,0xff,0xff,0xff,0xff,0xff,
    0xff,0xff,0xff,0xff,0xf9,0xff,0xaa,0x00,0x03,0x00,0x00,0x00,0x00,0x00,0x00,0x00,0x00,0x00,0x00,0x00,0x00,0x00,0x00,0x00,
    0x00,0x00,0x01,0x00,0x12,0xf0,0xff,0xfe,0xff,0xff,0xff,0xff,0xff,0xff,0xff,0xff,0xff,0xff,0xff,0xff,0xff,0xff,0xff,0xff,
    0xff,0xff,0xff,0xff,0xff,0xff,0xff,0xff,0xff,0xff,0xff,0xff,0xff,0xff,0xff,0xff,0xff,0xff,0xff,0xfc,0xff,0xca,0x12,0x02,
    0x01,0x00,0x00,0x00,0x00,0x00,0x00,0x00,0x00,0x00,0x00,0x00,0x00,0x00,0x00,0x00,0x00,0x00,0x00,0x01,0x08,0xd9,0xff,0xfd,
    0xff,0xff,0xff,0xff,0xff,0xff,0xff,0xff,0xff,0xff,0xff,0xff,0xff,0xff,0xff,0xff,0xff,0xff,0xff,0xff,0xff,0xff,0xff,0xff,
    0xff,0xff,0xff,0xff,0xff,0xff,0xff,0xff,0xff,0xff,0xfd,0xff,0xaa,0x11,0x00,0x02,0x00,0x00,0x00,0x00,0x00,0x00,0x00,0x00,
    0x00,0x00,0x00,0x00,0x00,0x00,0x00,0x00,0x00,0x00,0x00,0x03,0x00,0xa1,0xfe,0xfb,0xff,0xff,0xff,0xff,0xff,0xff,0xff,0xff,
    0xff,0xff,0xff,0xff,0xff,0xff,0xff,0xff,0xff,0xff,0xff,0xff,0xff,0xff,0xff,0xff,0xff,0xff,0xff,0xff,0xff,0xff,0xff,0xff,
    0xff,0xfd,0xfd,0xdd,0x00,0x00,0x02,0x00,0x00,0x00,0x00,0x00,0x00,0x00,0x00,0x00,0x00,0x00,0x00,0x00,0x00,0x00,0x00,0x00,
    0x00,0x00,0x00,0x03,0x00,0x42,0xff,0xfb,0xff,0xff,0xff,0xff,0xff,0xff,0xff,0xff,0xff,0xff,0xff,0xff,0xff,0xff,0xff,0xff,
    0xff,0xff,0xff,0xff,0xff,0xff,0xff,0xff,0xff,0xff,0xff,0xff,0xff,0xff,0xff,0xff,0xff,0xfa,0xff,0x7f,0x00,0x05,0x00,0x00,
    0x00,0x00,0x00,0x00,0x00,0x00,0x00,0x00,0x00,0x00,0x00,0x00,0x00,0x00,0x00,0x00,0x00,0x00,0x00,0x00,0x03,0x00,0xaa,0xff,
    0xf9,0xff,0xff,0xff,0xff,0xff,0xff,0xff,0xff,0xff,0xff,0xff,0xff,0xff,0xff,0xff,0xff,0xff,0xff,0xff,0xff,0xff,0xff,0xff,
    0xff,0xff,0xff,0xff,0xff,0xff,0xff,0xff,0xfb,0xff,0xde,0x0f,0x02,0x01,0x00,0x00,0x00,0x00,0x00,0x00,0x00,0x00,0x00,0x00,
    0x00,0x00,0x00,0x00,0x00,0x00,0x00,0x00,0x00,0x00,0x00,0x00,0x01,0x02,0x12,0xca,0xff,0xfa,0xfc,0xfe,0xff,0xff,0xff,0xff,
    0xff,0xff,0xff,0xff,0xff,0xff,0xff,0xff,0xff,0xff,0xff,0xff,0xff,0xff,0xff,0xff,0xff,0xff,0xff,0xff,0xff,0xfe,0xfd,0xfa,
    0xff,0xee,0x34,0x00,0x02,0x00,0x00,0x00,0x00,0x00,0x00,0x00,0x00,0x00,0x00,0x00,0x00,0x00,0x00,0x00,0x00,0x00,0x00,0x00,
    0x00,0x00,0x00,0x00,0x00,0x02,0x00,0x12,0xb8,0xff,0xff,0xff,0xfd,0xfd,0xfd,0xfd,0xfd,0xfd,0xfd,0xfd,0xfd,0xfd,0xfd,0xfd,
    0xfd,0xfd,0xfd,0xfd,0xfd,0xfd,0xfd,0xfd,0xfd,0xfd,0xfd,0xfd,0xfd,0xff,0xff,0xff,0xd9,0x35,0x00,0x03,0x00,0x00,0x00,0x00,
    0x00,0x00,0x00,0x00,0x00,0x00,0x00,0x00,0x00,0x00,0x00,0x00,0x00,0x00,0x00,0x00,0x00,0x00,0x00,0x00,0x00,0x00,0x02,0x00,
    0x00,0x62,0xc6,0xf4,0xff,0xff,0xff,0xff,0xff,0xff,0xff,0xff,0xff,0xff,0xff,0xff,0xff,0xff,0xff,0xff,0xff,0xff,0xff,0xff,
    0xff,0xff,0xff,0xff,0xff,0xfb,0xd5,0x80,0x0f,0x00,0x03,0x00,0x00,0x00,0x00,0x00,0x00,0x00,0x00,0x00,0x00,0x00,0x00,0x00,
    0x00,0x00,0x00,0x00,0x00,0x00,0x00,0x00,0x00,0x00,0x00,0x00,0x00,0x00,0x00,0x01,0x01,0x00,0x00,0x1d,0x42,0x42,0x42,0x41,
    0x41,0x41,0x41,0x41,0x41,0x41,0x41,0x41,0x41,0x41,0x41,0x41,0x41,0x41,0x41,0x41,0x41,0x41,0x41,0x41,0x42,0x2a,0x03,0x00,
    0x00,0x02,0x00,0x00,0x00,0x00,0x00,0x00,0x00,0x00,0x00,0x00,0x00,0x00,0x00,0x00,0x00,0x00,0x00,0x00,0x00,0x00,0x00,0x00,
    0x00,0x00,0x00,0x00,0x00,0x00,0x00,0x00,0x00,0x06,0x02,0x00,0x00,0x00,0x00,0x00,0x00,0x00,0x00,0x00,0x00,0x00,0x00,0x00,
    0x00,0x00,0x00,0x00,0x00,0x00,0x00,0x00,0x00,0x00,0x00,0x00,0x00,0x00,0x00,0x04,0x04,0x01,0x00,0x00,0x00,0x00,0x00,0x00,
    0x00,0x00,0x00,0x00,0x00,0x00,0x00,0x00,0x00,0x00,0x00,0x00,0x00,0x00,0x00,0x00,0x00,0x00,0x00,0x00,0x00,0x00,0x00,0x00,
    0x01,0x00,0x00,0x03,0x0f,0x14,0x08,0x05,0x00,0x00,0x03,0x03,0x03,0x03,0x03,0x03,0x03,0x03,0x03,0x03,0x03,0x03,0x03,0x03,
    0x05,0x00,0x00,0x04,0x0f,0x13,0x06,0x02,0x00,0x00,0x00,0x00,0x00,0x00,0x00,0x00,0x00,0x00,0x00,0x00,0x00,0x00,0x00,0x00,
    0x00,0x00,0x00,0x00,0x00,0x00,0x00,0x00,0x00,0x00,0x00,0x00,0x00,0x00,0x00,0x02,0x00,0x30,0x1c,0x00,0xb2,0xee,0x38,0x00,
    0x7b,0x1a,0x00,0x01,0x00,0x00,0x00,0x00,0x00,0x00,0x00,0x00,0x00,0x00,0x00,0x02,0x00,0x30,0x1c,0x00,0xb2,0xee,0x38,0x00,
    0x7b,0x1a,0x00,0x01,0x00,0x00,0x00,0x00,0x00,0x00,0x00,0x00,0x00,0x00,0x00,0x00,0x00,0x00,0x00,0x00,0x00,0x00,0x00,0x00,
    0x00,0x00,0x00,0x00,0x00,0x00,0x02,0x01,0x33,0xfe,0xcf,0x0b,0xb7,0xff,0x35,0x88,0xff,0xbb,0x04,0x03,0x00,0x00,0x00,0x00,
    0x01,0x01,0x00,0x00,0x00,0x00,0x02,0x01,0x33,0xfe,0xcf,0x0b,0xb7,0xff,0x35,0x88,0xff,0xbb,0x04,0x03,0x00,0x00,0x00,0x00,
    0x00,0x00,0x00,0x00,0x00,0x00,0x00,0x00,0x00,0x00,0x00,0x00,0x00,0x00,0x00,0x00,0x00,0x00,0x00,0x00,0x00,0x00,0x01,0x02,
    0x22,0xce,0xff,0xbe,0xca,0xfe,0xcb,0xff,0xed,0x40,0x02,0x02,0x00,0x02,0x01,0x00,0x00,0x00,0x00,0x00,0x03,0x01,0x01,0x02,
    0x22,0xce,0xff,0xbe,0xca,0xfe,0xcb,0xff,0xed,0x40,0x02,0x02,0x00,0x00,0x00,0x00,0x00,0x00,0x00,0x00,0x00,0x00,0x00,0x00,
    0x00,0x00,0x00,0x00,0x00,0x00,0x00,0x00,0x00,0x00,0x00,0x00,0x00,0x00,0x00,0x01,0x00,0x05,0xbc,0xff,0xff,0xfe,0xff,0xdf,
    0x2a,0x00,0x00,0x00,0x02,0x00,0x00,0x01,0x0c,0x11,0x05,0x02,0x00,0x00,0x00,0x00,0x00,0x05,0xbc,0xff,0xff,0xfe,0xff,0xdf,
    0x2a,0x00,0x00,0x00,0x00,0x00,0x00,0x00,0x00,0x00,0x00,0x00,0x00,0x00,0x00,0x00,0x00,0x00,0x00,0x00,0x00,0x00,0x00,0x00,
    0x00,0x00,0x00,0x00,0x00,0x01,0x00,0x0c,0xb1,0xb8,0xcb,0xfd,0xfd,0xfe,0xfd,0xdf,0xb3,0xbe,0x2f,0x00,0x00,0x30,0x1c,0x00,
    0xb2,0xee,0x38,0x00,0x7b,0x1b,0x00,0x0d,0xb1,0xb8,0xcb,0xfd,0xfd,0xfe,0xfd,0xdf,0xb3,0xbe,0x30,0x00,0x02,0x00,0x00,0x00,
    0x00,0x00,0x00,0x00,0x00,0x00,0x00,0x00,0x00,0x00,0x00,0x00,0x00,0x00,0x00,0x00,0x00,0x00,0x00,0x00,0x00,0x01,0x00,0x13,
    0xff,0xff,0xff,0xfe,0xfe,0xff,0xfe,0xff,0xff,0xff,0x4a,0x00,0x35,0xfe,0xcf,0x0b,0xb7,0xff,0x35,0x88,0xff,0xbc,0x03,0x14,
    0xff,0xff,0xff,0xfe,0xfe,0xff,0xfe,0xff,0xff,0xff,0x47,0x00,0x03,0x00,0x00,0x00,0x00,0x00,0x00,0x00,0x00,0x00,0x00,0x00,
    0x00,0x00,0x00,0x00,0x00,0x00,0x00,0x00,0x00,0x00,0x00,0x00,0x00,0x00,0x00,0x05,0x39,0x3b,0xca,0xff,0xff,0xfe,0xff,0xe8,
    0x4f,0x3a,0x13,0x02,0x23,0xce,0xff,0xbe,0xca,0xfe,0xcb,0xff,0xed,0x40,0x02,0x06,0x39,0x3b,0xca,0xff,0xff,0xfe,0xff,0xe8,
    0x4f,0x3a,0x11,0x00,0x01,0x00,0x00,0x00,0x00,0x00,0x00,0x00,0x00,0x00,0x00,0x00,0x00,0x00,0x00,0x00,0x00,0x00,0x00,0x00,
    0x00,0x00,0x00,0x00,0x00,0x00,0x01,0x01,0x00,0x8a,0xff,0xe5,0xde,0xff,0xed,0xff,0xb9,0x07,0x00,0x02,0x00,0x05,0xbc,0xff,
    0xff,0xfe,0xff,0xdf,0x2a,0x00,0x00,0x01,0x00,0x8a,0xff,0xe5,0xde,0xff,0xed,0xff,0xb9,0x07,0x00,0x01,0x00,0x00,0x00,0x00,
    0x00,0x00,0x00,0x00,0x00,0x00,0x00,0x00,0x00,0x00,0x00,0x00,0x00,0x00,0x00,0x00,0x00,0x00,0x00,0x00,0x00,0x00,0x03,0x00,
    0x42,0xff,0xf1,0x2c,0xae,0xfd,0x4c,0xbb,0xff,0xbe,0x03,0x0e,0xb2,0xb8,0xcb,0xfd,0xfd,0xfe,0xfd,0xdf,0xb3,0xbe,0x32,0x00,
    0x44,0xff,0xf1,0x2c,0xae,0xfd,0x4c,0xbb,0xff,0xbd,0x05,0x03,0x00,0x00,0x00,0x00,0x00,0x00,0x00,0x00,0x00,0x00,0x00,0x00,
    0x00,0x00,0x00,0x00,0x00,0x00,0x00,0x00,0x00,0x00,0x00,0x00,0x00,0x00,0x00,0x02,0x00,0x64,0x42,0x00,0xc8,0xff,0x37,0x08,
    0xb5,0x44,0x00,0x14,0xff,0xff,0xff,0xfe,0xfe,0xff,0xfe,0xff,0xff,0xff,0x47,0x00,0x00,0x64,0x42,0x00,0xc8,0xff,0x37,0x08,
    0xb5,0x43,0x01,0x02,0x00,0x00,0x00,0x00,0x00,0x00,0x00,0x00,0x00,0x00,0x00,0x00,0x00,0x00,0x00,0x00,0x00,0x00,0x00,0x00,
    0x00,0x00,0x00,0x00,0x00,0x00,0x00,0x00,0x00,0x00,0x00,0x02,0x2f,0x41,0x13,0x00,0x00,0x00,0x00,0x05,0x39,0x3b,0xca,0xff,
    0xff,0xfe,0xff,0xe8,0x4f,0x3a,0x11,0x00,0x01,0x00,0x00,0x02,0x2f,0x41,0x13,0x00,0x00,0x00,0x00,0x00,0x00,0x00,0x00,0x00,
    0x00,0x00,0x00,0x00,0x00,0x00,0x00,0x00,0x00,0x00,0x00,0x00,0x00,0x00,0x00,0x00,0x00,0x00,0x00,0x00,0x00,0x00,0x00,0x00,
    0x00,0x03,0x02,0x00,0x00,0x00,0x00,0x01,0x01,0x02,0x01,0x01,0x00,0x8a,0xff,0xe5,0xde,0xff,0xed,0xff,0xb9,0x07,0x00,0x01,
    0x00,0x03,0x02,0x00,0x00,0x00,0x00,0x01,0x01,0x02,0x00,0x00,0x00,0x00,0x00,0x00,0x00,0x00,0x00,0x00,0x00,0x00,0x00,0x00,
    0x00,0x00,0x00,0x00,0x00,0x00,0x00,0x00,0x00,0x00,0x00,0x00,0x00,0x00,0x00,0x00,0x00,0x00,0x00,0x00,0x02,0x03,0x01,0x00,
    0x00,0x00,0x03,0x00,0x42,0xff,0xf1,0x2c,0xae,0xfd,0x4c,0xbb,0xff,0xbd,0x05,0x03,0x00,0x00,0x00,0x00,0x02,0x03,0x01,0x00,
    0x00,0x00,0x00,0x00,0x00,0x00,0x00,0x00,0x00,0x00,0x00,0x00,0x00,0x00,0x00,0x00,0x00,0x00,0x00,0x00,0x00,0x00,0x00,0x00,
    0x00,0x00,0x00,0x00,0x00,0x00,0x00,0x00,0x00,0x00,0x00,0x00,0x00,0x00,0x00,0x00,0x00,0x00,0x00,0x02,0x00,0x64,0x42,0x00,
    0xc8,0xff,0x37,0x08,0xb5,0x43,0x01,0x02,0x00,0x00,0x00,0x00,0x00,0x00,0x00,0x00,0x00,0x00,0x00,0x00,0x00,0x00,0x00,0x00,
    0x00,0x00,0x00,0x00,0x00,0x00,0x00,0x00,0x00,0x00,0x00,0x00,0x00,0x00,0x00,0x00,0x00,0x00,0x00,0x00,0x00,0x00,0x00,0x00,
    0x00,0x00,0x00,0x00,0x00,0x00,0x00,0x00,0x00,0x00,0x00,0x00,0x00,0x00,0x00,0x02,0x2f,0x41,0x13,0x00,0x00,0x00,0x00,0x00,
    0x00,0x00,0x00,0x00,0x00,0x00,0x00,0x00,0x00,0x00,0x00,0x00,0x00,0x00,0x00,0x00,0x00,0x00,0x00,0x00,0x00,0x00,0x00,0x00,
    0x00,0x00,0x00,0x00,0x00,0x00,0x00,0x00,0x00,0x00,0x00,0x00,0x00,0x00,0x00,0x00,0x00,0x00,0x00,0x00,0x00,0x00,0x00,0x00,
    0x00,0x00,0x00,0x00,0x00,0x03,0x02,0x00,0x00,0x00,0x00,0x01,0x01,0x02,0x00,0x00,0x00,0x00,0x00,0x00,0x00,0x00,0x00,0x00,
    0x00,0x00,0x00,0x00,0x00,0x00,0x00,0x00,0x00,0x00,0x00,0x00,0x00,0x00,0x00,0x00,0x00,0x00,0x00,0x00,0x00,0x00,0x00,0x00,
    0x00,0x00,0x00,0x00,0x00,0x00,0x00,0x00,0x00,0x00,0x00,0x00,0x00,0x00,0x00,0x00,0x00,0x00,0x00,0x00,0x00,0x00,0x00,0x00,
    0x02,0x03,0x01,0x00,0x00,0x00,0x00,0x00,0x00,0x00,0x00,0x00,0x00,0x00,0x00,0x00,0x00,0x00,0x00,0x00,0x00,0x00,0x00,0x00,
    0x00,0x00,0x00,0x00,0x00,0x00,0x00,0x00,0x00,0x00,0x00,0x00,0x00,0x00,0x00,0x00,0x00,0x00,0x00,0x00,0x00,0x00,0x00,0x00,
    0x00,0x00,0x00,0x00,0x00,0x00,0x00,0x00,0x00,0x00,0x00,0x00,0x00,0x00,0x00,0x00,0x00,0x00,0x00,0x00,0x00,0x00,0x00,0x00,
    0x00,0x00,0x00,0x00,0x00,0x00,0x00,0x00,0x00,0x00,0x00,0x00,0x00,0x00,0x00,0x00,0x00,0x00,0x00,0x00,0x00,0x00,0x00,0x00,
};

const lv_image_dsc_t weather_icon_snow = {
    .header = {
        .magic = LV_IMAGE_HEADER_MAGIC,
        .cf = LV_COLOR_FORMAT_RGB565A8,
        .flags = 0,
        .w = 64,
        .h = 64,
        .stride = 128,
        .reserved_2 = 0,
    },
    .data_size = sizeof(weather_icon_snow_map),
    .data = weather_icon_snow_map,
    .reserved = NULL,
};

static const WEATHER_ICON_ALIGN uint8_t weather_icon_fog_map[] = {
    0x00,0x00,0x00,0x00,0x00,0x00,0x00,0x00,0x00,0x00,0x00,0x00,0x00,0x00,0x00,0x00,0x00,0x00,0x00,0x00,0x00,0x00,0x00,0x00,
    0x00,0x00,0x00,0x00,0x00,0x00,0x00,0x00,0x00,0x00,0x00,0x00,0x00,0x00,0x00,0x00,0x00,0x00,0x00,0x00,0x00,0x00,0x00,0x00,
    0x00,0x00,0x00,0x00,0x00,0x00,0x00,0x00,0x00,0x00,0x00,0x00,0x00,0x00,0x00,0x00,0x00,0x00,0x00,0x00,0x00,0x00,0x00,0x00,
    0x00,0x00,0x00,0x00,0x00,0x00,0x00,0x00,0x00,0x00,0x00,0x00,0x00,0x00,0x00,0x00,0x00,0x00,0x00,0x00,0x00,0x00,0x00,0x00,
    0x00,0x00,0x00,0x00,0x00,0x00,0x00,0x00,0x00,0x00,0x00,0x00,0x00,0x00,0x00,0x00,0x00,0x00,0x00,0x00,0x00,0x00,0x00,0x00,
    0x00,0x00,0x00,0x00,0x00,0x00,0x00,0x00,0x00,0x00,0x00,0x00,0x00,0x00,0x00,0x00,0x00,0x00,0x00,0x00,0x00,0x00,0x00,0x00,
    0x00,0x00,0x00,0x00,0x00,0x00,0x00,0x00,0x00,0x00,0x00,0x00,0x00,0x00,0x00,0x00,0x00,0x00,0x00,0x00,0x00,0x00,0x00,0x00,
    0x00,0x00,0x00,0x00,0x00,0x00,0x00,0x00,0x00,0x00,0x00,0x00,0x00,0x00,0x00,0x00,0x00,0x00,0x00,0x00,0x00,0x00,0x00,0x00,
    0x00,0x00,0x00,0x00,0x00,0x00,0x00,0x00,0x00,0x00,0x00,0x00,0x00,0x00,0x00,0x00,0x00,0x00,0x00,0x00,0x00,0x00,0x00,0x00,
    0x00,0x00,0x00,0x00,0x00,0x00,0x00,0x00,0x00,0x00,0x00,0x00,0x00,0x00,0x00,0x00,0x00,0x00,0x00,0x00,0x00,0x00,0x00,0x00,
    0x00,0x00,0x00,0x00,0x00,0x00,0x00,0x00,0x00,0x00,0x00,0x00,0x00,0x00,0x00,0x00,0x00,0x00,0x00,0x00,0x00,0x00,0x00,0x00,
    0x00,0x00,0x00,0x00,0x00,0x00,0x00,0x00,0x00,0x00,0x00,0x00,0x00,0x00,0x00,0x00,0x00,0x00,0x00,0x00,0x00,0x00,0x00,0x00,
    0x00,0x00,0x00,0x00,0x00,0x00,0x00,0x00,0x00,0x00,0x00,0x00,0x00,0x00,0x00,0x00,0x00,0x00,0x00,0x00,0x00,0x00,0x00,0x00,
    0x00,0x00,0x00,0x00,0x00,0x00,0x00,0x00,0x00,0x00,0x00,0x00,0x00,0x00,0x00,0x00,0x00,0x00,0x00,0x00,0x00,0x00,0x00,0x00,
    0x00,0x00,0x00,0x00,0x00,0x00,0x00,0x00,0x00,0x00,0x00,0x00,0x00,0x00,0x00,0x00,0x00,0x00,0x00,0x00,0x00,0x00,0x00,0x00,
    0x00,0x00,0x00,0x00,0x00,0x00,0x00,0x00,0x00,0x00,0x00,0x00,0x00,0x00,0x00,0x00,0x00,0x00,0x00,0x00,0x00,0x00,0x00,0x00,
    0x00,0x00,0x00,0x00,0x00,0x00,0x00,0x00,0x00,0x00,0x00,0x00,0x00,0x00,0x00,0x00,0x00,0x00,0x00,0x00,0x00,0x00,0x00,0x00,
    0x00,0x00,0x00,0x00,0x00,0x00,0x00,0x00,0x00,0x00,0x00,0x00,0x00,0x00,0x00,0x00,0x00,0x00,0x00,0x00,0x00,0x00,0x00,0x00,
    0x00,0x00,0x00,0x00,0x00,0x00,0x00,0x00,0x00,0x00,0x00,0x00,0x00,0x00,0x00,0x00,0x00,0x00,0x00,0x00,0x00,0x00,0x00,0x00,
    0x00,0x00,0x00,0x00,0x00,0x00,0x00,0x00,0x00,0x00,0x00,0x00,0x00,0x00,0x00,0x00,0x00,0x00,0x00,0x00,0x00,0x00,0x00,0x00,
    0x00,0x00,0x00,0x00,0x00,0x00,0x00,0x00,0x00,0x00,0x00,0x00,0x00,0x00,0x00,0x00,0x00,0x00,0x00,0x00,0x00,0x00,0x00,0x00,
    0x00,0x00,0x00,0x00,0x00,0x00,0x00,0x00,0x00,0x00,0x00,0x00,0x00,0x00,0x00,0x00,0x00,0x00,0x00,0x00,0x00,0x00,0x00,0x00,
    0x00,0x00,0x00,0x00,0x00,0x00,0x00,0x00,0x00,0x00,0x00,0x00,0x00,0x00,0x00,0x00,0x00,0x00,0x00,0x00,0x00,0x00,0x00,0x00,
    0x00,0x00,0x00,0x00,0x00,0x00,0x00,0x00,0x00,0x00,0x00,0x00,0x00,0x00,0x00,0x00,0x00,0x00,0x00,0x00,0x00,0x00,0x00,0x00,
    0x00,0x00,0x00,0x00,0x00,0x00,0x00,0x00,0x00,0x00,0x00,0x00,0x00,0x00,0x00,0x00,0x00,0x00,0x00,0x00,0x00,0x00,0x00,0x00,
    0x00,0x00,0x00,0x00,0x00,0x00,0x00,0x00,0x00,0x00,0x00,0x00,0x00,0x00,0x00,0x00,0x00,0x00,0x00,0x00,0x00,0x00,0x00,0x00,
    0x00,0x00,0x00,0x00,0x00,0x00,0x00,0x00,0x00,0x00,0x00,0x00,0x00,0x00,0x00,0x00,0x00,0x00,0x00,0x00,0x00,0x00,0x00,0x00,
    0x00,0x00,0x00,0x00,0x00,0x00,0x00,0x00,0x00,0x00,0x00,0x00,0x00,0x00,0x00,0x00,0x00,0x00,0x00,0x00,0x00,0x00,0x00,0x00,
    0x00,0x00,0x00,0x00,0x00,0x00,0x00,0x00,0x00,0x00,0x00,0x00,0x00,0x00,0x00,0x00,0x00,0x00,0x00,0x00,0x00,0x00,0x00,0x00,
    0x00,0x00,0x00,0x00,0x00,0x00,0x00,0x00,0x00,0x00,0x00,0x00,0x00,0x00,0x00,0x00,0x00,0x00,0x00,0x00,0x00,0x00,0x00,0x00,
    0x00,0x00,0x00,0x00,0x00,0x00,0x00,0x00,0x00,0x00,0x00,0x00,0x00,0x00,0x00,0x00,0x00,0x00,0x00,0x00,0x00,0x00,0x00,0x00,
    0x00,0x00,0x00,0x00,0x00,0x00,0x00,0x00,0x00,0x00,0x00,0x00,0x00,0x00,0x00,0x00,0x00,0x00,0x00,0x00,0x00,0x00,0x00,0x00,
    0x00,0x00,0x00,0x00,0x00,0x00,0x00,0x00,0x00,0x00,0x00,0x00,0x00,0x00,0x00,0x00,0x00,0x00,0x00,0x00,0x00,0x00,0x00,0x00,
    0x00,0x00,0x00,0x00,0x00,0x00,0x00,0x00,0x00,0x00,0x00,0x00,0x00,0x00,0x00,0x00,0x00,0x00,0x00,0x00,0x00,0x00,0x00,0x00,
    0x00,0x00,0x00,0x00,0x00,0x00,0x00,0x00,0x00,0x00,0x00,0x00,0x00,0x00,0x00,0x00,0x00,0x00,0x00,0x00,0x00,0x00,0x00,0x00,
    0x00,0x00,0x00,0x00,0x00,0x00,0x00,0x00,0x00,0x00,0x00,0x00,0x00,0x00,0x00,0x00,0x00,0x00,0x00,0x00,0x00,0x00,0x00,0x00,
    0x00,0x00,0x00,0x00,0x00,0x00,0x00,0x00,0x00,0x00,0x00,0x00,0x00,0x00,0x00,0x00,0x00,0x00,0x00,0x00,0x00,0x00,0x00,0x00,
    0x00,0x00,0x00,0x00,0x00,0x00,0x00,0x00,0x00,0x00,0x00,0x00,0x00,0x00,0x00,0x00,0x00,0x00,0x00,0x00,0x00,0x00,0x00,0x00,
    0x00,0x00,0x00,0x00,0x00,0x00,0x00,0x00,0x00,0x00,0x00,0x00,0x00,0x00,0x00,0x00,0x00,0x00,0x00,0x00,0x00,0x00,0x00,0x00,
    0x00,0x00,0x00,0x00,0x00,0x00,0x00,0x00,0x00,0x00,0x00,0x00,0x00,0x00,0x00,0x00,0x00,0x00,0x00,0x00,0x00,0x00,0x00,0x00,
    0x00,0x00,0x00,0x00,0x00,0x00,0x00,0x00,0x00,0x00,0xff,0xff,0xff,0xff,0xff,0xff,0x00,0x00,0x00,0x00,0x00,0x00,0x00,0x00,
    0x00,0x00,0x00,0x00,0x00,0x00,0x00,0x00,0x00,0x00,0x00,0x00,0x00,0x00,0x00,0x00,0x00,0x00,0x00,0x00,0x00,0x00,0x00,0x00,
    0x00,0x00,0x00,0x00,0x00,0x00,0x00,0x00,0x00,0x00,0x00,0x00,0x00,0x00,0x00,0x00,0x00,0x00,0x00,0x00,0x00,0x00,0x00,0x00,
    0x00,0x00,0x00,0x00,0x00,0x00,0x00,0x00,0x00,0x00,0x00,0x00,0x00,0x00,0x00,0x00,0x00,0x00,0x00,0x00,0x00,0x00,0x00,0x00,
    0x00,0x00,0x00,0x00,0x00,0x00,0x00,0x00,0x00,0x00,0x00,0x00,0x00,0x00,0x00,0x00,0x00,0x00,0x00,0x00,0x00,0x00,0x00,0x00,
    0x00,0x00,0x00,0x00,0x00,0x00,0x00,0x00,0x00,0x00,0x1f,0x00,0x5f,0xad,0x5f,0xad,0x00,0x00,0x00,0x00,0x00,0x00,0x00,0x00,
    0x55,0xad,0xf7,0x7d,0xff,0xff,0x00,0x00,0x00,0x00,0x00,0x00,0x00,0x00,0x00,0x00,0x00,0x00,0x00,0x00,0x00,0x00,0x00,0x00,
    0x00,0x00,0x00,0x00,0x00,0x00,0x00,0x00,0x00,0x00,0x00,0x00,0x00,0x00,0x00,0x00,0x00,0x00,0x00,0x00,0x00,0x00,0x00,0x00,
    0x00,0x00,0x00,0x00,0x00,0x00,0x00,0x00,0x00,0x00,0x00,0x00,0x00,0x00,0x00,0x00,0x00,0x00,0x00,0x00,0x00,0x00,0x00,0x00,
    0x00,0x00,0x00,0x00,0x00,0x00,0x00,0x00,0x00,0x00,0x00,0x00,0x00,0x00,0x00,0x00,0x00,0x00,0x00,0x00,0x00,0x00,0x00,0x00,
    0x00,0x00,0x00,0x00,0x00,0x00,0x00,0x00,0x00,0x00,0x00,0x00,0x00,0x00,0x00,0x00,0x55,0xad,0x00,0x00,0x00,0x00,0x00,0x00,
    0x55,0xad,0xf9,0x9d,0x79,0x9d,0x58,0xad,0x00,0x00,0x00,0x00,0x00,0x00,0x55,0xad,0x00,0x00,0x00,0x00,0x00,0x00,0x00,0x00,
    0x00,0x00,0x00,0x00,0x00,0x00,0x00,0x00,0x00,0x00,0x00,0x00,0x00,0x00,0x00,0x00,0x00,0x00,0x00,0x00,0x00,0x00,0x00,0x00,
    0x00,0x00,0x00,0x00,0x00,0x00,0x00,0x00,0x00,0x00,0x00,0x00,0x00,0x00,0x00,0x00,0x00,0x00,0x00,0x00,0x00,0x00,0x00,0x00,
    0x00,0x00,0x00,0x00,0x00,0x00,0x00,0x00,0x00,0x00,0x00,0x00,0x00,0x00,0x00,0x00,0x00,0x00,0x00,0x00,0x00,0x00,0x00,0x00,
    0x00,0x00,0x00,0x00,0x00,0x00,0x00,0x00,0x00,0x00,0x00,0x00,0x00,0x00,0x00,0x00,0x00,0x00,0x00,0x00,0x00,0x00,0x55,0xad,
    0x00,0x00,0x55,0x7d,0x57,0x95,0x57,0x9d,0x37,0x95,0x37,0x95,0x17,0x95,0x37,0x95,0x37,0x95,0x57,0x9d,0x17,0x95,0x00,0x00,
    0xff,0xff,0xff,0xff,0x00,0x00,0x00,0x00,0x00,0x00,0x00,0x00,0x00,0x00,0x00,0x00,0x00,0x00,0x00,0x00,0x00,0x00,0x00,0x00,
    0x00,0x00,0x00,0x00,0x00,0x00,0x00,0x00,0x00,0x00,0x00,0x00,0x00,0x00,0x00,0x00,0x00,0x00,0x00,0x00,0x00,0x00,0x00,0x00,
    0x00,0x00,0x00,0x00,0x00,0x00,0x00,0x00,0x00,0x00,0x00,0x00,0x00,0x00,0x00,0x00,0x00,0x00,0x00,0x00,0x00,0x00,0x00,0x00,
    0x00,0x00,0x00,0x00,0x00,0x00,0x00,0x00,0x00,0x00,0x00,0x00,0x00,0x00,0x00,0x00,0x00,0x00,0x00,0x00,0x00,0x00,0x00,0x00,
    0x00,0x00,0x00,0x00,0xff,0xff,0x00,0x00,0x16,0x95,0x57,0x9d,0x78,0x9d,0x78,0x9d,0x57,0x9d,0x37,0x95,0x37,0x95,0x37,0x9d,
    0x78,0x9d,0x78,0x9d,0x37,0x9d,0x37,0x95,0x00,0x00,0x00,0x00,0xef,0x7b,0x00,0x00,0x00,0x00,0x00,0x00,0x00,0x00,0x00,0x00,
    0x00,0x00,0x00,0x00,0x00,0x00,0x00,0x00,0x00,0x00,0x00,0x00,0x00,0x00,0x00,0x00,0x00,0x00,0x00,0x00,0x00,0x00,0x00,0x00,
    0x00,0x00,0x00,0x00,0x00,0x00,0x00,0x00,0x00,0x00,0x00,0x00,0x00,0x00,0x00,0x00,0x00,0x00,0x00,0x00,0x00,0x00,0x00,0x00,
    0x00,0x00,0x00,0x00,0x00,0x00,0x00,0x00,0x00,0x00,0x00,0x00,0x00,0x00,0x00,0x00,0x00,0x00,0x00,0x00,0x00,0x00,0x00,0x00,
    0x00,0x00,0x00,0x00,0x00,0x00,0x00,0x00,0xff,0xff,0xff,0xff,0x00,0x00,0x37,0x95,0x58,0x9d,0x57,0x9d,0x16,0x95,0x16,0x95,
    0x17,0x95,0x16,0x95,0x16,0x95,0x17,0x95,0x17,0x95,0x16,0x95,0x37,0x95,0x78,0xa5,0x37,0x95,0xd5,0x8c,0x00,0x00,0xef,0x7b,
    0x00,0x00,0x00,0x00,0x00,0x00,0x00,0x00,0x00,0x00,0x00,0x00,0x00,0x00,0x00,0x00,0x00,0x00,0x00,0x00,0x00,0x00,0x00,0x00,
    0x00,0x00,0x00,0x00,0x00,0x00,0x00,0x00,0x00,0x00,0x00,0x00,0x00,0x00,0x00,0x00,0x00,0x00,0x00,0x00,0x00,0x00,0x00,0x00,
    0x00,0x00,0x00,0x00,0x00,0x00,0x00,0x00,0x00,0x00,0x00,0x00,0x00,0x00,0x00,0x00,0x00,0x00,0x00,0x00,0x00,0x00,0x00,0x00,
    0x00,0x00,0x00,0x00,0x00,0x00,0x00,0x00,0x00,0x00,0x00,0x00,0x00,0x00,0x00,0x00,0xff,0xaf,0xff,0xff,0x16,0x95,0x99,0xa5,
    0x17,0x95,0x16,0x95,0x17,0x95,0x17,0x95,0x17,0x95,0x17,0x95,0x17,0x95,0x17,0x95,0x17,0x95,0x17,0x95,0x16,0x95,0x16,0x95,
    0x98,0xa5,0x37,0x95,0x17,0x95,0xef,0x7b,0xff,0xff,0x00,0x00,0x00,0x00,0x00,0x00,0x00,0x00,0x00,0x00,0x00,0x00,0x00,0x00,
    0x00,0x00,0x00,0x00,0x00,0x00,0x00,0x00,0x00,0x00,0x00,0x00,0x00,0x00,0x00,0x00,0x00,0x00,0x00,0x00,0x00,0x00,0x00,0x00,
    0x00,0x00,0x00,0x00,0x00,0x00,0x00,0x00,0x00,0x00,0x00,0x00,0x00,0x00,0x00,0x00,0x00,0x00,0x00,0x00,0x00,0x00,0x00,0x00,
    0x00,0x00,0x00,0x00,0x00,0x00,0x00,0x00,0x00,0x00,0x00,0x00,0x00,0x00,0x00,0x00,0x00,0x00,0xff,0xff,0xff,0xff,0xf7,0xbd,
    0x00,0x00,0x16,0x95,0x99,0xa5,0x17,0x95,0x17,0x95,0x17,0x95,0x17,0x95,0x17,0x95,0x17,0x95,0x17,0x95,0x17,0x95,0x17,0x95,
    0x17,0x95,0x17,0x95,0x17,0x95,0x17,0x95,0x16,0x95,0x98,0xa5,0x17,0x95,0x00,0x00,0x55,0xad,0x00,0x00,0x00,0x00,0x00,0x00,
    0x00,0x00,0x00,0x00,0x00,0x00,0x00,0x00,0x00,0x00,0x00,0x00,0x00,0x00,0x00,0x00,0x00,0x00,0x00,0x00,0x00,0x00,0x00,0x00,
    0x00,0x00,0x00,0x00,0x00,0x00,0x00,0x00,0x00,0x00,0x00,0x00,0x00,0x00,0x00,0x00,0x00,0x00,0x00,0x00,0x00,0x00,0x00,0x00,
    0x00,0x00,0x00,0x00,0x00,0x00,0x00,0x00,0x00,0x00,0x00,0x00,0x00,0x00,0x00,0x00,0x00,0x00,0x00,0x00,0xff,0xff,0xff,0xff,
    0xff,0xff,0x00,0x00,0x00,0x00,0x00,0x00,0x16,0x95,0x57,0x9d,0x37,0x95,0x16,0x95,0x17,0x95,0x17,0x95,0x17,0x95,0x17,0x95,
    0x17,0x95,0x17,0x95,0x17,0x95,0x17,0x95,0x17,0x95,0x17,0x95,0x17,0x95,0x17,0x95,0x17,0x95,0x16,0x95,0x78,0x9d,0x16,0x95,
    0x00,0x00,0x55,0xad,0x00,0x00,0x00,0x00,0x00,0x00,0x00,0x00,0x00,0x00,0x00,0x00,0x00,0x00,0x00,0x00,0x00,0x00,0x00,0x00,
    0x00,0x00,0x00,0x00,0x00,0x00,0x00,0x00,0x00,0x00,0x00,0x00,0x00,0x00,0x00,0x00,0x00,0x00,0x00,0x00,0x00,0x00,0x00,0x00,
    0x00,0x00,0x00,0x00,0x00,0x00,0x00,0x00,0x00,0x00,0x00,0x00,0x00,0x00,0x00,0x00,0x00,0x00,0x00,0x00,0x00,0x00,0x00,0x00,
    0x00,0x00,0xff,0xff,0x00,0x00,0x00,0x00,0x00,0x00,0x7d,0xdf,0x3e,0xd7,0x3c,0xdf,0x37,0x95,0x78,0x9d,0x16,0x95,0x17,0x95,
    0x17,0x95,0x17,0x95,0x17,0x95,0x17,0x95,0x17,0x95,0x17,0x95,0x17,0x95,0x17,0x95,0x17,0x95,0x17,0x95,0x17,0x95,0x17,0x95,
    0x17,0x95,0x16,0x95,0x37,0x9d,0x37,0x95,0x56,0x9d,0xff,0x07,0xff,0xff,0x00,0x00,0x00,0x00,0x00,0x00,0x00,0x00,0x00,0x00,
    0x00,0x00,0x00,0x00,0x00,0x00,0x00,0x00,0x00,0x00,0x00,0x00,0x00,0x00,0x00,0x00,0x00,0x00,0x00,0x00,0x00,0x00,0x00,0x00,
    0x00,0x00,0x00,0x00,0x00,0x00,0x00,0x00,0x00,0x00,0x00,0x00,0x00,0x00,0x00,0x00,0x00,0x00,0x00,0x00,0x00,0x00,0x00,0x00,
    0x00,0x00,0x00,0x00,0x00,0x00,0xff,0xff,0xff,0xff,0x00,0x00,0x3e,0xe7,0x7e,0xef,0x7e,0xe7,0x5d,0xe7,0x5e,0xe7,0xfc,0xd6,
    0x37,0x95,0x16,0x95,0x17,0x95,0x17,0x95,0x17,0x95,0x17,0x95,0x17,0x95,0x17,0x95,0x17,0x95,0x17,0x95,0x17,0x95,0x17,0x95,
    0x17,0x95,0x17,0x95,0x17,0x95,0x17,0x95,0x37,0x95,0x37,0x95,0x16,0x95,0x78,0x9d,0x16,0x95,0xff,0xff,0xfb,0xbd,0xff,0xff,
    0x00,0x00,0x00,0x00,0x00,0x00,0x00,0x00,0x00,0x00,0x00,0x00,0x00,0x00,0x00,0x00,0x00,0x00,0x00,0x00,0x00,0x00,0x00,0x00,
    0x00,0x00,0x00,0x00,0x00,0x00,0x00,0x00,0x00,0x00,0x00,0x00,0x00,0x00,0x00,0x00,0x00,0x00,0x00,0x00,0x00,0x00,0x00,0x00,
    0x00,0x00,0x00,0x00,0x00,0x00,0x00,0x00,0x00,0x00,0x00,0x00,0xff,0xff,0x00,0x00,0x00,0x00,0x7e,0xe7,0x7e,0xef,0xdf,0xf7,
    0xbf,0xef,0x5e,0xe7,0x9f,0xef,0x5b,0xc6,0xf6,0x8c,0x37,0x95,0x17,0x95,0x17,0x95,0x17,0x95,0x17,0x95,0x17,0x95,0x17,0x95,
    0x17,0x95,0x17,0x95,0x17,0x95,0x17,0x95,0x17,0x95,0x17,0x95,0x37,0x95,0x16,0x95,0xf6,0x8c,0xf6,0x8c,0x37,0x95,0x98,0xa5,
    0x37,0x9d,0x00,0x00,0x00,0x00,0x00,0x00,0xff,0xff,0x00,0x00,0x00,0x00,0x00,0x00,0x00,0x00,0x00,0x00,0x00,0x00,0x00,0x00,
    0x00,0x00,0x00,0x00,0x00,0x00,0x00,0x00,0x00,0x00,0x00,0x00,0x00,0x00,0x00,0x00,0x00,0x00,0x00,0x00,0x00,0x00,0x00,0x00,
    0x00,0x00,0x00,0x00,0x00,0x00,0x00,0x00,0x00,0x00,0x00,0x00,0x00,0x00,0x00,0x00,0x00,0x00,0xff,0xff,0xff,0xff,0x3e,0xe7,
    0x7e,0xe7,0xdf,0xf7,0x7e,0xe7,0x3d,0xe7,0x3d,0xe7,0x3d,0xe7,0x5e,0xe7,0xb8,0xad,0xf6,0x94,0x37,0x95,0x17,0x95,0x17,0x95,
    0x17,0x95,0x17,0x95,0x17,0x95,0x17,0x95,0x17,0x95,0x17,0x95,0x17,0x95,0x17,0x95,0x17,0x95,0x37,0x95,0xf6,0x8c,0x37,0x95,
    0xf9,0xb5,0x9b,0xce,0x1d,0xdf,0x3d,0xdf,0x3d,0xdf,0x7e,0xe7,0x9f,0xef,0x5e,0xe7,0x00,0x00,0xff,0xff,0x00,0x00,0x00,0x00,
    0x00,0x00,0x00,0x00,0x00,0x00,0x00,0x00,0x00,0x00,0x00,0x00,0x00,0x00,0x00,0x00,0x00,0x00,0x00,0x00,0x00,0x00,0x00,0x00,
    0x00,0x00,0x00,0x00,0x00,0x00,0x00,0x00,0x00,0x00,0x00,0x00,0x00,0x00,0x00,0x00,0x00,0x00,0x00,0x00,0x00,0x00,0x00,0x00,
    0x00,0x00,0xff,0xff,0xff,0xff,0x3e,0xe7,0xff,0xf7,0x3d,0xe7,0x3d,0xe7,0x5e,0xe7,0x5e,0xe7,0x5e,0xe7,0x3d,0xdf,0x57,0x9d,
    0x16,0x95,0x17,0x95,0x17,0x95,0x17,0x95,0x17,0x95,0x17,0x95,0x17,0x95,0x17,0x95,0x17,0x95,0x17,0x95,0x17,0x95,0x17,0x95,
    0x37,0x95,0xf6,0x8c,0xb8,0xad,0xfd,0xde,0x7e,0xef,0x7e,0xe7,0x5e,0xe7,0x5e,0xe7,0x5e,0xe7,0xbf,0xef,0xdf,0xf7,0x7e,0xef,
    0x5e,0xe7,0x00,0x00,0xff,0xff,0xff,0xff,0x00,0x00,0x00,0x00,0x00,0x00,0x00,0x00,0x00,0x00,0x00,0x00,0x00,0x00,0x00,0x00,
    0x00,0x00,0x00,0x00,0x00,0x00,0x00,0x00,0x00,0x00,0x00,0x00,0x00,0x00,0x00,0x00,0x00,0x00,0x00,0x00,0x00,0x00,0x00,0x00,
    0x00,0x00,0x00,0x00,0x00,0x00,0x00,0x00,0xff,0xff,0x00,0x00,0x5d,0xe7,0xdf,0xf7,0x3d,0xe7,0x5e,0xe7,0x5e,0xe7,0x5e,0xe7,
    0x5e,0xe7,0x5e,0xe7,0x3d,0xdf,0x37,0x9d,0x16,0x95,0x17,0x95,0x17,0x95,0x17,0x95,0x17,0x95,0x17,0x95,0x17,0x95,0x17,0x95,
    0x17,0x95,0x17,0x95,0x17,0x95,0x37,0x95,0xf6,0x8c,0xf9,0xb5,0x7e,0xe7,0x5e,0xe7,0x3d,0xe7,0x3d,0xe7,0x5e,0xe7,0x5e,0xe7,
    0x3d,0xe7,0x3d,0xe7,0x3d,0xe7,0x5e,0xe7,0xff,0xf7,0x3e,0xe7,0xff,0xff,0xff,0xff,0x00,0x00,0x00,0x00,0x00,0x00,0x00,0x00,
    0x00,0x00,0x00,0x00,0x00,0x00,0x00,0x00,0x00,0x00,0x00,0x00,0x00,0x00,0x00,0x00,0x00,0x00,0x00,0x00,0x00,0x00,0x00,0x00,
    0x00,0x00,0x00,0x00,0x00,0x00,0x00,0x00,0x00,0x00,0x00,0x00,0x00,0x00,0xff,0xff,0xff,0xff,0x3e,0xe7,0x5e,0xe7,0x7e,0xe7,
    0x3d,0xe7,0x5e,0xe7,0x5e,0xe7,0x5e,0xe7,0x5e,0xe7,0x5e,0xe7,0x3d,0xdf,0x37,0x9d,0x16,0x95,0x17,0x95,0x17,0x95,0x17,0x95,
    0x17,0x95,0x17,0x95,0x17,0x95,0x17,0x95,0x17,0x95,0x17,0x95,0x37,0x95,0xf6,0x8c,0xb8,0xad,0x7e,0xe7,0x5e,0xe7,0x3d,0xe7,
    0x5e,0xe7,0x5e,0xe7,0x5e,0xe7,0x5e,0xe7,0x5e,0xe7,0x5e,0xe7,0x5e,0xe7,0x3d,0xe7,0x5e,0xe7,0xff,0xff,0x3d,0xdf,0x00,0x00,
    0xff,0xff,0x00,0x00,0x00,0x00,0x00,0x00,0x00,0x00,0x00,0x00,0x00,0x00,0x00,0x00,0x00,0x00,0x00,0x00,0x00,0x00,0x00,0x00,
    0x00,0x00,0x00,0x00,0x00,0x00,0x00,0x00,0x00,0x00,0x00,0x00,0x00,0x00,0x00,0x00,0x00,0x00,0x00,0x00,0x00,0x00,0xff,0xff,
    0x00,0x00,0x3d,0xe7,0xdf,0xf7,0x3d,0xe7,0x5e,0xe7,0x5e,0xe7,0x5e,0xe7,0x5e,0xe7,0x5e,0xe7,0x5e,0xe7,0x3d,0xdf,0x57,0x9d,
    0x16,0x95,0x17,0x95,0x17,0x95,0x17,0x95,0x17,0x95,0x17,0x95,0x17,0x95,0x17,0x95,0x17,0x95,0x17,0x95,0x17,0x95,0x37,0x95,
    0xfd,0xde,0x5e,0xe7,0x3d,0xe7,0x5e,0xe7,0x5e,0xe7,0x5e,0xe7,0x5e,0xe7,0x5e,0xe7,0x5e,0xe7,0x5e,0xe7,0x5e,0xe7,0x5e,0xe7,
    0x3d,0xe7,0x5e,0xe7,0x7e,0xef,0x3e,0xe7,0x00,0x00,0xff,0xff,0x00,0x00,0x00,0x00,0x00,0x00,0x00,0x00,0x00,0x00,0x00,0x00,
    0x00,0x00,0x00,0x00,0x00,0x00,0x00,0x00,0x00,0x00,0x00,0x00,0x00,0x00,0x00,0x00,0x00,0x00,0x00,0x00,0x00,0x00,0x00,0x00,
    0x00,0x00,0x00,0x00,0x00,0x00,0xff,0xff,0xf7,0xbd,0x5d,0xe7,0xbf,0xef,0x3d,0xe7,0x5e,0xe7,0x5e,0xe7,0x5e,0xe7,0x5e,0xe7,
    0x5e,0xe7,0x3d,0xe7,0x5e,0xe7,0x98,0xa5,0xf6,0x94,0x37,0x95,0x17,0x95,0x17,0x95,0x17,0x95,0x17,0x95,0x17,0x95,0x17,0x95,
    0x17,0x95,0x37,0x95,0xf6,0x8c,0xf9,0xb5,0x7e,0xef,0x3d,0xe7,0x5e,0xe7,0x5e,0xe7,0x5e,0xe7,0x5e,0xe7,0x5e,0xe7,0x5e,0xe7,
    0x5e,0xe7,0x5e,0xe7,0x5e,0xe7,0x5e,0xe7,0x5e,0xe7,0x3d,0xe7,0xdf,0xf7,0x3d,0xe7,0x00,0x00,0xff,0xff,0x00,0x00,0x00,0x00,
    0x00,0x00,0x00,0x00,0x00,0x00,0x00,0x00,0x00,0x00,0x00,0x00,0x00,0x00,0x00,0x00,0x00,0x00,0x00,0x00,0x00,0x00,0x00,0x00,
    0x00,0x00,0x00,0x00,0x00,0x00,0x00,0x00,0x00,0x00,0x00,0x00,0xff,0xff,0xff,0xff,0xff,0xff,0x5e,0xe7,0x7e,0xe7,0x3d,0xe7,
    0x5e,0xe7,0x5e,0xe7,0x5e,0xe7,0x5e,0xe7,0x5e,0xe7,0x3d,0xe7,0x7e,0xef,0x1a,0xb6,0xf6,0x8c,0x37,0x95,0x17,0x95,0x17,0x95,
    0x17,0x95,0x17,0x95,0x17,0x95,0x17,0x95,0x17,0x95,0x37,0x95,0xf6,0x8c,0x9b,0xce,0x7e,0xe7,0x3d,0xe7,0x5e,0xe7,0x5e,0xe7,
    0x5e,0xe7,0x5e,0xe7,0x5e,0xe7,0x5e,0xe7,0x5e,0xe7,0x5e,0xe7,0x5e,0xe7,0x5e,0xe7,0x5e,0xe7,0x3d,0xe7,0x7e,0xe7,0x5d,0xe7,
    0x3f,0xe7,0x00,0x00,0xff,0xff,0x00,0x00,0x00,0x00,0x00,0x00,0x00,0x00,0x00,0x00,0x00,0x00,0x00,0x00,0x00,0x00,0x00,0x00,
    0x00,0x00,0x00,0x00,0x00,0x00,0x00,0x00,0x00,0x00,0x00,0x00,0x00,0x00,0x00,0x00,0x00,0x00,0xff,0xff,0xff,0xff,0x00,0x00,
    0x78,0xa5,0x5e,0xe7,0x5e,0xe7,0x5e,0xe7,0x5e,0xe7,0x5e,0xe7,0x5e,0xe7,0x5e,0xe7,0x5e,0xe7,0x3d,0xe7,0x7e,0xe7,0xdc,0xd6,
    0x16,0x95,0x37,0x95,0x17,0x95,0x17,0x95,0x17,0x95,0x17,0x95,0x17,0x95,0x17,0x95,0x17,0x95,0x17,0x95,0x37,0x95,0x1d,0xdf,
    0x5e,0xe7,0x5e,0xe7,0x5e,0xe7,0x5e,0xe7,0x5e,0xe7,0x5e,0xe7,0x5e,0xe7,0x5e,0xe7,0x5e,0xe7,0x5e,0xe7,0x5e,0xe7,0x5e,0xe7,
    0x5e,0xe7,0x5e,0xe7,0x3d,0xe7,0x7e,0xef,0x3e,0xe7,0x00,0x00,0xff,0xff,0x00,0x00,0x00,0x00,0x00,0x00,0x00,0x00,0x00,0x00,
    0x00,0x00,0x00,0x00,0x00,0x00,0x00,0x00,0x00,0x00,0x00,0x00,0x00,0x00,0x00,0x00,0x00,0x00,0x00,0x00,0x00,0x00,0x00,0x00,
    0x00,0x00,0x55,0xad,0xff,0xff,0x16,0x95,0xb9,0xa5,0x3d,0xdf,0x5e,0xe7,0x5e,0xe7,0x5e,0xe7,0x5e,0xe7,0x5e,0xe7,0x5e,0xe7,
    0x5e,0xe7,0x5e,0xe7,0x5e,0xe7,0x5e,0xe7,0x78,0xa5,0x16,0x95,0x37,0x95,0x17,0x95,0x17,0x95,0x17,0x95,0x17,0x95,0x17,0x95,
    0x17,0x95,0x16,0x95,0x37,0x9d,0x3d,0xdf,0x5e,0xe7,0x5e,0xe7,0x5e,0xe7,0x5e,0xe7,0x5e,0xe7,0x5e,0xe7,0x5e,0xe7,0x5e,0xe7,
    0x5e,0xe7,0x5e,0xe7,0x5e,0xe7,0x5e,0xe7,0x5e,0xe7,0x5e,0xe7,0x3d,0xe7,0x9f,0xef,0x5e,0xe7,0x00,0x00,0xff,0xff,0x00,0x00,
    0x00,0x00,0x00,0x00,0x00,0x00,0x00,0x00,0x00,0x00,0x00,0x00,0x00,0x00,0x00,0x00,0x00,0x00,0x00,0x00,0x00,0x00,0x00,0x00,
    0x00,0x00,0x00,0x00,0x00,0x00,0x00,0x00,0x55,0xad,0x00,0x00,0x16,0x95,0x99,0xa5,0x16,0x95,0xdc,0xd6,0x5e,0xe7,0x3d,0xe7,
    0x5e,0xe7,0x5e,0xe7,0x5e,0xe7,0x5e,0xe7,0x5e,0xe7,0x5e,0xe7,0x3d,0xe7,0x7e,0xe7,0x9b,0xce,0xf6,0x8c,0x37,0x95,0x17,0x95,
    0x17,0x95,0x17,0x95,0x17,0x95,0x17,0x95,0x17,0x95,0x16,0x95,0x37,0x9d,0x1d,0xdf,0x5e,0xe7,0x5e,0xe7,0x5e,0xe7,0x5e,0xe7,
    0x5e,0xe7,0x5e,0xe7,0x5e,0xe7,0x5e,0xe7,0x5e,0xe7,0x5e,0xe7,0x5e,0xe7,0x5e,0xe7,0x5e,0xe7,0x5e,0xe7,0x3d,0xe7,0x9f,0xef,
    0x3e,0xe7,0x00,0x00,0xff,0xff,0x00,0x00,0x00,0x00,0x00,0x00,0x00,0x00,0x00,0x00,0x00,0x00,0x00,0x00,0x00,0x00,0x00,0x00,
    0x00,0x00,0x00,0x00,0x00,0x00,0x00,0x00,0x00,0x00,0x00,0x00,0x00,0x00,0xff,0xff,0x00,0x00,0x37,0x95,0x37,0x95,0x37,0x95,
    0xf6,0x8c,0x5a,0xbe,0x7e,0xef,0x3d,0xe7,0x5e,0xe7,0x5e,0xe7,0x5e,0xe7,0x5e,0xe7,0x5e,0xe7,0x5e,0xe7,0x5e,0xe7,0x3d,0xe7,
    0x7e,0xe7,0xd9,0xad,0xf6,0x8c,0x37,0x95,0x17,0x95,0x17,0x95,0x17,0x95,0x17,0x95,0x17,0x95,0x37,0x95,0x16,0x95,0xbc,0xce,
    0x7e,0xe7,0x3d,0xe7,0x5e,0xe7,0x5e,0xe7,0x5e,0xe7,0x5e,0xe7,0x5e,0xe7,0x5e,0xe7,0x5e,0xe7,0x5e,0xe7,0x5e,0xe7,0x5e,0xe7,
    0x5e,0xe7,0x3d,0xe7,0x7e,0xe7,0x5e,0xe7,0x3e,0xe7,0x00,0x00,0xff,0xff,0x00,0x00,0x00,0x00,0x00,0x00,0x00,0x00,0x00,0x00,
    0x00,0x00,0x00,0x00,0x00,0x00,0x00,0x00,0x00,0x00,0x00,0x00,0x00,0x00,0x00,0x00,0x00,0x00,0x00,0x00,0x00,0x00,0xf7,0xbd,
    0x00,0x00,0x17,0x95,0x78,0x9d,0x16,0x95,0x16,0x95,0x78,0xa5,0x5e,0xe7,0x5e,0xe7,0x5e,0xe7,0x5e,0xe7,0x5e,0xe7,0x5e,0xe7,
    0x5e,0xe7,0x5e,0xe7,0x5e,0xe7,0x5e,0xe7,0x5e,0xe7,0x3d,0xdf,0x98,0xa5,0xf6,0x8c,0x37,0x95,0x17,0x95,0x17,0x95,0x17,0x95,
    0x17,0x95,0x37,0x95,0xf6,0x8c,0x3a,0xbe,0x7e,0xef,0x3d,0xe7,0x5e,0xe7,0x5e,0xe7,0x5e,0xe7,0x5e,0xe7,0x5e,0xe7,0x5e,0xe7,
    0x5e,0xe7,0x5e,0xe7,0x5e,0xe7,0x5e,0xe7,0x5e,0xe7,0x3d,0xe7,0xbf,0xef,0x3d,0xe7,0x00,0x00,0xff,0xff,0x00,0x00,0x00,0x00,
    0x00,0x00,0x00,0x00,0x00,0x00,0x00,0x00,0x00,0x00,0x00,0x00,0x00,0x00,0x00,0x00,0x00,0x00,0x00,0x00,0x00,0x00,0x00,0x00,
    0x00,0x00,0x00,0x00,0x00,0x00,0xff,0xff,0xf7,0xbd,0x17,0x95,0x58,0x9d,0x16,0x95,0x37,0x95,0xf6,0x8c,0x7b,0xc6,0x7e,0xef,
    0x3d,0xe7,0x5e,0xe7,0x5e,0xe7,0x5e,0xe7,0x5e,0xe7,0x5e,0xe7,0x5e,0xe7,0x5e,0xe7,0x3d,0xe7,0x5e,0xe7,0x3d,0xdf,0x98,0xa5,
    0xf6,0x8c,0x16,0x95,0x17,0x95,0x17,0x95,0x17,0x95,0x17,0x95,0x16,0x95,0x57,0x9d,0x3d,0xe7,0x5e,0xe7,0x5e,0xe7,0x5e,0xe7,
    0x5e,0xe7,0x5e,0xe7,0x5e,0xe7,0x5e,0xe7,0x5e,0xe7,0x5e,0xe7,0x5e,0xe7,0x5e,0xe7,0x5e,0xe7,0x5e,0xe7,0xbf,0xf7,0x5e,0xe7,
    0x00,0x00,0xff,0xff,0x00,0x00,0x00,0x00,0x00,0x00,0x00,0x00,0x00,0x00,0x00,0x00,0x00,0x00,0x00,0x00,0x00,0x00,0x00,0x00,
    0x00,0x00,0x00,0x00,0x00,0x00,0x00,0x00,0x00,0x00,0x00,0x00,0xff,0xff,0x00,0x00,0x36,0x95,0x17,0x95,0x37,0x95,0x16,0x95,
    0x17,0x95,0x17,0x95,0x37,0x95,0x1d,0xdf,0x7e,0xe7,0x3d,0xe7,0x5e,0xe7,0x5e,0xe7,0x5e,0xe7,0x5e,0xe7,0x5e,0xe7,0x5e,0xe7,
    0x5e,0xe7,0x3d,0xe7,0x5e,0xe7,0x5e,0xe7,0x1a,0xb6,0x37,0x9d,0x17,0x95,0x17,0x95,0x17,0x95,0x17,0x95,0x37,0x95,0xf6,0x8c,
    0x19,0xb6,0x7e,0xef,0x3d,0xe7,0x5e,0xe7,0x5e,0xe7,0x5e,0xe7,0x5e,0xe7,0x5e,0xe7,0x5e,0xe7,0x5e,0xe7,0x5e,0xe7,0x5e,0xe7,
    0x3d,0xe7,0xff,0xf7,0x3d,0xdf,0x00,0x00,0xff,0xff,0x00,0x00,0x00,0x00,0x00,0x00,0x00,0x00,0x00,0x00,0x00,0x00,0x00,0x00,
    0x00,0x00,0x00,0x00,0x00,0x00,0x00,0x00,0x00,0x00,0x00,0x00,0x00,0x00,0x00,0x00,0x00,0x00,0x00,0x00,0xff,0xff,0x00,0x00,
    0x57,0x9d,0x16,0x95,0x37,0x95,0x16,0x95,0x17,0x95,0x37,0x95,0x16,0x95,0x98,0xa5,0x3d,0xdf,0x7e,0xe7,0x3d,0xe7,0x3d,0xe7,
    0x5e,0xe7,0x5e,0xe7,0x5e,0xe7,0x5e,0xe7,0x5e,0xe7,0x3d,0xe7,0x3d,0xe7,0x5e,0xe7,0x7e,0xef,0xb9,0xad,0x16,0x95,0x37,0x95,
    0x17,0x95,0x17,0x95,0x17,0x95,0x37,0x95,0x16,0x95,0x7b,0xc6,0x7e,0xef,0x5e,0xe7,0x3d,0xe7,0x5e,0xe7,0x5e,0xe7,0x5e,0xe7,
    0x5e,0xe7,0x5e,0xe7,0x3d,0xe7,0x3d,0xe7,0xff,0xf7,0x7e,0xe7,0x1e,0xe7,0xff,0xff,0xff,0xff,0x00,0x00,0x00,0x00,0x00,0x00,
    0x00,0x00,0x00,0x00,0x00,0x00,0x00,0x00,0x00,0x00,0x00,0x00,0x00,0x00,0x00,0x00,0x00,0x00,0x00,0x00,0x00,0x00,0x00,0x00,
    0x00,0x00,0x00,0x00,0x00,0x00,0xff,0x07,0xf7,0x9c,0x17,0x95,0x57,0x9d,0x17,0x95,0x17,0x95,0x17,0x95,0x37,0x95,0x16,0x95,
    0x57,0x9d,0xbc,0xce,0x5e,0xe7,0x7e,0xe7,0x5e,0xe7,0x3e,0xe7,0x3d,0xe7,0x3d,0xe7,0x5e,0xe7,0x5e,0xe7,0x7e,0xe7,0xfd,0xd6,
    0x98,0xa5,0x16,0x95,0x37,0x95,0x17,0x95,0x17,0x95,0x17,0x95,0x17,0x95,0x17,0x95,0x17,0x95,0x16,0x95,0x3a,0xbe,0x5e,0xe7,
    0x7e,0xef,0x5e,0xe7,0x5e,0xe7,0x3d,0xe7,0x3e,0xe7,0x5e,0xe7,0x7e,0xe7,0x9f,0xef,0x5e,0xe7,0x1e,0xe7,0x00,0x00,0xff,0xff,
    0x00,0x00,0x00,0x00,0x00,0x00,0x00,0x00,0x00,0x00,0x00,0x00,0x00,0x00,0x00,0x00,0x00,0x00,0x00,0x00,0x00,0x00,0x00,0x00,
    0x00,0x00,0x00,0x00,0x00,0x00,0x00,0x00,0x00,0x00,0x00,0x00,0x00,0x00,0xff,0xaf,0x00,0x00,0x16,0x95,0x78,0x9d,0x16,0x95,
    0x17,0x95,0x17,0x95,0x17,0x95,0x37,0x95,0x16,0x95,0x16,0x95,0xb8,0xad,0xbc,0xce,0x3d,0xdf,0x5e,0xe7,0x5e,0xe7,0x5e,0xe7,
    0x3d,0xe7,0xdc,0xd6,0xf9,0xb5,0x17,0x95,0x16,0x95,0x37,0x95,0x17,0x95,0x17,0x95,0x17,0x95,0x17,0x95,0x17,0x95,0x17,0x95,
    0x17,0x95,0x17,0x95,0xf6,0x8c,0x98,0xa5,0x7b,0xc6,0x1d,0xdf,0x5e,0xe7,0x5e,0xe7,0x5e,0xe7,0x3d,0xdf,0xdc,0xd6,0xf9,0xb5,
    0x00,0x00,0x00,0x00,0xff,0xff,0x00,0x00,0x00,0x00,0x00,0x00,0x00,0x00,0x00,0x00,0x00,0x00,0x00,0x00,0x00,0x00,0x00,0x00,
    0x00,0x00,0x00,0x00,0x00,0x00,0x00,0x00,0x00,0x00,0x00,0x00,0x00,0x00,0x00,0x00,0x00,0x00,0x00,0x00,0x00,0x00,0x55,0xad,
    0x00,0x00,0x16,0x95,0x58,0x9d,0x16,0x95,0x17,0x95,0x17,0x95,0x17,0x95,0x17,0x95,0x17,0x95,0x37,0x95,0xf6,0x94,0xf6,0x94,
    0x57,0x9d,0xb8,0xa5,0xb8,0xad,0xb8,0xad,0x57,0x9d,0x16,0x95,0xf6,0x8c,0x17,0x95,0x37,0x95,0x17,0x95,0x17,0x95,0x17,0x95,
    0x17,0x95,0x17,0x95,0x17,0x95,0x17,0x95,0x17,0x95,0x17,0x95,0x37,0x95,0x16,0x95,0xf6,0x8c,0x37,0x95,0x98,0xa5,0xb8,0xad,
    0xb8,0xa5,0x37,0x9d,0x78,0x9d,0xd6,0x8c,0x00,0x00,0x79,0x9e,0x00,0x00,0x00,0x00,0x00,0x00,0x00,0x00,0x00,0x00,0x00,0x00,
    0x00,0x00,0x00,0x00,0x00,0x00,0x00,0x00,0x00,0x00,0x00,0x00,0x00,0x00,0x00,0x00,0x00,0x00,0x00,0x00,0x00,0x00,0x00,0x00,
    0x00,0x00,0x00,0x00,0x00,0x00,0x00,0x00,0x55,0xad,0x00,0x00,0x16,0x95,0x99,0xa5,0x16,0x95,0x17,0x95,0x17,0x95,0x17,0x95,
    0x17,0x95,0x17,0x95,0x37,0x95,0x37,0x95,0x16,0x95,0xf6,0x94,0xf6,0x94,0xf6,0x94,0x16,0x95,0x17,0x95,0x37,0x95,0x17,0x95,
    0x17,0x95,0x17,0x95,0x17,0x95,0x17,0x95,0x17,0x95,0x17,0x95,0x17,0x95,0x17,0x95,0x17,0x95,0x17,0x95,0x17,0x95,0x37,0x95,
    0x37,0x95,0x16,0x95,0x16,0x95,0xf6,0x94,0xf6,0x8c,0x58,0x9d,0x37,0x95,0xd9,0xad,0xff,0x7f,0xff,0xff,0x00,0x00,0x00,0x00,
    0x00,0x00,0x00,0x00,0x00,0x00,0x00,0x00,0x00,0x00,0x00,0x00,0x00,0x00,0x00,0x00,0x00,0x00,0x00,0x00,0x00,0x00,0x00,0x00,
    0x00,0x00,0x00,0x00,0x00,0x00,0x00,0x00,0x00,0x00,0x00,0x00,0x00,0x00,0x00,0x00,0xff,0xff,0xff,0x7b,0x57,0x8d,0x37,0x95,
    0x98,0xa5,0x16,0x95,0x17,0x95,0x17,0x95,0x17,0x95,0x17,0x95,0x17,0x95,0x17,0x95,0x17,0x95,0x37,0x95,0x37,0x95,0x37,0x95,
    0x17,0x95,0x17,0x95,0x17,0x95,0x17,0x95,0x17,0x95,0x17,0x95,0x17,0x95,0x17,0x95,0x17,0x95,0x17,0x95,0x17,0x95,0x17,0x95,
    0x17,0x95,0x17,0x95,0x17,0x95,0x17,0x95,0x17,0x95,0x17,0x95,0x37,0x95,0x16,0x95,0x58,0x9d,0x57,0x9d,0x16,0x95,0x00,0x00,
    0xff,0x7f,0x00,0x00,0x00,0x00,0x00,0x00,0x00,0x00,0x00,0x00,0x00,0x00,0x00,0x00,0x00,0x00,0x00,0x00,0x00,0x00,0x00,0x00,
    0x00,0x00,0x00,0x00,0x00,0x00,0x00,0x00,0x00,0x00,0x00,0x00,0x00,0x00,0x00,0x00,0x00,0x00,0x00,0x00,0x00,0x00,0x00,0x00,
    0x00,0x00,0xef,0x7b,0x00,0x00,0xd5,0x8c,0x37,0x9d,0x78,0x9d,0x58,0x9d,0x37,0x95,0x16,0x95,0x16,0x95,0x16,0x95,0x16,0x95,
    0x16,0x95,0x16,0x95,0x16,0x95,0x16,0x95,0x16,0x95,0x16,0x95,0x16,0x95,0x16,0x95,0x16,0x95,0x16,0x95,0x16,0x95,0x16,0x95,
    0x16,0x95,0x16,0x95,0x16,0x95,0x16,0x95,0x16,0x95,0x16,0x95,0x16,0x95,0x16,0x95,0x16,0x95,0x17,0x95,0x57,0x9d,0x98,0xa5,
    0x57,0x9d,0xf6,0x94,0x00,0x00,0x55,0xad,0x00,0x00,0x00,0x00,0x00,0x00,0x00,0x00,0x00,0x00,0x00,0x00,0x00,0x00,0x00,0x00,
    0x00,0x00,0x00,0x00,0x00,0x00,0x00,0x00,0x00,0x00,0x00,0x00,0x00,0x00,0x00,0x00,0x00,0x00,0x00,0x00,0x00,0x00,0x00,0x00,
    0x00,0x00,0x00,0x00,0x00,0x00,0x00,0x00,0x00,0x00,0x00,0x00,0xef,0x7b,0x00,0x00,0x00,0x00,0x37,0x95,0x37,0x95,0x37,0x95,
    0x58,0x9d,0x58,0x9d,0x58,0x9d,0x58,0x9d,0x58,0x9d,0x58,0x9d,0x58,0x9d,0x58,0x9d,0x58,0x9d,0x58,0x9d,0x58,0x9d,0x58,0x9d,
    0x58,0x9d,0x58,0x9d,0x58,0x9d,0x58,0x9d,0x58,0x9d,0x58,0x9d,0x58,0x9d,0x58,0x9d,0x58,0x9d,0x58,0x9d,0x58,0x9d,0x58,0x9d,
    0x58,0x9d,0x37,0x95,0x37,0x9d,0x57,0x9d,0xd5,0x8c,0x00,0x00,0x55,0xad,0x00,0x00,0x00,0x00,0x00,0x00,0x00,0x00,0x00,0x00,
    0x00,0x00,0x00,0x00,0x00,0x00,0x00,0x00,0x00,0x00,0x00,0x00,0x00,0x00,0x00,0x00,0x00,0x00,0x00,0x00,0x00,0x00,0x00,0x00,
    0x00,0x00,0x00,0x00,0x00,0x00,0x00,0x00,0x00,0x00,0x00,0x00,0x5f,0xad,0xff,0xaf,0xff,0xaf,0xff,0xaf,0x5f,0xad,0xff,0xbd,
    0xf7,0xbd,0x00,0x00,0x00,0x00,0x78,0x9d,0x57,0x9d,0x36,0x95,0x37,0x95,0x37,0x95,0x37,0x95,0x37,0x95,0x37,0x95,0x37,0x95,
    0x37,0x95,0x37,0x95,0x37,0x95,0x37,0x95,0x37,0x95,0x37,0x95,0x37,0x95,0x37,0x95,0x37,0x95,0x37,0x95,0x37,0x95,0x37,0x95,
    0x37,0x95,0x37,0x95,0x37,0x95,0x36,0x95,0x78,0x9d,0x78,0x9d,0x5a,0xad,0x00,0x00,0x00,0x00,0x79,0xce,0x5f,0xad,0xff,0xaf,
    0xff,0xaf,0xff,0xff,0xff,0xff,0x00,0x00,0x00,0x00,0x00,0x00,0x00,0x00,0x00,0x00,0x00,0x00,0x00,0x00,0x00,0x00,0x00,0x00,
    0x00,0x00,0x00,0x00,0x00,0x00,0x00,0x00,0x00,0x00,0x00,0x00,0x00,0x00,0x00,0x00,0x00,0x00,0x00,0x00,0x00,0x00,0x00,0x00,
    0x00,0x00,0x00,0x00,0x00,0x00,0x00,0x00,0x00,0x00,0x00,0x00,0x00,0x00,0x00,0x00,0x00,0x00,0x00,0x00,0x00,0x00,0x00,0x00,
    0x00,0x00,0x00,0x00,0x00,0x00,0x00,0x00,0x00,0x00,0x00,0x00,0x00,0x00,0x00,0x00,0x00,0x00,0x00,0x00,0x00,0x00,0x00,0x00,
    0x00,0x00,0x00,0x00,0x00,0x00,0x00,0x00,0x00,0x00,0x00,0x00,0x00,0x00,0x00,0x00,0x00,0x00,0x00,0x00,0x00,0x00,0x00,0x00,
    0x00,0x00,0x00,0x00,0x00,0x00,0x00,0x00,0x00,0x00,0x00,0x00,0x00,0x00,0x00,0x00,0x00,0x00,0x00,0x00,0x00,0x00,0x00,0x00,
    0x00,0x00,0x00,0x00,0x00,0x00,0x00,0x00,0x00,0x00,0x00,0x00,0x00,0x00,0x00,0x00,0x00,0x00,0x00,0x00,0x00,0x00,0x00,0x00,
    0x00,0x00,0xff,0xbf,0xbc,0xce,0xdc,0xce,0x9b,0xce,0xbc,0xce,0xbc,0xce,0xbc,0xce,0xbc,0xce,0xbc,0xce,0xbc,0xce,0xbc,0xce,
    0xbc,0xce,0xbc,0xce,0xbc,0xce,0xbc,0xce,0xbc,0xce,0xbc,0xce,0xbc,0xce,0xbc,0xce,0xbc,0xce,0xbc,0xce,0xbc,0xce,0xbc,0xce,
    0xbc,0xce,0xbc,0xce,0xbc,0xce,0xbc,0xce,0xbc,0xce,0xbc,0xce,0xbc,0xce,0xbc,0xce,0xbc,0xce,0xbc,0xce,0xbc,0xce,0xbc,0xce,
    0xbc,0xce,0xbc,0xce,0xbc,0xce,0xbc,0xce,0xbc,0xce,0xbc,0xce,0xbc,0xce,0xbc,0xce,0x9b,0xce,0xfd,0xd6,0x9c,0xc6,0x00,0x00,
    0xff,0xff,0x00,0x00,0x00,0x00,0x00,0x00,0x00,0x00,0x00,0x00,0x00,0x00,0x00,0x00,0x00,0x00,0x00,0x00,0x00,0x00,0x00,0x00,
    0x00,0x00,0x00,0x00,0x00,0x00,0xff,0xff,0x00,0x00,0x3a,0xbe,0xbc,0xce,0x1d,0xd7,0xdc,0xd6,0xfd,0xd6,0xfd,0xd6,0xfd,0xd6,
    0xfd,0xd6,0xfd,0xd6,0xfd,0xd6,0xfd,0xd6,0xfd,0xd6,0xfd,0xd6,0xfd,0xd6,0xfd,0xd6,0xfd,0xd6,0xfd,0xd6,0xfd,0xd6,0xfd,0xd6,
    0xfd,0xd6,0xfd,0xd6,0xfd,0xd6,0xfd,0xd6,0xfd,0xd6,0xfd,0xd6,0xfd,0xd6,0xfd,0xd6,0xfd,0xd6,0xfd,0xd6,0xfd,0xd6,0xfd,0xd6,
    0xfd,0xd6,0xfd,0xd6,0xfd,0xd6,0xfd,0xd6,0xfd,0xd6,0xfd,0xd6,0xfd,0xd6,0xfd,0xd6,0xfd,0xd6,0xfd,0xd6,0xfd,0xd6,0xfd,0xd6,
    0xdc,0xd6,0x3e,0xdf,0xdc,0xce,0x00,0x00,0xff,0xaf,0x00,0x00,0x00,0x00,0x00,0x00,0x00,0x00,0x00,0x00,0x00,0x00,0x00,0x00,
    0x00,0x00,0x00,0x00,0x00,0x00,0x00,0x00,0x00,0x00,0x00,0x00,0x00,0x00,0xff,0xff,0x00,0x00,0xbc,0xc6,0xbc,0xce,0x1d,0xd7,
    0xfd,0xd6,0xfd,0xd6,0xfd,0xd6,0xfd,0xd6,0xfd,0xd6,0xfd,0xd6,0xfd,0xd6,0xfd,0xd6,0xfd,0xd6,0xfd,0xd6,0xfd,0xd6,0xfd,0xd6,
    0xfd,0xd6,0xfd,0xd6,0xfd,0xd6,0xfd,0xd6,0xfd,0xd6,0xfd,0xd6,0xfd,0xd6,0xfd,0xd6,0xfd,0xd6,0xfd,0xd6,0xfd,0xd6,0xfd,0xd6,
    0xfd,0xd6,0xfd,0xd6,0xfd,0xd6,0xfd,0xd6,0xfd,0xd6,0xfd,0xd6,0xfd,0xd6,0xfd,0xd6,0xfd,0xd6,0xfd,0xd6,0xfd,0xd6,0xfd,0xd6,
    0xfd,0xd6,0xfd,0xd6,0xfd,0xd6,0xfd,0xd6,0xfd,0xd6,0x5e,0xdf,0xbc,0xce,0x00,0x00,0xff,0xaf,0x00,0x00,0x00,0x00,0x00,0x00,
    0x00,0x00,0x00,0x00,0x00,0x00,0x00,0x00,0x00,0x00,0x00,0x00,0x00,0x00,0x00,0x00,0x00,0x00,0x00,0x00,0x00,0x00,0xff,0xff,
    0x00,0x00,0x3a,0xc6,0xbc,0xce,0xdc,0xce,0xbb,0xce,0xbc,0xce,0xbc,0xce,0xbc,0xce,0xbc,0xce,0xbc,0xce,0xbc,0xce,0xbc,0xce,
    0xbc,0xce,0xbc,0xce,0xbc,0xce,0xbc,0xce,0xbc,0xce,0xbc,0xce,0xbc,0xce,0xbc,0xce,0xbc,0xce,0xbc,0xce,0xbc,0xce,0xbc,0xce,
    0xbc,0xce,0xbc,0xce,0xbc,0xce,0xbc,0xce,0xbc,0xce,0xbc,0xce,0xbc,0xce,0xbc,0xce,0xbc,0xce,0xbc,0xce,0xbc,0xce,0xbc,0xce,
    0xbc,0xce,0xbc,0xce,0xbc,0xce,0xbc,0xce,0xbc,0xce,0xbc,0xce,0xbc,0xce,0xbc,0xce,0xbc,0xce,0xfd,0xd6,0xdc,0xce,0x00,0x00,
    0xff,0x7f,0x00,0x00,0x00,0x00,0x00,0x00,0x00,0x00,0x00,0x00,0x00,0x00,0x00,0x00,0x00,0x00,0x00,0x00,0x00,0x00,0x00,0x00,
    0x00,0x00,0x00,0x00,0x00,0x00,0x00,0x00,0x00,0x00,0x00,0x00,0x00,0x00,0x00,0x00,0x00,0x00,0x00,0x00,0x00,0x00,0x00,0x00,
    0x00,0x00,0x00,0x00,0x00,0x00,0x00,0x00,0x00,0x00,0x00,0x00,0x00,0x00,0x00,0x00,0x00,0x00,0x00,0x00,0x00,0x00,0x00,0x00,
    0x00,0x00,0x00,0x00,0x00,0x00,0x00,0x00,0x00,0x00,0x00,0x00,0x00,0x00,0x00,0x00,0x00,0x00,0x00,0x00,0x00,0x00,0x00,0x00,
    0x00,0x00,0x00,0x00,0x00,0x00,0x00,0x00,0x00,0x00,0x00,0x00,0x00,0x00,0x00,0x00,0x00,0x00,0x00,0x00,0x00,0x00,0x00,0x00,
    0x00,0x00,0x00,0x00,0x00,0x00,0x00,0x00,0x00,0x00,0x00,0x00,0x00,0x00,0x00,0x00,0x00,0x00,0x00,0x00,0x00,0x00,0x00,0x00,
    0x00,0x00,0x00,0x00,0x00,0x00,0x00,0x00,0x00,0x00,0x00,0x00,0x00,0x00,0x00,0x00,0x00,0x00,0x00,0x00,0xff,0xff,0xff,0xff,
    0xff,0xff,0xff,0xff,0xff,0xff,0x55,0xad,0x7f,0xce,0xff,0xcf,0xff,0xcf,0xff,0xcf,0xff,0xcf,0xff,0xcf,0xff,0xcf,0xff,0xcf,
    0xff,0xcf,0xff,0xcf,0xff,0xcf,0xff,0xcf,0xff,0xcf,0xff,0xcf,0xff,0xcf,0xff,0xcf,0xff,0xcf,0xff,0xcf,0xff,0xcf,0xff,0xcf,
    0xff,0xcf,0xff,0xcf,0xff,0xcf,0xff,0xcf,0xff,0xcf,0xff,0xcf,0xff,0xcf,0xff,0xcf,0xff,0xcf,0xff,0xcf,0xff,0xcf,0xff,0xcf,
    0xff,0xcf,0xff,0xcf,0xff,0xcf,0xff,0xcf,0xff,0xcf,0xff,0xcf,0xf7,0xbd,0xff,0xaf,0xff,0xaf,0xff,0xff,0xff,0xff,0x00,0x00,
    0x00,0x00,0x00,0x00,0x00,0x00,0x00,0x00,0x00,0x00,0x00,0x00,0x00,0x00,0x00,0x00,0x00,0x00,0x00,0x00,0x00,0x00,0x00,0x00,
    0x00,0x00,0x00,0x00,0x00,0x00,0x00,0x00,0x00,0x00,0x00,0x00,0x00,0x00,0x00,0x00,0x00,0x00,0x00,0x00,0x00,0x00,0x00,0x00,
    0x00,0x00,0x00,0x00,0x00,0x00,0x00,0x00,0x00,0x00,0x00,0x00,0x00,0x00,0x00,0x00,0x00,0x00,0x00,0x00,0x00,0x00,0x00,0x00,
    0x00,0x00,0x00,0x00,0x00,0x00,0x00,0x00,0x00,0x00,0x00,0x00,0x00,0x00,0x00,0x00,0x00,0x00,0x00,0x00,0x00,0x00,0x00,0x00,
    0x00,0x00,0x00,0x00,0x00,0x00,0x00,0x00,0x00,0x00,0x00,0x00,0x00,0x00,0x00,0x00,0x00,0x00,0x00,0x00,0x00,0x00,0x00,0x00,
    0x00,0x00,0x00,0x00,0x00,0x00,0x00,0x00,0x00,0x00,0x00,0x00,0x00,0x00,0x00,0x00,0x00,0x00,0x00,0x00,0x00,0x00,0x00,0x00,
    0x00,0x00,0x00,0x00,0x00,0x00,0x00,0x00,0x00,0x00,0x00,0x00,0x00,0x00,0x00,0x00,0x00,0x00,0x00,0x00,0x00,0x00,0xff,0xbf,
    0xbc,0xce,0xdc,0xce,0x9b,0xce,0xbc,0xce,0xbc,0xce,0xbc,0xce,0xbc,0xce,0xbc,0xce,0xbc,0xce,0xbc,0xce,0xbc,0xce,0xbc,0xce,
    0xbc,0xce,0xbc,0xce,0xbc,0xce,0xbc,0xce,0xbc,0xce,0xbc,0xce,0xbc,0xce,0xbc,0xce,0xbc,0xce,0xbc,0xce,0xbc,0xce,0xbc,0xce,
    0xbc,0xce,0xbc,0xce,0xbc,0xce,0xbc,0xce,0xbc,0xce,0xbc,0xce,0xbc,0xce,0xbc,0xce,0xbc,0xce,0xbc,0xce,0xbc,0xce,0xbc,0xce,
    0xbc,0xce,0xbc,0xce,0xbc,0xce,0xbc,0xce,0x9b,0xce,0xfd,0xd6,0x9c,0xc6,0x00,0x00,0xff,0xff,0x00,0x00,0x00,0x00,0x00,0x00,
    0x00,0x00,0x00,0x00,0x00,0x00,0x00,0x00,0x00,0x00,0x00,0x00,0x00,0x00,0x00,0x00,0x00,0x00,0x00,0x00,0x00,0x00,0x00,0x00,
    0x00,0x00,0xff,0xff,0x00,0x00,0x3a,0xbe,0xbc,0xce,0x1d,0xd7,0xdc,0xd6,0xfd,0xd6,0xfd,0xd6,0xfd,0xd6,0xfd,0xd6,0xfd,0xd6,
    0xfd,0xd6,0xfd,0xd6,0xfd,0xd6,0xfd,0xd6,0xfd,0xd6,0xfd,0xd6,0xfd,0xd6,0xfd,0xd6,0xfd,0xd6,0xfd,0xd6,0xfd,0xd6,0xfd,0xd6,
    0xfd,0xd6,0xfd,0xd6,0xfd,0xd6,0xfd,0xd6,0xfd,0xd6,0xfd,0xd6,0xfd,0xd6,0xfd,0xd6,0xfd,0xd6,0xfd,0xd6,0xfd,0xd6,0xfd,0xd6,
    0xfd,0xd6,0xfd,0xd6,0xfd,0xd6,0xfd,0xd6,0xfd,0xd6,0xfd,0xd6,0xfd,0xd6,0xfd,0xd6,0xdc,0xd6,0x3e,0xdf,0xdc,0xce,0x00,0x00,
    0xff,0xaf,0x00,0x00,0x00,0x00,0x00,0x00,0x00,0x00,0x00,0x00,0x00,0x00,0x00,0x00,0x00,0x00,0x00,0x00,0x00,0x00,0x00,0x00,
    0x00,0x00,0x00,0x00,0x00,0x00,0x00,0x00,0x00,0x00,0xff,0xff,0x00,0x00,0xbc,0xc6,0xbc,0xce,0x1d,0xd7,0xfd,0xd6,0xfd,0xd6,
    0xfd,0xd6,0xfd,0xd6,0xfd,0xd6,0xfd,0xd6,0xfd,0xd6,0xfd,0xd6,0xfd,0xd6,0xfd,0xd6,0xfd,0xd6,0xfd,0xd6,0xfd,0xd6,0xfd,0xd6,
    0xfd,0xd6,0xfd,0xd6,0xfd,0xd6,0xfd,0xd6,0xfd,0xd6,0xfd,0xd6,0xfd,0xd6,0xfd,0xd6,0xfd,0xd6,0xfd,0xd6,0xfd,0xd6,0xfd,0xd6,
    0xfd,0xd6,0xfd,0xd6,0xfd,0xd6,0xfd,0xd6,0xfd,0xd6,0xfd,0xd6,0xfd,0xd6,0xfd,0xd6,0xfd,0xd6,0xfd,0xd6,0xfd,0xd6,0xfd,0xd6,
    0xfd,0xd6,0x5e,0xdf,0xbc,0xce,0x00,0x00,0xff,0xaf,0x00,0x00,0x00,0x00,0x00,0x00,0x00,0x00,0x00,0x00,0x00,0x00,0x00,0x00,
    0x00,0x00,0x00,0x00,0x00,0x00,0x00,0x00,0x00,0x00,0x00,0x00,0x00,0x00,0x00,0x00,0x00,0x00,0xff,0xff,0x00,0x00,0x3a,0xc6,
    0xbc,0xce,0xdc,0xce,0xbb,0xce,0xbc,0xce,0xbc,0xce,0xbc,0xce,0xbc,0xce,0xbc,0xce,0xbc,0xce,0xbc,0xce,0xbc,0xce,0xbc,0xce,
    0xbc,0xce,0xbc,0xce,0xbc,0xce,0xbc,0xce,0xbc,0xce,0xbc,0xce,0xbc,0xce,0xbc,0xce,0xbc,0xce,0xbc,0xce,0xbc,0xce,0xbc,0xce,
    0xbc,0xce,0xbc,0xce,0xbc,0xce,0xbc,0xce,0xbc,0xce,0xbc,0xce,0xbc,0xce,0xbc,0xce,0xbc,0xce,0xbc,0xce,0xbc,0xce,0xbc,0xce,
    0xbc,0xce,0xbc,0xce,0xbc,0xce,0xbc,0xce,0xbc,0xce,0xfd,0xd6,0xdc,0xce,0x00,0x00,0xff,0x7f,0x00,0x00,0x00,0x00,0x00,0x00,
    0x00,0x00,0x00,0x00,0x00,0x00,0x00,0x00,0x00,0x00,0x00,0x00,0x00,0x00,0x00,0x00,0x00,0x00,0x00,0x00,0x00,0x00,0x00,0x00,
    0x00,0x00,0x00,0x00,0x00,0x00,0x00,0x00,0x00,0x00,0x00,0x00,0x00,0x00,0x00,0x00,0x00,0x00,0x00,0x00,0x00,0x00,0x00,0x00,
    0x00,0x00,0x00,0x00,0x00,0x00,0x00,0x00,0x00,0x00,0x00,0x00,0x00,0x00,0x00,0x00,0x00,0x00,0x00,0x00,0x00,0x00,0x00,0x00,
    0x00,0x00,0x00,0x00,0x00,0x00,0x00,0x00,0x00,0x00,0x00,0x00,0x00,0x00,0x00,0x00,0x00,0x00,0x00,0x00,0x00,0x00,0x00,0x00,
    0x00,0x00,0x00,0x00,0x00,0x00,0x00,0x00,0x00,0x00,0x00,0x00,0x00,0x00,0x00,0x00,0x00,0x00,0x00,0x00,0x00,0x00,0x00,0x00,
    0x00,0x00,0x00,0x00,0x00,0x00,0x00,0x00,0x00,0x00,0x00,0x00,0x00,0x00,0x00,0x00,0x00,0x00,0x00,0x00,0x00,0x00,0x00,0x00,
    0x5f,0xad,0xff,0xaf,0xff,0xaf,0xff,0xaf,0xff,0xaf,0xff,0xaf,0xff,0xaf,0xff,0xff,0x7f,0xce,0xff,0xcf,0xff,0xcf,0xff,0xcf,
    0xff,0xcf,0xff,0xcf,0xff,0xcf,0xff,0xcf,0xff,0xcf,0xff,0xcf,0xff,0xcf,0xff,0xcf,0xff,0xcf,0xff,0xcf,0xff,0xcf,0xff,0xcf,
    0xff,0xcf,0xff,0xcf,0xff,0xcf,0xff,0xcf,0xff,0xcf,0xff,0xcf,0xff,0xcf,0xff,0xcf,0xff,0xcf,0xff,0xcf,0xff,0xcf,0xff,0xcf,
    0xff,0xcf,0xff,0xcf,0xff,0xcf,0xff,0xcf,0xff,0xff,0xff,0xff,0xff,0xff,0xff,0xff,0xff,0xff,0xff,0xff,0xff,0xff,0xff,0xff,
    0xff,0xff,0xff,0xff,0xff,0x07,0x00,0x00,0x00,0x00,0x00,0x00,0x00,0x00,0x00,0x00,0x00,0x00,0x00,0x00,0x00,0x00,0x00,0x00,
    0x00,0x00,0x00,0x00,0x00,0x00,0x00,0x00,0x00,0x00,0x00,0x00,0x00,0x00,0x00,0x00,0x00,0x00,0x00,0x00,0x00,0x00,0x00,0x00,
    0x00,0x00,0x00,0x00,0x00,0x00,0x00,0x00,0x00,0x00,0x00,0x00,0x00,0x00,0x00,0x00,0x00,0x00,0x00,0x00,0x00,0x00,0x00,0x00,
    0x00,0x00,0x00,0x00,0x00,0x00,0x00,0x00,0x00,0x00,0x00,0x00,0x00,0x00,0x00,0x00,0x00,0x00,0x00,0x00,0x00,0x00,0x00,0x00,
    0x00,0x00,0x00,0x00,0x00,0x00,0x00,0x00,0x00,0x00,0x00,0x00,0x00,0x00,0x00,0x00,0x00,0x00,0x00,0x00,0x00,0x00,0x00,0x00,
    0x00,0x00,0x00,0x00,0x00,0x00,0x00,0x00,0x00,0x00,0x00,0x00,0x00,0x00,0x00,0x00,0x00,0x00,0x00,0x00,0x00,0x00,0x00,0x00,
    0x00,0x00,0x00,0x00,0x00,0x00,0x00,0x00,0x00,0x00,0x00,0x00,0x00,0x00,0xff,0xbf,0xbc,0xce,0xdc,0xce,0x9b,0xce,0xbc,0xce,
    0xbc,0xce,0xbc,0xce,0xbc,0xce,0xbc,0xce,0xbc,0xce,0xbc,0xce,0xbc,0xce,0xbc,0xce,0xbc,0xce,0xbc,0xce,0xbc,0xce,0xbc,0xce,
    0xbc,0xce,0xbc,0xce,0xbc,0xce,0xbc,0xce,0xbc,0xce,0xbc,0xce,0xbc,0xce,0xbc,0xce,0xbc,0xce,0xbc,0xce,0xbc,0xce,0xbc,0xce,
    0xbc,0xce,0xbc,0xce,0xbc,0xce,0xbc,0xce,0xbc,0xce,0xbc,0xce,0xbc,0xce,0xbc,0xce,0xbc,0xce,0xbc,0xce,0x9b,0xce,0xfd,0xd6,
    0x9c,0xc6,0x00,0x00,0xff,0xff,0x00,0x00,0x00,0x00,0x00,0x00,0x00,0x00,0x00,0x00,0x00,0x00,0x00,0x00,0x00,0x00,0x00,0x00,
    0x00,0x00,0x00,0x00,0x00,0x00,0x00,0x00,0x00,0x00,0x00,0x00,0x00,0x00,0x00,0x00,0x00,0x00,0xff,0xff,0x00,0x00,0x3a,0xbe,
    0xbc,0xce,0x1d,0xd7,0xdc,0xd6,0xfd,0xd6,0xfd,0xd6,0xfd,0xd6,0xfd,0xd6,0xfd,0xd6,0xfd,0xd6,0xfd,0xd6,0xfd,0xd6,0xfd,0xd6,
    0xfd,0xd6,0xfd,0xd6,0xfd,0xd6,0xfd,0xd6,0xfd,0xd6,0xfd,0xd6,0xfd,0xd6,0xfd,0xd6,0xfd,0xd6,0xfd,0xd6,0xfd,0xd6,0xfd,0xd6,
    0xfd,0xd6,0xfd,0xd6,0xfd,0xd6,0xfd,0xd6,0xfd,0xd6,0xfd,0xd6,0xfd,0xd6,0xfd,0xd6,0xfd,0xd6,0xfd,0xd6,0xfd,0xd6,0xfd,0xd6,
    0xfd,0xd6,0xfd,0xd6,0xdc,0xd6,0x3e,0xdf,0xdc,0xce,0x00,0x00,0xff,0xaf,0x00,0x00,0x00,0x00,0x00,0x00,0x00,0x00,0x00,0x00,
    0x00,0x00,0x00,0x00,0x00,0x00,0x00,0x00,0x00,0x00,0x00,0x00,0x00,0x00,0x00,0x00,0x00,0x00,0x00,0x00,0x00,0x00,0x00,0x00,
    0x00,0x00,0xff,0xff,0x00,0x00,0xbc,0xc6,0xbc,0xce,0x1d,0xd7,0xfd,0xd6,0xfd,0xd6,0xfd,0xd6,0xfd,0xd6,0xfd,0xd6,0xfd,0xd6,
    0xfd,0xd6,0xfd,0xd6,0xfd,0xd6,0xfd,0xd6,0xfd,0xd6,0xfd,0xd6,0xfd,0xd6,0xfd,0xd6,0xfd,0xd6,0xfd,0xd6,0xfd,0xd6,0xfd,0xd6,
    0xfd,0xd6,0xfd,0xd6,0xfd,0xd6,0xfd,0xd6,0xfd,0xd6,0xfd,0xd6,0xfd,0xd6,0xfd,0xd6,0xfd,0xd6,0xfd,0xd6,0xfd,0xd6,0xfd,0xd6,
    0xfd,0xd6,0xfd,0xd6,0xfd,0xd6,0xfd,0xd6,0xfd,0xd6,0xfd,0xd6,0xfd,0xd6,0x5e,0xdf,0xbc,0xce,0x00,0x00,0xff,0xaf,0x00,0x00,
    0x00,0x00,0x00,0x00,0x00,0x00,0x00,0x00,0x00,0x00,0x00,0x00,0x00,0x00,0x00,0x00,0x00,0x00,0x00,0x00,0x00,0x00,0x00,0x00,
    0x00,0x00,0x00,0x00,0x00,0x00,0x00,0x00,0x00,0x00,0xff,0xff,0x00,0x00,0x3a,0xc6,0xbc,0xce,0xdc,0xce,0xbb,0xce,0xbc,0xce,
    0xbc,0xce,0xbc,0xce,0xbc,0xce,0xbc,0xce,0xbc,0xce,0xbc,0xce,0xbc,0xce,0xbc,0xce,0xbc,0xce,0xbc,0xce,0xbc,0xce,0xbc,0xce,
    0xbc,0xce,0xbc,0xce,0xbc,0xce,0xbc,0xce,0xbc,0xce,0xbc,0xce,0xbc,0xce,0xbc,0xce,0xbc,0xce,0xbc,0xce,0xbc,0xce,0xbc,0xce,
    0xbc,0xce,0xbc,0xce,0xbc,0xce,0xbc,0xce,0xbc,0xce,0xbc,0xce,0xbc,0xce,0xbc,0xce,0xbc,0xce,0xbc,0xce,0xbc,0xce,0xfd,0xd6,
    0xdc,0xce,0x00,0x00,0xff,0x7f,0x00,0x00,0x00,0x00,0x00,0x00,0x00,0x00,0x00,0x00,0x00,0x00,0x00,0x00,0x00,0x00,0x00,0x00,
    0x00,0x00,0x00,0x00,0x00,0x00,0x00,0x00,0x00,0x00,0x00,0x00,0x00,0x00,0x00,0x00,0x00,0x00,0x00,0x00,0x00,0x00,0x00,0x00,
    0x00,0x00,0x00,0x00,0x00,0x00,0x00,0x00,0x00,0x00,0x00,0x00,0x00,0x00,0x00,0x00,0x00,0x00,0x00,0x00,0x00,0x00,0x00,0x00,
    0x00,0x00,0x00,0x00,0x00,0x00,0x00,0x00,0x00,0x00,0x00,0x00,0x00,0x00,0x00,0x00,0x00,0x00,0x00,0x00,0x00,0x00,0x00,0x00,
    0x00,0x00,0x00,0x00,0x00,0x00,0x00,0x00,0x00,0x00,0x00,0x00,0x00,0x00,0x00,0x00,0x00,0x00,0x00,0x00,0x00,0x00,0x00,0x00,
    0x00,0x00,0x00,0x00,0x00,0x00,0x00,0x00,0x00,0x00,0x00,0x00,0x00,0x00,0x00,0x00,0x00,0x00,0x00,0x00,0x00,0x00,0x00,0x00,
    0x00,0x00,0x00,0x00,0x00,0x00,0x00,0x00,0x00,0x00,0x00,0x00,0x00,0x00,0x00,0x00,0x00,0x00,0x00,0x00,0x00,0x00,0x00,0x00,
    0x00,0x00,0x00,0x00,0x00,0x00,0x00,0x00,0xff,0xff,0xff,0xff,0xff,0xff,0xff,0xff,0xff,0xff,0xff,0xff,0xff,0xff,0xff,0xff,
    0xff,0xff,0xff,0xff,0xff,0xff,0xff,0xff,0xff,0xff,0xff,0xff,0xff,0xff,0xff,0xff,0xff,0xff,0xff,0xff,0xff,0xff,0xff,0xff,
    0xff,0xff,0xff,0xff,0xff,0xff,0xff,0xff,0xff,0xff,0xff,0xff,0xff,0xff,0xff,0xff,0xff,0xff,0xff,0xff,0xff,0xff,0xff,0xff,
    0xff,0xff,0xff,0xff,0xff,0xff,0xff,0xff,0xff,0xff,0xff,0xff,0xff,0xff,0xff,0xff,0xff,0x07,0x00,0x00,0x00,0x00,0x00,0x00,
    0x00,0x00,0x00,0x00,0x00,0x00,0x00,0x00,0x00,0x00,0x00,0x00,0x00,0x00,0x00,0x00,0x00,0x00,0x00,0x00,0x00,0x00,0x00,0x00,
    0x00,0x00,0x00,0x00,0x00,0x00,0x00,0x00,0x00,0x00,0x00,0x00,0x00,0x00,0x00,0x00,0x00,0x00,0x00,0x00,0x00,0x00,0x00,0x00,
    0x00,0x00,0x00,0x00,0x00,0x00,0x00,0x00,0x00,0x00,0x00,0x00,0x00,0x00,0x00,0x00,0x00,0x00,0x00,0x00,0x00,0x00,0x00,0x00,
    0x00,0x00,0x00,0x00,0x00,0x00,0x00,0x00,0x00,0x00,0x00,0x00,0x00,0x00,0x00,0x00,0x00,0x00,0x00,0x00,0x00,0x00,0x00,0x00,
    0x00,0x00,0x00,0x00,0x00,0x00,0x00,0x00,0x00,0x00,0x00,0x00,0x00,0x00,0x00,0x00,0x00,0x00,0x00,0x00,0x00,0x00,0x00,0x00,
    0x00,0x00,0x00,0x00,0x00,0x00,0x00,0x00,0x00,0x00,0x00,0x00,0x00,0x00,0x00,0x00,0x00,0x00,0x00,0x00,0x00,0x00,0x00,0x00,
    0x00,0x00,0x00,0x00,0x00,0x00,0x00,0x00,0x00,0x00,0x00,0x00,0x00,0x00,0x00,0x00,0x00,0x00,0x00,0x00,0x00,0x00,0x00,0x00,
    0x00,0x00,0x00,0x00,0x00,0x00,0x00,0x00,0x00,0x00,0x00,0x00,0x00,0x00,0x00,0x00,0x00,0x00,0x00,0x00,0x00,0x00,0x00,0x00,
    0x00,0x00,0x00,0x00,0x00,0x00,0x00,0x00,0x00,0x00,0x00,0x00,0x00,0x00,0x00,0x00,0x00,0x00,0x00,0x00,0x00,0x00,0x00,0x00,
    0x00,0x00,0x00,0x00,0x00,0x00,0x00,0x00,0x00,0x00,0x00,0x00,0x00,0x00,0x00,0x00,0x00,0x00,0x00,0x00,0x00,0x00,0x00,0x00,
    0x00,0x00,0x00,0x00,0x00,0x00,0x00,0x00,0x00,0x00,0x00,0x00,0x00,0x00,0x00,0x00,0x00,0x00,0x00,0x00,0x00,0x00,0x00,0x00,
    0x00,0x00,0x00,0x00,0x00,0x00,0x00,0x00,0x00,0x00,0x00,0x00,0x00,0x00,0x00,0x00,0x00,0x00,0x00,0x00,0x00,0x00,0x00,0x00,
    0x00,0x00,0x00,0x00,0x00,0x00,0x00,0x00,0x00,0x00,0x00,0x00,0x00,0x00,0x00,0x00,0x00,0x00,0x00,0x00,0x00,0x00,0x00,0x00,
    0x00,0x00,0x00,0x00,0x00,0x00,0x00,0x00,0x00,0x00,0x00,0x00,0x00,0x00,0x00,0x00,0x00,0x00,0x00,0x00,0x00,0x00,0x00,0x00,
    0x00,0x00,0x00,0x00,0x00,0x00,0x00,0x00,0x00,0x00,0x00,0x00,0x00,0x00,0x00,0x00,0x00,0x00,0x00,0x00,0x00,0x00,0x00,0x00,
    0x00,0x00,0x00,0x00,0x00,0x00,0x00,0x00,0x00,0x00,0x00,0x00,0x00,0x00,0x00,0x00,0x00,0x00,0x00,0x00,0x00,0x00,0x00,0x00,
    0x00,0x00,0x00,0x00,0x00,0x00,0x00,0x00,0x00,0x00,0x00,0x00,0x00,0x00,0x00,0x00,0x00,0x00,0x00,0x00,0x00,0x00,0x00,0x00,
    0x00,0x00,0x00,0x00,0x00,0x00,0x00,0x00,0x00,0x00,0x00,0x00,0x00,0x00,0x00,0x00,0x00,0x00,0x00,0x00,0x00,0x00,0x00,0x00,
    0x00,0x00,0x00,0x00,0x00,0x00,0x00,0x00,0x00,0x00,0x00,0x00,0x00,0x00,0x00,0x00,0x00,0x00,0x00,0x00,0x00,0x00,0x00,0x00,
    0x00,0x00,0x00,0x00,0x00,0x00,0x00,0x00,0x00,0x00,0x00,0x00,0x00,0x00,0x00,0x00,0x00,0x00,0x00,0x00,0x00,0x00,0x00,0x00,
    0x00,0x00,0x00,0x00,0x00,0x00,0x00,0x00,0x00,0x00,0x00,0x00,0x00,0x00,0x00,0x00,0x00,0x00,0x00,0x00,0x00,0x00,0x00,0x00,
    0x00,0x00,0x00,0x00,0x00,0x00,0x00,0x00,0x00,0x00,0x00,0x00,0x00,0x00,0x00,0x00,0x00,0x00,0x00,0x00,0x00,0x00,0x00,0x00,
    0x00,0x00,0x00,0x00,0x00,0x00,0x00,0x00,0x00,0x00,0x00,0x00,0x00,0x00,0x00,0x00,0x00,0x00,0x00,0x00,0x00,0x00,0x00,0x00,
    0x00,0x00,0x00,0x00,0x00,0x00,0x00,0x00,0x00,0x00,0x00,0x00,0x00,0x00,0x00,0x00,0x00,0x00,0x00,0x00,0x00,0x00,0x00,0x00,
    0x00,0x00,0x00,0x00,0x00,0x00,0x00,0x00,0x00,0x00,0x00,0x00,0x00,0x00,0x00,0x00,0x00,0x00,0x00,0x00,0x00,0x00,0x00,0x00,
    0x00,0x00,0x00,0x00,0x00,0x00,0x00,0x00,0x00,0x00,0x00,0x00,0x00,0x00,0x00,0x00,0x00,0x00,0x00,0x00,0x00,0x00,0x00,0x00,
    0x00,0x00,0x00,0x00,0x00,0x00,0x00,0x00,0x00,0x00,0x00,0x00,0x01,0x01,0x01,0x01,0x00,0x00,0x00,0x00,0x00,0x00,0x00,0x00,
    0x00,0x00,0x00,0x00,0x00,0x00,0x00,0x00,0x00,0x00,0x00,0x00,0x00,0x00,0x00,0x00,0x00,0x00,0x00,0x00,0x00,0x00,0x00,0x00,
    0x00,0x00,0x00,0x00,0x00,0x00,0x00,0x00,0x00,0x00,0x00,0x00,0x00,0x00,0x00,0x00,0x00,0x00,0x00,0x00,0x00,0x00,0x00,0x00,
    0x00,0x01,0x03,0x03,0x00,0x00,0x00,0x00,0x03,0x04,0x01,0x00,0x00,0x00,0x00,0x00,0x00,0x00,0x00,0x00,0x00,0x00,0x00,0x00,
    0x00,0x00,0x00,0x00,0x00,0x00,0x00,0x00,0x00,0x00,0x00,0x00,0x00,0x00,0x00,0x00,0x00,0x00,0x00,0x00,0x00,0x00,0x00,0x00,
    0x00,0x00,0x00,0x00,0x00,0x00,0x00,0x00,0x00,0x00,0x00,0x00,0x00,0x00,0x00,0x00,0x03,0x00,0x00,0x00,0x03,0x10,0x10,0x09,
    0x00,0x00,0x00,0x03,0x00,0x00,0x00,0x00,0x00,0x00,0x00,0x00,0x00,0x00,0x00,0x00,0x00,0x00,0x00,0x00,0x00,0x00,0x00,0x00,
    0x00,0x00,0x00,0x00,0x00,0x00,0x00,0x00,0x00,0x00,0x00,0x00,0x00,0x00,0x00,0x00,0x00,0x00,0x00,0x00,0x00,0x00,0x00,0x00,
    0x00,0x00,0x00,0x00,0x00,0x00,0x00,0x03,0x00,0x06,0x5e,0x9e,0xd5,0xee,0xee,0xe1,0xad,0x70,0x16,0x00,0x01,0x01,0x00,0x00,
    0x00,0x00,0x00,0x00,0x00,0x00,0x00,0x00,0x00,0x00,0x00,0x00,0x00,0x00,0x00,0x00,0x00,0x00,0x00,0x00,0x00,0x00,0x00,0x00,
    0x00,0x00,0x00,0x00,0x00,0x00,0x00,0x00,0x00,0x00,0x00,0x00,0x00,0x00,0x00,0x00,0x00,0x00,0x00,0x00,0x00,0x01,0x02,0x00,
    0x57,0xd4,0xff,0xff,0xff,0xff,0xff,0xff,0xff,0xff,0xe9,0x7d,0x00,0x00,0x02,0x00,0x00,0x00,0x00,0x00,0x00,0x00,0x00,0x00,
    0x00,0x00,0x00,0x00,0x00,0x00,0x00,0x00,0x00,0x00,0x00,0x00,0x00,0x00,0x00,0x00,0x00,0x00,0x00,0x00,0x00,0x00,0x00,0x00,
    0x00,0x00,0x00,0x00,0x00,0x00,0x00,0x00,0x00,0x00,0x00,0x00,0x01,0x01,0x00,0x8f,0xff,0xff,0xfb,0xfb,0xfd,0xfe,0xfe,0xfd,
    0xfc,0xfb,0xff,0xff,0xb8,0x12,0x00,0x02,0x00,0x00,0x00,0x00,0x00,0x00,0x00,0x00,0x00,0x00,0x00,0x00,0x00,0x00,0x00,0x00,
    0x00,0x00,0x00,0x00,0x00,0x00,0x00,0x00,0x00,0x00,0x00,0x00,0x00,0x00,0x00,0x00,0x00,0x00,0x00,0x00,0x00,0x00,0x00,0x00,
    0x00,0x00,0x00,0x00,0x03,0x01,0x9a,0xff,0xfc,0xfd,0xff,0xff,0xff,0xff,0xff,0xff,0xff,0xff,0xfe,0xfa,0xff,0xca,0x13,0x02,
    0x01,0x00,0x00,0x00,0x00,0x00,0x00,0x00,0x00,0x00,0x00,0x00,0x00,0x00,0x00,0x00,0x00,0x00,0x00,0x00,0x00,0x00,0x00,0x00,
    0x00,0x00,0x00,0x00,0x00,0x00,0x00,0x00,0x00,0x00,0x00,0x00,0x00,0x00,0x00,0x00,0x00,0x01,0x01,0x04,0x00,0x7f,0xff,0xf9,
    0xff,0xff,0xff,0xff,0xff,0xff,0xff,0xff,0xff,0xff,0xff,0xff,0xfa,0xff,0xbb,0x00,0x03,0x00,0x00,0x00,0x00,0x00,0x00,0x00,
    0x00,0x00,0x00,0x00,0x00,0x00,0x00,0x00,0x00,0x00,0x00,0x00,0x00,0x00,0x00,0x00,0x00,0x00,0x00,0x00,0x00,0x00,0x00,0x00,
    0x00,0x00,0x00,0x00,0x00,0x00,0x01,0x04,0x02,0x00,0x00,0x00,0x32,0xfa,0xfb,0xfe,0xff,0xff,0xff,0xff,0xff,0xff,0xff,0xff,
    0xff,0xff,0xff,0xff,0xff,0xfa,0xff,0x6b,0x00,0x03,0x00,0x00,0x00,0x00,0x00,0x00,0x00,0x00,0x00,0x00,0x00,0x00,0x00,0x00,
    0x00,0x00,0x00,0x00,0x00,0x00,0x00,0x00,0x00,0x00,0x00,0x00,0x00,0x00,0x00,0x00,0x00,0x00,0x00,0x00,0x00,0x03,0x00,0x00,
    0x00,0x0f,0x13,0x14,0xc2,0xff,0xfc,0xff,0xff,0xff,0xff,0xff,0xff,0xff,0xff,0xff,0xff,0xff,0xff,0xff,0xff,0xfe,0xfd,0xee,
    0x15,0x01,0x01,0x00,0x00,0x00,0x00,0x00,0x00,0x00,0x00,0x00,0x00,0x00,0x00,0x00,0x00,0x00,0x00,0x00,0x00,0x00,0x00,0x00,
    0x00,0x00,0x00,0x00,0x00,0x00,0x00,0x00,0x00,0x00,0x00,0x01,0x01,0x00,0x16,0x74,0xbc,0xeb,0xee,0xf0,0xff,0xfe,0xff,0xff,
    0xff,0xff,0xff,0xff,0xff,0xff,0xff,0xff,0xff,0xff,0xff,0xff,0xff,0xff,0xfc,0xff,0x60,0x02,0x08,0x02,0x00,0x00,0x00,0x00,
    0x00,0x00,0x00,0x00,0x00,0x00,0x00,0x00,0x00,0x00,0x00,0x00,0x00,0x00,0x00,0x00,0x00,0x00,0x00,0x00,0x00,0x00,0x00,0x00,
    0x00,0x00,0x01,0x00,0x00,0x7c,0xe9,0xff,0xff,0xff,0xff,0xff,0xfe,0xff,0xff,0xff,0xff,0xff,0xff,0xff,0xff,0xff,0xff,0xff,
    0xff,0xff,0xff,0xff,0xff,0xff,0xfc,0xfe,0xb5,0x00,0x00,0x00,0x03,0x00,0x00,0x00,0x00,0x00,0x00,0x00,0x00,0x00,0x00,0x00,
    0x00,0x00,0x00,0x00,0x00,0x00,0x00,0x00,0x00,0x00,0x00,0x00,0x00,0x00,0x00,0x00,0x00,0x01,0x01,0x13,0xb8,0xff,0xff,0xfb,
    0xfc,0xfe,0xfe,0xfe,0xff,0xff,0xff,0xff,0xff,0xff,0xff,0xff,0xff,0xff,0xff,0xff,0xff,0xff,0xff,0xff,0xff,0xff,0xff,0xff,
    0xf9,0xbc,0x74,0x22,0x00,0x02,0x00,0x00,0x00,0x00,0x00,0x00,0x00,0x00,0x00,0x00,0x00,0x00,0x00,0x00,0x00,0x00,0x00,0x00,
    0x00,0x00,0x00,0x00,0x00,0x00,0x00,0x00,0x00,0x03,0x02,0xbb,0xff,0xf9,0xfe,0xff,0xff,0xff,0xff,0xff,0xff,0xff,0xff,0xff,
    0xff,0xff,0xff,0xff,0xff,0xff,0xff,0xff,0xff,0xff,0xff,0xff,0xff,0xff,0xff,0xff,0xff,0xff,0xff,0xf0,0x6d,0x00,0x02,0x01,
    0x00,0x00,0x00,0x00,0x00,0x00,0x00,0x00,0x00,0x00,0x00,0x00,0x00,0x00,0x00,0x00,0x00,0x00,0x00,0x00,0x00,0x00,0x00,0x00,
    0x03,0x00,0x7a,0xff,0xf9,0xff,0xff,0xff,0xff,0xff,0xff,0xff,0xff,0xff,0xff,0xff,0xff,0xff,0xff,0xff,0xff,0xff,0xff,0xff,
    0xff,0xff,0xff,0xff,0xff,0xff,0xff,0xff,0xff,0xfc,0xfb,0xff,0xff,0x9a,0x01,0x03,0x00,0x00,0x00,0x00,0x00,0x00,0x00,0x00,
    0x00,0x00,0x00,0x00,0x00,0x00,0x00,0x00,0x00,0x00,0x00,0x00,0x00,0x00,0x00,0x01,0x01,0x15,0xed,0xfd,0xfe,0xff,0xff,0xff,
    0xff,0xff,0xff,0xff,0xff,0xff,0xff,0xff,0xff,0xff,0xff,0xff,0xff,0xff,0xff,0xff,0xff,0xff,0xff,0xff,0xff,0xff,0xff,0xff,
    0xff,0xff,0xff,0xfe,0xf9,0xff,0x7f,0x00,0x03,0x00,0x00,0x00,0x00,0x00,0x00,0x00,0x00,0x00,0x00,0x00,0x00,0x00,0x00,0x00,
    0x00,0x00,0x00,0x00,0x00,0x00,0x00,0x04,0x00,0x76,0xff,0xfb,0xff,0xff,0xff,0xff,0xff,0xff,0xff,0xff,0xff,0xff,0xff,0xff,
    0xff,0xff,0xff,0xff,0xff,0xff,0xff,0xff,0xff,0xff,0xff,0xff,0xff,0xff,0xff,0xff,0xff,0xff,0xff,0xff,0xfe,0xfb,0xfa,0x34,
    0x00,0x02,0x00,0x00,0x00,0x00,0x00,0x00,0x00,0x00,0x00,0x00,0x00,0x00,0x00,0x00,0x00,0x00,0x00,0x00,0x00,0x00,0x00,0x02,
    0x04,0xc0,0xfe,0xfc,0xff,0xff,0xff,0xff,0xff,0xff,0xff,0xff,0xff,0xff,0xff,0xff,0xff,0xff,0xff,0xff,0xff,0xff,0xff,0xff,
    0xff,0xff,0xff,0xff,0xff,0xff,0xff,0xff,0xff,0xff,0xff,0xff,0xff,0xfb,0xff,0xa4,0x00,0x03,0x00,0x00,0x00,0x00,0x00,0x00,
    0x00,0x00,0x00,0x00,0x00,0x00,0x00,0x00,0x00,0x00,0x00,0x00,0x00,0x00,0x01,0x01,0x01,0xea,0xff,0xfe,0xff,0xff,0xff,0xff,
    0xff,0xff,0xff,0xff,0xff,0xff,0xff,0xff,0xff,0xff,0xff,0xff,0xff,0xff,0xff,0xff,0xff,0xff,0xff,0xff,0xff,0xff,0xff,0xff,
    0xff,0xff,0xff,0xff,0xff,0xfe,0xff,0xe4,0x0a,0x00,0x01,0x00,0x00,0x00,0x00,0x00,0x00,0x00,0x00,0x00,0x00,0x00,0x00,0x00,
    0x00,0x00,0x00,0x00,0x00,0x01,0x01,0x00,0x81,0xfb,0xfe,0xff,0xff,0xff,0xff,0xff,0xff,0xff,0xff,0xff,0xff,0xff,0xff,0xff,
    0xff,0xff,0xff,0xff,0xff,0xff,0xff,0xff,0xff,0xff,0xff,0xff,0xff,0xff,0xff,0xff,0xff,0xff,0xff,0xff,0xff,0xff,0xfe,0xfc,
    0x35,0x00,0x03,0x00,0x00,0x00,0x00,0x00,0x00,0x00,0x00,0x00,0x00,0x00,0x00,0x00,0x00,0x00,0x00,0x00,0x00,0x03,0x01,0x9a,
    0xff,0xfd,0xff,0xff,0xff,0xff,0xff,0xff,0xff,0xff,0xff,0xff,0xff,0xff,0xff,0xff,0xff,0xff,0xff,0xff,0xff,0xff,0xff,0xff,
    0xff,0xff,0xff,0xff,0xff,0xff,0xff,0xff,0xff,0xff,0xff,0xff,0xff,0xff,0xfd,0xff,0x44,0x00,0x03,0x00,0x00,0x00,0x00,0x00,
    0x00,0x00,0x00,0x00,0x00,0x00,0x00,0x00,0x00,0x00,0x00,0x00,0x03,0x00,0x7f,0xff,0xf9,0xff,0xff,0xff,0xff,0xff,0xff,0xff,
    0xff,0xff,0xff,0xff,0xff,0xff,0xff,0xff,0xff,0xff,0xff,0xff,0xff,0xff,0xff,0xff,0xff,0xff,0xff,0xff,0xff,0xff,0xff,0xff,
    0xff,0xff,0xff,0xff,0xff,0xff,0xfd,0xfe,0x3e,0x00,0x03,0x00,0x00,0x00,0x00,0x00,0x00,0x00,0x00,0x00,0x00,0x00,0x00,0x00,
    0x00,0x00,0x00,0x02,0x00,0x29,0xfa,0xfc,0xfe,0xff,0xff,0xff,0xff,0xff,0xff,0xff,0xff,0xff,0xff,0xff,0xff,0xff,0xff,0xff,
    0xff,0xff,0xff,0xff,0xff,0xff,0xff,0xff,0xff,0xff,0xff,0xff,0xff,0xff,0xff,0xff,0xff,0xff,0xff,0xff,0xff,0xfe,0xff,0xee,
    0x13,0x00,0x01,0x00,0x00,0x00,0x00,0x00,0x00,0x00,0x00,0x00,0x00,0x00,0x00,0x00,0x00,0x00,0x00,0x04,0x00,0x8d,0xff,0xfb,
    0xff,0xff,0xff,0xff,0xff,0xff,0xff,0xff,0xff,0xff,0xff,0xff,0xff,0xff,0xff,0xff,0xff,0xff,0xff,0xff,0xff,0xff,0xff,0xff,
    0xff,0xff,0xff,0xff,0xff,0xff,0xff,0xff,0xff,0xff,0xff,0xff,0xff,0xfc,0xfe,0xb8,0x00,0x03,0x00,0x00,0x00,0x00,0x00,0x00,
    0x00,0x00,0x00,0x00,0x00,0x00,0x00,0x00,0x00,0x00,0x00,0x01,0x04,0xcd,0xfe,0xfd,0xff,0xff,0xff,0xff,0xff,0xff,0xff,0xff,
    0xff,0xff,0xff,0xff,0xff,0xff,0xff,0xff,0xff,0xff,0xff,0xff,0xff,0xff,0xff,0xff,0xff,0xff,0xff,0xff,0xff,0xff,0xff,0xff,
    0xff,0xff,0xff,0xff,0xff,0xfa,0xff,0x51,0x00,0x03,0x00,0x00,0x00,0x00,0x00,0x00,0x00,0x00,0x00,0x00,0x00,0x00,0x00,0x00,
    0x00,0x00,0x01,0x00,0x11,0xee,0xff,0xfe,0xff,0xff,0xff,0xff,0xff,0xff,0xff,0xff,0xff,0xff,0xff,0xff,0xff,0xff,0xff,0xff,
    0xff,0xff,0xff,0xff,0xff,0xff,0xff,0xff,0xff,0xff,0xff,0xff,0xff,0xff,0xff,0xff,0xff,0xff,0xff,0xff,0xf9,0xff,0xaa,0x00,
    0x03,0x00,0x00,0x00,0x00,0x00,0x00,0x00,0x00,0x00,0x00,0x00,0x00,0x00,0x00,0x00,0x00,0x00,0x01,0x00,0x12,0xf0,0xff,0xfe,
    0xff,0xff,0xff,0xff,0xff,0xff,0xff,0xff,0xff,0xff,0xff,0xff,0xff,0xff,0xff,0xff,0xff,0xff,0xff,0xff,0xff,0xff,0xff,0xff,
    0xff,0xff,0xff,0xff,0xff,0xff,0xff,0xff,0xff,0xff,0xff,0xfc,0xff,0xca,0x12,0x02,0x01,0x00,0x00,0x00,0x00,0x00,0x00,0x00,
    0x00,0x00,0x00,0x00,0x00,0x00,0x00,0x00,0x00,0x00,0x00,0x01,0x08,0xd9,0xff,0xfd,0xff,0xff,0xff,0xff,0xff,0xff,0xff,0xff,
    0xff,0xff,0xff,0xff,0xff,0xff,0xff,0xff,0xff,0xff,0xff,0xff,0xff,0xff,0xff,0xff,0xff,0xff,0xff,0xff,0xff,0xff,0xff,0xff,
    0xff,0xff,0xfd,0xff,0xaa,0x11,0x00,0x02,0x00,0x00,0x00,0x00,0x00,0x00,0x00,0x00,0x00,0x00,0x00,0x00,0x00,0x00,0x00,0x00,
    0x00,0x00,0x00,0x03,0x00,0xa1,0xfe,0xfb,0xff,0xff,0xff,0xff,0xff,0xff,0xff,0xff,0xff,0xff,0xff,0xff,0xff,0xff,0xff,0xff,
    0xff,0xff,0xff,0xff,0xff,0xff,0xff,0xff,0xff,0xff,0xff,0xff,0xff,0xff,0xff,0xff,0xff,0xfd,0xfd,0xdd,0x00,0x00,0x02,0x00,
    0x00,0x00,0x00,0x00,0x00,0x00,0x00,0x00,0x00,0x00,0x00,0x00,0x00,0x00,0x00,0x00,0x00,0x00,0x00,0x03,0x00,0x42,0xff,0xfb,
    0xff,0xff,0xff,0xff,0xff,0xff,0xff,0xff,0xff,0xff,0xff,0xff,0xff,0xff,0xff,0xff,0xff,0xff,0xff,0xff,0xff,0xff,0xff,0xff,
    0xff,0xff,0xff,0xff,0xff,0xff,0xff,0xff,0xff,0xfa,0xff,0x7f,0x00,0x05,0x00,0x00,0x00,0x00,0x00,0x00,0x00,0x00,0x00,0x00,
    0x00,0x00,0x00,0x00,0x00,0x00,0x00,0x00,0x00,0x00,0x00,0x00,0x03,0x00,0xaa,0xff,0xf9,0xff,0xff,0xff,0xff,0xff,0xff,0xff,
    0xff,0xff,0xff,0xff,0xff,0xff,0xff,0xff,0xff,0xff,0xff,0xff,0xff,0xff,0xff,0xff,0xff,0xff,0xff,0xff,0xff,0xff,0xff,0xff,
    0xfb,0xff,0xde,0x0f,0x02,0x01,0x00,0x00,0x00,0x00,0x00,0x00,0x00,0x00,0x00,0x00,0x00,0x00,0x00,0x00,0x00,0x00,0x00,0x00,
    0x00,0x00,0x00,0x00,0x01,0x02,0x12,0xca,0xff,0xfa,0xfc,0xfe,0xff,0xff,0xff,0xff,0xff,0xff,0xff,0xff,0xff,0xff,0xff,0xff,
    0xff,0xff,0xff,0xff,0xff,0xff,0xff,0xff,0xff,0xff,0xff,0xff,0xff,0xfe,0xfd,0xfa,0xff,0xee,0x34,0x00,0x02,0x00,0x00,0x00,
    0x00,0x00,0x00,0x00,0x00,0x00,0x00,0x00,0x00,0x00,0x00,0x00,0x00,0x00,0x00,0x00,0x00,0x00,0x00,0x00,0x00,0x02,0x00,0x12,
    0xb8,0xff,0xff,0xff,0xfd,0xfd,0xfd,0xfd,0xfd,0xfd,0xfd,0xfd,0xfd,0xfd,0xfd,0xfd,0xfd,0xfd,0xfd,0xfd,0xfd,0xfd,0xfd,0xfd,
    0xfd,0xfd,0xfd,0xfd,0xfd,0xff,0xff,0xff,0xd9,0x35,0x00,0x03,0x00,0x00,0x00,0x00,0x00,0x00,0x00,0x00,0x00,0x00,0x00,0x00,
    0x00,0x00,0x00,0x00,0x00,0x00,0x00,0x00,0x00,0x00,0x00,0x00,0x00,0x00,0x02,0x00,0x00,0x62,0xc6,0xf4,0xff,0xff,0xff,0xff,
    0xff,0xff,0xff,0xff,0xff,0xff,0xff,0xff,0xff,0xff,0xff,0xff,0xff,0xff,0xff,0xff,0xff,0xff,0xff,0xff,0xff,0xfb,0xd5,0x80,
    0x0f,0x00,0x03,0x00,0x00,0x00,0x00,0x00,0x00,0x00,0x00,0x00,0x00,0x00,0x00,0x00,0x00,0x00,0x00,0x00,0x00,0x00,0x00,0x00,
    0x00,0x00,0x03,0x03,0x03,0x03,0x03,0x04,0x04,0x00,0x00,0x20,0x44,0x44,0x44,0x44,0x44,0x44,0x44,0x44,0x44,0x44,0x44,0x44,
    0x44,0x44,0x44,0x44,0x44,0x44,0x44,0x44,0x44,0x44,0x44,0x44,0x44,0x2c,0x06,0x00,0x00,0x05,0x03,0x03,0x03,0x03,0x01,0x00,
    0x00,0x00,0x00,0x00,0x00,0x00,0x00,0x00,0x00,0x00,0x00,0x00,0x00,0x00,0x00,0x00,0x00,0x00,0x00,0x00,0x00,0x00,0x00,0x00,
    0x00,0x00,0x00,0x00,0x00,0x00,0x00,0x00,0x00,0x00,0x00,0x00,0x00,0x00,0x00,0x00,0x00,0x00,0x00,0x00,0x00,0x00,0x00,0x00,
    0x00,0x00,0x00,0x00,0x00,0x00,0x00,0x00,0x00,0x00,0x00,0x00,0x00,0x00,0x00,0x00,0x00,0x00,0x00,0x00,0x00,0x00,0x00,0x00,
    0x00,0x00,0x00,0x00,0x00,0x00,0x00,0x00,0x00,0x04,0x3d,0x41,0x41,0x41,0x41,0x41,0x41,0x41,0x42,0x43,0x44,0x44,0x44,0x44,
    0x44,0x44,0x44,0x44,0x44,0x44,0x44,0x44,0x44,0x44,0x44,0x44,0x44,0x44,0x44,0x44,0x44,0x44,0x44,0x44,0x44,0x43,0x42,0x41,
    0x41,0x41,0x41,0x41,0x41,0x41,0x11,0x00,0x01,0x00,0x00,0x00,0x00,0x00,0x00,0x00,0x00,0x00,0x00,0x00,0x00,0x00,0x00,0x01,
    0x00,0x12,0xf6,0xff,0xff,0xff,0xff,0xff,0xff,0xff,0xff,0xff,0xff,0xff,0xff,0xff,0xff,0xff,0xff,0xff,0xff,0xff,0xff,0xff,
    0xff,0xff,0xff,0xff,0xff,0xff,0xff,0xff,0xff,0xff,0xff,0xff,0xff,0xff,0xff,0xff,0xff,0xff,0xff,0xff,0xff,0xff,0x43,0x00,
    0x03,0x00,0x00,0x00,0x00,0x00,0x00,0x00,0x00,0x00,0x00,0x00,0x00,0x00,0x00,0x01,0x00,0x12,0xf9,0xff,0xff,0xff,0xff,0xff,
    0xff,0xff,0xff,0xff,0xff,0xff,0xff,0xff,0xff,0xff,0xff,0xff,0xff,0xff,0xff,0xff,0xff,0xff,0xff,0xff,0xff,0xff,0xff,0xff,
    0xff,0xff,0xff,0xff,0xff,0xff,0xff,0xff,0xff,0xff,0xff,0xff,0xff,0xff,0x44,0x00,0x03,0x00,0x00,0x00,0x00,0x00,0x00,0x00,
    0x00,0x00,0x00,0x00,0x00,0x00,0x00,0x01,0x00,0x0d,0xb1,0xbe,0xbd,0xbe,0xbe,0xbe,0xbe,0xbe,0xbe,0xbe,0xbe,0xbe,0xbe,0xbe,
    0xbe,0xbe,0xbe,0xbe,0xbe,0xbe,0xbe,0xbe,0xbe,0xbe,0xbe,0xbe,0xbe,0xbe,0xbe,0xbe,0xbe,0xbe,0xbe,0xbe,0xbe,0xbe,0xbe,0xbe,
    0xbe,0xbe,0xbe,0xbe,0xbc,0xbe,0x30,0x00,0x02,0x00,0x00,0x00,0x00,0x00,0x00,0x00,0x00,0x00,0x00,0x00,0x00,0x00,0x00,0x00,
    0x00,0x00,0x00,0x00,0x00,0x00,0x00,0x00,0x00,0x00,0x00,0x00,0x00,0x00,0x00,0x00,0x00,0x00,0x00,0x00,0x00,0x00,0x00,0x00,
    0x00,0x00,0x00,0x00,0x00,0x00,0x00,0x00,0x00,0x00,0x00,0x00,0x00,0x00,0x00,0x00,0x00,0x00,0x00,0x00,0x00,0x00,0x00,0x00,
    0x00,0x00,0x00,0x00,0x00,0x00,0x00,0x00,0x00,0x00,0x00,0x00,0x00,0x00,0x00,0x00,0x00,0x00,0x02,0x02,0x02,0x02,0x02,0x03,
    0x05,0x05,0x05,0x05,0x05,0x05,0x05,0x05,0x05,0x05,0x05,0x05,0x05,0x05,0x05,0x05,0x05,0x05,0x05,0x05,0x05,0x05,0x05,0x05,
    0x05,0x05,0x05,0x05,0x05,0x05,0x05,0x05,0x05,0x05,0x05,0x05,0x05,0x05,0x04,0x03,0x03,0x03,0x01,0x00,0x00,0x00,0x00,0x00,
    0x00,0x00,0x00,0x00,0x00,0x00,0x00,0x00,0x00,0x00,0x00,0x00,0x00,0x00,0x00,0x00,0x00,0x00,0x00,0x00,0x00,0x00,0x00,0x00,
    0x00,0x00,0x00,0x00,0x00,0x00,0x00,0x00,0x00,0x00,0x00,0x00,0x00,0x00,0x00,0x00,0x00,0x00,0x00,0x00,0x00,0x00,0x00,0x00,
    0x00,0x00,0x00,0x00,0x00,0x00,0x00,0x00,0x00,0x00,0x00,0x00,0x00,0x00,0x00,0x00,0x00,0x00,0x00,0x00,0x00,0x00,0x00,0x00,
    0x00,0x00,0x00,0x00,0x00,0x00,0x00,0x04,0x3d,0x41,0x41,0x41,0x41,0x41,0x41,0x41,0x41,0x41,0x41,0x41,0x41,0x41,0x41,0x41,
    0x41,0x41,0x41,0x41,0x41,0x41,0x41,0x41,0x41,0x41,0x41,0x41,0x41,0x41,0x41,0x41,0x41,0x41,0x41,0x41,0x41,0x41,0x41,0x41,
    0x41,0x41,0x11,0x00,0x01,0x00,0x00,0x00,0x00,0x00,0x00,0x00,0x00,0x00,0x00,0x00,0x00,0x00,0x00,0x00,0x00,0x01,0x00,0x12,
    0xf6,0xff,0xff,0xff,0xff,0xff,0xff,0xff,0xff,0xff,0xff,0xff,0xff,0xff,0xff,0xff,0xff,0xff,0xff,0xff,0xff,0xff,0xff,0xff,
    0xff,0xff,0xff,0xff,0xff,0xff,0xff,0xff,0xff,0xff,0xff,0xff,0xff,0xff,0xff,0xff,0xff,0xff,0x43,0x00,0x03,0x00,0x00,0x00,
    0x00,0x00,0x00,0x00,0x00,0x00,0x00,0x00,0x00,0x00,0x00,0x00,0x00,0x01,0x00,0x12,0xf9,0xff,0xff,0xff,0xff,0xff,0xff,0xff,
    0xff,0xff,0xff,0xff,0xff,0xff,0xff,0xff,0xff,0xff,0xff,0xff,0xff,0xff,0xff,0xff,0xff,0xff,0xff,0xff,0xff,0xff,0xff,0xff,
    0xff,0xff,0xff,0xff,0xff,0xff,0xff,0xff,0xff,0xff,0x44,0x00,0x03,0x00,0x00,0x00,0x00,0x00,0x00,0x00,0x00,0x00,0x00,0x00,
    0x00,0x00,0x00,0x00,0x00,0x01,0x00,0x0d,0xb1,0xbe,0xbd,0xbe,0xbe,0xbe,0xbe,0xbe,0xbe,0xbe,0xbe,0xbe,0xbe,0xbe,0xbe,0xbe,
    0xbe,0xbe,0xbe,0xbe,0xbe,0xbe,0xbe,0xbe,0xbe,0xbe,0xbe,0xbe,0xbe,0xbe,0xbe,0xbe,0xbe,0xbe,0xbe,0xbe,0xbe,0xbe,0xbe,0xbe,
    0xbc,0xbe,0x30,0x00,0x02,0x00,0x00,0x00,0x00,0x00,0x00,0x00,0x00,0x00,0x00,0x00,0x00,0x00,0x00,0x00,0x00,0x00,0x00,0x00,
    0x00,0x00,0x00,0x00,0x00,0x00,0x00,0x00,0x00,0x00,0x00,0x00,0x00,0x00,0x00,0x00,0x00,0x00,0x00,0x00,0x00,0x00,0x00,0x00,
    0x00,0x00,0x00,0x00,0x00,0x00,0x00,0x00,0x00,0x00,0x00,0x00,0x00,0x00,0x00,0x00,0x00,0x00,0x00,0x00,0x00,0x00,0x00,0x00,
    0x00,0x00,0x00,0x00,0x00,0x00,0x00,0x00,0x03,0x03,0x03,0x03,0x03,0x03,0x03,0x03,0x05,0x05,0x05,0x05,0x05,0x05,0x05,0x05,
    0x05,0x05,0x05,0x05,0x05,0x05,0x05,0x05,0x05,0x05,0x05,0x05,0x05,0x05,0x05,0x05,0x05,0x05,0x05,0x05,0x05,0x05,0x05,0x05,
    0x03,0x02,0x02,0x02,0x02,0x02,0x02,0x02,0x02,0x02,0x01,0x00,0x00,0x00,0x00,0x00,0x00,0x00,0x00,0x00,0x00,0x00,0x00,0x00,
    0x00,0x00,0x00,0x00,0x00,0x00,0x00,0x00,0x00,0x00,0x00,0x00,0x00,0x00,0x00,0x00,0x00,0x00,0x00,0x00,0x00,0x00,0x00,0x00,
    0x00,0x00,0x00,0x00,0x00,0x00,0x00,0x00,0x00,0x00,0x00,0x00,0x00,0x00,0x00,0x00,0x00,0x00,0x00,0x00,0x00,0x00,0x00,0x00,
    0x00,0x00,0x00,0x00,0x00,0x00,0x00,0x00,0x00,0x00,0x00,0x00,0x00,0x00,0x00,0x04,0x3d,0x41,0x41,0x41,0x41,0x41,0x41,0x41,
    0x41,0x41,0x41,0x41,0x41,0x41,0x41,0x41,0x41,0x41,0x41,0x41,0x41,0x41,0x41,0x41,0x41,0x41,0x41,0x41,0x41,0x41,0x41,0x41,
    0x41,0x41,0x41,0x41,0x41,0x41,0x41,0x41,0x11,0x00,0x01,0x00,0x00,0x00,0x00,0x00,0x00,0x00,0x00,0x00,0x00,0x00,0x00,0x00,
    0x00,0x00,0x00,0x00,0x00,0x01,0x00,0x12,0xf6,0xff,0xff,0xff,0xff,0xff,0xff,0xff,0xff,0xff,0xff,0xff,0xff,0xff,0xff,0xff,
    0xff,0xff,0xff,0xff,0xff,0xff,0xff,0xff,0xff,0xff,0xff,0xff,0xff,0xff,0xff,0xff,0xff,0xff,0xff,0xff,0xff,0xff,0xff,0xff,
    0x43,0x00,0x03,0x00,0x00,0x00,0x00,0x00,0x00,0x00,0x00,0x00,0x00,0x00,0x00,0x00,0x00,0x00,0x00,0x00,0x00,0x01,0x00,0x12,
    0xf9,0xff,0xff,0xff,0xff,0xff,0xff,0xff,0xff,0xff,0xff,0xff,0xff,0xff,0xff,0xff,0xff,0xff,0xff,0xff,0xff,0xff,0xff,0xff,
    0xff,0xff,0xff,0xff,0xff,0xff,0xff,0xff,0xff,0xff,0xff,0xff,0xff,0xff,0xff,0xff,0x44,0x00,0x03,0x00,0x00,0x00,0x00,0x00,
    0x00,0x00,0x00,0x00,0x00,0x00,0x00,0x00,0x00,0x00,0x00,0x00,0x00,0x01,0x00,0x0d,0xb1,0xbe,0xbd,0xbe,0xbe,0xbe,0xbe,0xbe,
    0xbe,0xbe,0xbe,0xbe,0xbe,0xbe,0xbe,0xbe,0xbe,0xbe,0xbe,0xbe,0xbe,0xbe,0xbe,0xbe,0xbe,0xbe,0xbe,0xbe,0xbe,0xbe,0xbe,0xbe,
    0xbe,0xbe,0xbe,0xbe,0xbe,0xbe,0xbc,0xbe,0x30,0x00,0x02,0x00,0x00,0x00,0x00,0x00,0x00,0x00,0x00,0x00,0x00,0x00,0x00,0x00,
    0x00,0x00,0x00,0x00,0x00,0x00,0x00,0x00,0x00,0x00,0x00,0x00,0x00,0x00,0x00,0x00,0x00,0x00,0x00,0x00,0x00,0x00,0x00,0x00,
    0x00,0x00,0x00,0x00,0x00,0x00,0x00,0x00,0x00,0x00,0x00,0x00,0x00,0x00,0x00,0x00,0x00,0x00,0x00,0x00,0x00,0x00,0x00,0x00,
    0x00,0x00,0x00,0x00,0x00,0x00,0x00,0x00,0x00,0x00,0x00,0x00,0x00,0x00,0x00,0x00,0x00,0x00,0x00,0x00,0x00,0x00,0x00,0x00,
    0x02,0x02,0x02,0x02,0x02,0x02,0x02,0x02,0x02,0x02,0x02,0x02,0x02,0x02,0x02,0x02,0x02,0x02,0x02,0x02,0x02,0x02,0x02,0x02,
    0x02,0x02,0x02,0x02,0x02,0x02,0x02,0x02,0x02,0x02,0x02,0x02,0x02,0x02,0x02,0x02,0x01,0x00,0x00,0x00,0x00,0x00,0x00,0x00,
    0x00,0x00,0x00,0x00,0x00,0x00,0x00,0x00,0x00,0x00,0x00,0x00,0x00,0x00,0x00,0x00,0x00,0x00,0x00,0x00,0x00,0x00,0x00,0x00,
    0x00,0x00,0x00,0x00,0x00,0x00,0x00,0x00,0x00,0x00,0x00,0x00,0x00,0x00,0x00,0x00,0x00,0x00,0x00,0x00,0x00,0x00,0x00,0x00,
    0x00,0x00,0x00,0x00,0x00,0x00,0x00,0x00,0x00,0x00,0x00,0x00,0x00,0x00,0x00,0x00,0x00,0x00,0x00,0x00,0x00,0x00,0x00,0x00,
};

const lv_image_dsc_t weather_icon_fog = {
    .header = {
        .magic = LV_IMAGE_HEADER_MAGIC,
        .cf = LV_COLOR_FORMAT_RGB565A8,
        .flags = 0,
        .w = 64,
        .h = 64,
        .stride = 128,
        .reserved_2 = 0,
    },
    .data_size = sizeof(weather_icon_fog_map),
    .data = weather_icon_fog_map,
    .reserved = NULL,
};
